/*********评级模型   hbtao  20151125********/

-- 往Evaluate_Catalog中添加一个"个人信用等级评分表"评级模型
--select * from evaluate_catalog where modelno='thb2';
INSERT INTO evaluate_catalog (MODELNO,MODELNAME,MODELTYPE,MODELDESCRIBE,TRANSFORMMETHOD,REMARK) VALUES ('thb2',' 个人信用等级评分表','015','','if(#TotalScore<40,"D",if(#TotalScore<45,"C",if(#TotalScore<50,"CC",if(#TotalScore<60,"CCC",if(#TotalScore<65,"B",if(#TotalScore<70,"BB",if(#TotalScore<80,"BBB",if(#TotalScore<85,"A",if(#TotalScore<90,"AA","AAA")))))))))','');

-- 往"个人信用等级评分表"中增加相关字段
--select * from evaluate_model where modelno='thb2';
INSERT INTO evaluate_model (MODELNO,ITEMNO,DISPLAYNO,ITEMNAME,ITEMATTRIBUTE,VALUEMETHOD,VALUECODE,VALUETYPE,EVALUATEMETHOD,COEFFICIENT,REMARK) VALUES ('thb2','1','1','个人基本情况','','','','','',0.000000,'');
INSERT INTO evaluate_model (MODELNO,ITEMNO,DISPLAYNO,ITEMNAME,ITEMATTRIBUTE,VALUEMETHOD,VALUECODE,VALUETYPE,EVALUATEMETHOD,COEFFICIENT,REMARK) VALUES ('thb2','1.1','1.1','年龄','','','贷款申请人年龄','number','if(#ItemValue=1,1,if(#ItemValue=2,2,if(#ItemValue=3,3,if(#ItemValue=4,4,5))))',1.000000,'');
INSERT INTO evaluate_model (MODELNO,ITEMNO,DISPLAYNO,ITEMNAME,ITEMATTRIBUTE,VALUEMETHOD,VALUECODE,VALUETYPE,EVALUATEMETHOD,COEFFICIENT,REMARK) VALUES ('thb2','1.2','1.2','户口','','','户口','number','if(#ItemValue=1,3,0)',1.000000,'');
INSERT INTO evaluate_model (MODELNO,ITEMNO,DISPLAYNO,ITEMNAME,ITEMATTRIBUTE,VALUEMETHOD,VALUECODE,VALUETYPE,EVALUATEMETHOD,COEFFICIENT,REMARK) VALUES ('thb2','1.3','1.3','在本地居住时间','','','在本地居住时间','number','if(#ItemValue=1,0,if(#ItemValue=2,1,if(#ItemValue=3,2,3)))',1.000000,'');
INSERT INTO evaluate_model (MODELNO,ITEMNO,DISPLAYNO,ITEMNAME,ITEMATTRIBUTE,VALUEMETHOD,VALUECODE,VALUETYPE,EVALUATEMETHOD,COEFFICIENT,REMARK) VALUES ('thb2','1.4','1.4','学历新','','','学历新','number','if(#ItemValue=1,4,if(#ItemValue=2,3,if(#ItemValue=3,2,1)))',1.000000,'');
INSERT INTO evaluate_model (MODELNO,ITEMNO,DISPLAYNO,ITEMNAME,ITEMATTRIBUTE,VALUEMETHOD,VALUECODE,VALUETYPE,EVALUATEMETHOD,COEFFICIENT,REMARK) VALUES ('thb2','1.5','1.5','职称新','','','职称新','number','if(#ItemValue=1,3,if(#ItemValue=2,2,1))',1.000000,'');
INSERT INTO evaluate_model (MODELNO,ITEMNO,DISPLAYNO,ITEMNAME,ITEMATTRIBUTE,VALUEMETHOD,VALUECODE,VALUETYPE,EVALUATEMETHOD,COEFFICIENT,REMARK) VALUES ('thb2','1.6','1.6','婚姻状况','','','婚姻状况新','number','if(#ItemValue=1.0,3,if(#ItemValue=1.0,2,1))',1.000000,'');
INSERT INTO evaluate_model (MODELNO,ITEMNO,DISPLAYNO,ITEMNAME,ITEMATTRIBUTE,VALUEMETHOD,VALUECODE,VALUETYPE,EVALUATEMETHOD,COEFFICIENT,REMARK) VALUES ('thb2','1.7','1.7','居住状况','','','居住状况1','number','if(#ItemValue=1.0,3,if(#ItemValue=2,2,if(#ItemValue=3,1,-3)))',1.000000,'');
INSERT INTO evaluate_model (MODELNO,ITEMNO,DISPLAYNO,ITEMNAME,ITEMATTRIBUTE,VALUEMETHOD,VALUECODE,VALUETYPE,EVALUATEMETHOD,COEFFICIENT,REMARK) VALUES ('thb2','2','2','个人就业情况','','','','','',0.000000,'');
INSERT INTO evaluate_model (MODELNO,ITEMNO,DISPLAYNO,ITEMNAME,ITEMATTRIBUTE,VALUEMETHOD,VALUECODE,VALUETYPE,EVALUATEMETHOD,COEFFICIENT,REMARK) VALUES ('thb2','2.1','2.1','行业或企业类别','','','行业或企业类别1','number','if(#ItemValue=1.0,9,if(#ItemValue=2,8,if(#ItemValue=3,7,if(#ItemValue=4,6,if(#ItemValue=5,5,if(#ItemValue=6,4,if(#ItemValue=7,3,if(#ItemValue=8,2,if(#ItemValue=9,1,"")))))))))',1.000000,'');
INSERT INTO evaluate_model (MODELNO,ITEMNO,DISPLAYNO,ITEMNAME,ITEMATTRIBUTE,VALUEMETHOD,VALUECODE,VALUETYPE,EVALUATEMETHOD,COEFFICIENT,REMARK) VALUES ('thb2','2.2','2.2','从事岗位','','','从事岗位1','number','if(#ItemValue=1,7,if(#ItemValue=2,6,5))',1.000000,'');
INSERT INTO evaluate_model (MODELNO,ITEMNO,DISPLAYNO,ITEMNAME,ITEMATTRIBUTE,VALUEMETHOD,VALUECODE,VALUETYPE,EVALUATEMETHOD,COEFFICIENT,REMARK) VALUES ('thb2','2.3','2.3','从事目前行业年限或目前单位工作年限','','','工作年限1','number','if(#ItemValue=1,1,if(#ItemValue=2,2,if(#ItemValue=3,3,if(#ItemValue=4,5,6))))',1.000000,'');
INSERT INTO evaluate_model (MODELNO,ITEMNO,DISPLAYNO,ITEMNAME,ITEMATTRIBUTE,VALUEMETHOD,VALUECODE,VALUETYPE,EVALUATEMETHOD,COEFFICIENT,REMARK) VALUES ('thb2','3','3','个人资产情况','','','','','',0.000000,'');
INSERT INTO evaluate_model (MODELNO,ITEMNO,DISPLAYNO,ITEMNAME,ITEMATTRIBUTE,VALUEMETHOD,VALUECODE,VALUETYPE,EVALUATEMETHOD,COEFFICIENT,REMARK) VALUES ('thb2','3.1','3.1','个人平均月收入','','','个人平均月收入1','number','if(#ItemValue=1.0,12,if(#ItemValue=2,10,if(#ItemValue=3,8,if(#ItemValue=4,6,if(#ItemValue=5,4,if(#ItemValue=6,2,0))))))',1.000000,'');
INSERT INTO evaluate_model (MODELNO,ITEMNO,DISPLAYNO,ITEMNAME,ITEMATTRIBUTE,VALUEMETHOD,VALUECODE,VALUETYPE,EVALUATEMETHOD,COEFFICIENT,REMARK) VALUES ('thb2','3.2','3.2','家庭资产负债比率','','','家庭资产负债比率1','number','if(#ItemValue=1,6,if(#ItemValue=2,3,0))',1.000000,'');
INSERT INTO evaluate_model (MODELNO,ITEMNO,DISPLAYNO,ITEMNAME,ITEMATTRIBUTE,VALUEMETHOD,VALUECODE,VALUETYPE,EVALUATEMETHOD,COEFFICIENT,REMARK) VALUES ('thb2','3.3','3.3','家庭资产总额','','','家庭资产总额1','number','if(#ItemValue=1.0,16,if(#ItemValue=2,14,if(#ItemValue=3,12,if(#ItemValue=4,10,if(#ItemValue=5,8,if(#ItemValue=6,6,if(#ItemValue=7,4,if(#ItemValue=8,2,0))))))))',1.000000,'');
INSERT INTO evaluate_model (MODELNO,ITEMNO,DISPLAYNO,ITEMNAME,ITEMATTRIBUTE,VALUEMETHOD,VALUECODE,VALUETYPE,EVALUATEMETHOD,COEFFICIENT,REMARK) VALUES ('thb2','4','4','个人信用情况','','','','','',0.000000,'');
INSERT INTO evaluate_model (MODELNO,ITEMNO,DISPLAYNO,ITEMNAME,ITEMATTRIBUTE,VALUEMETHOD,VALUECODE,VALUETYPE,EVALUATEMETHOD,COEFFICIENT,REMARK) VALUES ('thb2','4.1','4.1','信用记录','','','信用记录1','number','if(#ItemValue=1.0,10,if(#ItemValue=1.0,9,if(#ItemValue=1.0,8,if(#ItemValue=1.0,6,if(#ItemValue=1.0,5,if(#ItemValue=1.0,4,if(#ItemValue=1.0,0,if(#ItemValue=1.0,-6,if(#ItemValue=1.0,-8,-10)))))))))',1.000000,'');
INSERT INTO evaluate_model (MODELNO,ITEMNO,DISPLAYNO,ITEMNAME,ITEMATTRIBUTE,VALUEMETHOD,VALUECODE,VALUETYPE,EVALUATEMETHOD,COEFFICIENT,REMARK) VALUES ('thb2','4.2','4.2','与我行往来情况','','','与我行往来情况1','number','if(#ItemValue=1.0,5,if(#ItemValue=2,4,if(#ItemValue=3,3,if(#ItemValue=4,2,1))))',1.000000,'');
INSERT INTO evaluate_model (MODELNO,ITEMNO,DISPLAYNO,ITEMNAME,ITEMATTRIBUTE,VALUEMETHOD,VALUECODE,VALUETYPE,EVALUATEMETHOD,COEFFICIENT,REMARK) VALUES ('thb2','5','5','社会公共信息记录','','','','','',0.000000,'');
INSERT INTO evaluate_model (MODELNO,ITEMNO,DISPLAYNO,ITEMNAME,ITEMATTRIBUTE,VALUEMETHOD,VALUECODE,VALUETYPE,EVALUATEMETHOD,COEFFICIENT,REMARK) VALUES ('thb2','5.1','5.1','纳税情况','','','纳税情况1','number','if(#ItemValue=1.0,0,1)',1.000000,'');
INSERT INTO evaluate_model (MODELNO,ITEMNO,DISPLAYNO,ITEMNAME,ITEMATTRIBUTE,VALUEMETHOD,VALUECODE,VALUETYPE,EVALUATEMETHOD,COEFFICIENT,REMARK) VALUES ('thb2','5.2','5.2','投保情况','','','投保情况1','number','if(#ItemValue=1.0,0,if(#ItemValue=2,1,if(#ItemValue=3,0,1)))',1.000000,'');
INSERT INTO evaluate_model (MODELNO,ITEMNO,DISPLAYNO,ITEMNAME,ITEMATTRIBUTE,VALUEMETHOD,VALUECODE,VALUETYPE,EVALUATEMETHOD,COEFFICIENT,REMARK) VALUES ('thb2','5.3','5.3','有无与个人信用有关的民事纠纷','','','有无民事纠纷1','number','if(#ItemValue=1.0,0,1)',1.000000,'');
INSERT INTO evaluate_model (MODELNO,ITEMNO,DISPLAYNO,ITEMNAME,ITEMATTRIBUTE,VALUEMETHOD,VALUECODE,VALUETYPE,EVALUATEMETHOD,COEFFICIENT,REMARK) VALUES ('thb2','5.4','5.4','有无与个人信用有关的行政处罚记录','','','有无行政处罚记录1','number','if(#ItemValue=1.0,0,1)',1.000000,'');

--   往code_catalog中增加代码管理内容
--SELECT * FROM Code_Catalog where codetypetwo = '个人信用等级评估' and sortno in ('00200247','00200248','00200249','00200250','00200251','00200252','00200253','00200254','00200255','00200256','00200257','00200258','00200259','00200260','00200261','00200262') ;
INSERT INTO Code_Catalog (CODENO,SORTNO,CODETYPEONE,CODETYPETWO,CODENAME,CODEDESCRIBE,CODEATTRIBUTE,INPUTUSER,INPUTORG,INPUTTIME,UPDATEUSER,UPDATETIME,REMARK) VALUES ('户口','00200247','2.信用评级','个人信用等级评估','户口','','','SYS_Designer',null,'2015/11/25 15:27:17','SYS_Designer','2015/11/25 15:27:17','');
INSERT INTO Code_Catalog (CODENO,SORTNO,CODETYPEONE,CODETYPETWO,CODENAME,CODEDESCRIBE,CODEATTRIBUTE,INPUTUSER,INPUTORG,INPUTTIME,UPDATEUSER,UPDATETIME,REMARK) VALUES ('在本地居住时间','00200248','2.信用评级','个人信用等级评估','在本地居住时间','','','SYS_Designer',null,'2015/11/25 15:34:11','SYS_Designer','2015/11/25 15:36:02','');
INSERT INTO Code_Catalog (CODENO,SORTNO,CODETYPEONE,CODETYPETWO,CODENAME,CODEDESCRIBE,CODEATTRIBUTE,INPUTUSER,INPUTORG,INPUTTIME,UPDATEUSER,UPDATETIME,REMARK) VALUES ('学历新','00200249','2.信用评级','个人信用等级评估','学历新','','','SYS_Designer',null,'2015/11/25 15:46:06','SYS_Designer','2015/11/25 15:49:00','');
INSERT INTO Code_Catalog (CODENO,SORTNO,CODETYPEONE,CODETYPETWO,CODENAME,CODEDESCRIBE,CODEATTRIBUTE,INPUTUSER,INPUTORG,INPUTTIME,UPDATEUSER,UPDATETIME,REMARK) VALUES ('职称新','00200250','2.信用评级','个人信用等级评估','职称新','','','SYS_Designer',null,'2015/11/25 15:54:11','SYS_Designer','2015/11/25 15:54:11','');
INSERT INTO Code_Catalog (CODENO,SORTNO,CODETYPEONE,CODETYPETWO,CODENAME,CODEDESCRIBE,CODEATTRIBUTE,INPUTUSER,INPUTORG,INPUTTIME,UPDATEUSER,UPDATETIME,REMARK) VALUES ('婚姻状况新','00200251','2.信用评级','个人信用等级评估','婚姻状况新','','','SYS_Designer',null,'2015/11/25 16:01:45','SYS_Designer','2015/11/25 16:01:45','');
INSERT INTO Code_Catalog (CODENO,SORTNO,CODETYPEONE,CODETYPETWO,CODENAME,CODEDESCRIBE,CODEATTRIBUTE,INPUTUSER,INPUTORG,INPUTTIME,UPDATEUSER,UPDATETIME,REMARK) VALUES ('居住状况1','00200252','2.信用评级','个人信用等级评估','居住状况1','','','SYS_Designer',null,'2015/11/25 16:06:46','SYS_Designer','2015/11/25 16:06:46','');
INSERT INTO Code_Catalog (CODENO,SORTNO,CODETYPEONE,CODETYPETWO,CODENAME,CODEDESCRIBE,CODEATTRIBUTE,INPUTUSER,INPUTORG,INPUTTIME,UPDATEUSER,UPDATETIME,REMARK) VALUES ('行业或企业类别1','00200253','2.信用评级','个人信用等级评估','行业或企业类别1','','','SYS_Designer',null,'2015/11/25 16:16:44','SYS_Designer','2015/11/25 16:16:44','');
INSERT INTO Code_Catalog (CODENO,SORTNO,CODETYPEONE,CODETYPETWO,CODENAME,CODEDESCRIBE,CODEATTRIBUTE,INPUTUSER,INPUTORG,INPUTTIME,UPDATEUSER,UPDATETIME,REMARK) VALUES ('工作年限1','00200255','2.信用评级','个人信用等级评估','工作年限1','','','SYS_Designer',null,'2015/11/25 16:39:38','SYS_Designer','2015/11/25 16:39:38','');
INSERT INTO Code_Catalog (CODENO,SORTNO,CODETYPEONE,CODETYPETWO,CODENAME,CODEDESCRIBE,CODEATTRIBUTE,INPUTUSER,INPUTORG,INPUTTIME,UPDATEUSER,UPDATETIME,REMARK) VALUES ('个人平均月收入1','00200256','2.信用评级','个人信用等级评估','个人平均月收入1','','','SYS_Designer',null,'2015/11/25 16:47:50','SYS_Designer','2015/11/25 16:47:50','');
INSERT INTO Code_Catalog (CODENO,SORTNO,CODETYPEONE,CODETYPETWO,CODENAME,CODEDESCRIBE,CODEATTRIBUTE,INPUTUSER,INPUTORG,INPUTTIME,UPDATEUSER,UPDATETIME,REMARK) VALUES ('家庭资产总额1','00200258','2.信用评级','个人信用等级评估','家庭资产总额1','','','SYS_Designer',null,'2015/11/25 17:03:15','SYS_Designer','2015/11/25 17:03:15','');
INSERT INTO Code_Catalog (CODENO,SORTNO,CODETYPEONE,CODETYPETWO,CODENAME,CODEDESCRIBE,CODEATTRIBUTE,INPUTUSER,INPUTORG,INPUTTIME,UPDATEUSER,UPDATETIME,REMARK) VALUES ('信用记录1','00200259','2.信用评级','个人信用等级评估','信用记录1','','','SYS_Designer',null,'2015/11/25 17:13:25','SYS_Designer','2015/11/25 17:13:25','');
INSERT INTO Code_Catalog (CODENO,SORTNO,CODETYPEONE,CODETYPETWO,CODENAME,CODEDESCRIBE,CODEATTRIBUTE,INPUTUSER,INPUTORG,INPUTTIME,UPDATEUSER,UPDATETIME,REMARK) VALUES ('与我行往来情况1','00200260','2.信用评级','个人信用等级评估','与我行往来情况1','','','SYS_Designer',null,'2015/11/25 17:20:57','SYS_Designer','2015/11/25 17:20:57','');
INSERT INTO Code_Catalog (CODENO,SORTNO,CODETYPEONE,CODETYPETWO,CODENAME,CODEDESCRIBE,CODEATTRIBUTE,INPUTUSER,INPUTORG,INPUTTIME,UPDATEUSER,UPDATETIME,REMARK) VALUES ('纳税情况1','00200261','2.信用评级','个人信用等级评估','纳税情况1','','','SYS_Designer',null,'2015/11/25 17:24:17','SYS_Designer','2015/11/25 17:24:17','');
INSERT INTO Code_Catalog (CODENO,SORTNO,CODETYPEONE,CODETYPETWO,CODENAME,CODEDESCRIBE,CODEATTRIBUTE,INPUTUSER,INPUTORG,INPUTTIME,UPDATEUSER,UPDATETIME,REMARK) VALUES ('投保情况1','00200262','2.信用评级','个人信用等级评估','投保情况1','','','SYS_Designer',null,'2015/11/25 17:29:19','SYS_Designer','2015/11/25 17:29:19','');
INSERT INTO Code_Catalog (CODENO,SORTNO,CODETYPEONE,CODETYPETWO,CODENAME,CODEDESCRIBE,CODEATTRIBUTE,INPUTUSER,INPUTORG,INPUTTIME,UPDATEUSER,UPDATETIME,REMARK) VALUES ('有无民事纠纷1','00200263','2.信用评级','个人信用等级评估','有无民事纠纷1','','','SYS_Designer',null,'2015/11/25 17:30:56','SYS_Designer','2015/11/25 17:30:56','');
INSERT INTO Code_Catalog (CODENO,SORTNO,CODETYPEONE,CODETYPETWO,CODENAME,CODEDESCRIBE,CODEATTRIBUTE,INPUTUSER,INPUTORG,INPUTTIME,UPDATEUSER,UPDATETIME,REMARK) VALUES ('有无行政处罚记录1','00200264','2.信用评级','个人信用等级评估','有无行政处罚记录1','','','SYS_Designer',null,'2015/11/25 17:32:37','SYS_Designer','2015/11/25 17:32:37','');
INSERT INTO Code_Catalog (CODENO,SORTNO,CODETYPEONE,CODETYPETWO,CODENAME,CODEDESCRIBE,CODEATTRIBUTE,INPUTUSER,INPUTORG,INPUTTIME,UPDATEUSER,UPDATETIME,REMARK) VALUES ('复制个人平均月收入1','00200265','2.信用评级','个人信用等级评估','个人平均月收入1','','','SYS_Designer',null,'2015/11/25 19:02:22','SYS_Designer','2015/11/25 19:02:22','');
INSERT INTO Code_Catalog (CODENO,SORTNO,CODETYPEONE,CODETYPETWO,CODENAME,CODEDESCRIBE,CODEATTRIBUTE,INPUTUSER,INPUTORG,INPUTTIME,UPDATEUSER,UPDATETIME,REMARK) VALUES ('从事岗位1','00200254','2.信用评级','个人信用等级评估','从事岗位1','','','SYS_Designer',null,'2015/11/25 19:20:58','SYS_Designer','2015/11/25 19:24:30','');
INSERT INTO Code_Catalog (CODENO,SORTNO,CODETYPEONE,CODETYPETWO,CODENAME,CODEDESCRIBE,CODEATTRIBUTE,INPUTUSER,INPUTORG,INPUTTIME,UPDATEUSER,UPDATETIME,REMARK) VALUES ('家庭资产负债比率1','00200257','2.信用评级','个人信用等级评估','家庭资产负债比率1','','','SYS_Designer',null,'2015/11/25 19:27:08','SYS_Designer','2015/11/25 19:27:08','');

-- 往Code_Catalog中增加的代码管理中增加对应项的内容
INSERT INTO code_library (CODENO,ITEMNO,ITEMNAME,BANKNO,SORTNO,ISINUSE,ITEMDESCRIBE,ITEMATTRIBUTE,RELATIVECODE,ATTRIBUTE1,ATTRIBUTE2,ATTRIBUTE3,ATTRIBUTE4,ATTRIBUTE5,ATTRIBUTE6,ATTRIBUTE7,ATTRIBUTE8,INPUTUSER,INPUTORG,INPUTTIME,UPDATEUSER,UPDATETIME,REMARK,HELPTEXT) VALUES ('户口','01','本地常住户口或有本地居住证','','01','1','','','','','','','','','','','','SYS_Designer',null,'2015/11/25 15:28:44','SYS_Designer','2015/11/25 15:28:44','','');
INSERT INTO code_library (CODENO,ITEMNO,ITEMNAME,BANKNO,SORTNO,ISINUSE,ITEMDESCRIBE,ITEMATTRIBUTE,RELATIVECODE,ATTRIBUTE1,ATTRIBUTE2,ATTRIBUTE3,ATTRIBUTE4,ATTRIBUTE5,ATTRIBUTE6,ATTRIBUTE7,ATTRIBUTE8,INPUTUSER,INPUTORG,INPUTTIME,UPDATEUSER,UPDATETIME,REMARK,HELPTEXT) VALUES ('户口','02','非本地户口','','02','1','','','','','','','','','','','','SYS_Designer',null,'2015/11/25 15:28:44','SYS_Designer','2015/11/25 15:28:44','','');
INSERT INTO code_library (CODENO,ITEMNO,ITEMNAME,BANKNO,SORTNO,ISINUSE,ITEMDESCRIBE,ITEMATTRIBUTE,RELATIVECODE,ATTRIBUTE1,ATTRIBUTE2,ATTRIBUTE3,ATTRIBUTE4,ATTRIBUTE5,ATTRIBUTE6,ATTRIBUTE7,ATTRIBUTE8,INPUTUSER,INPUTORG,INPUTTIME,UPDATEUSER,UPDATETIME,REMARK,HELPTEXT) VALUES ('在本地居住时间','01','2年以下','','01','1','','','','','','','','','','','','SYS_Designer',null,'2015/11/25 15:37:25','SYS_Designer','2015/11/25 15:37:25','','');
INSERT INTO code_library (CODENO,ITEMNO,ITEMNAME,BANKNO,SORTNO,ISINUSE,ITEMDESCRIBE,ITEMATTRIBUTE,RELATIVECODE,ATTRIBUTE1,ATTRIBUTE2,ATTRIBUTE3,ATTRIBUTE4,ATTRIBUTE5,ATTRIBUTE6,ATTRIBUTE7,ATTRIBUTE8,INPUTUSER,INPUTORG,INPUTTIME,UPDATEUSER,UPDATETIME,REMARK,HELPTEXT) VALUES ('在本地居住时间','02','2年－3年(含2年)','','02','1','','','','','','','','','','','','SYS_Designer',null,'2015/11/25 15:37:25','SYS_Designer','2015/11/25 15:37:25','','');
INSERT INTO code_library (CODENO,ITEMNO,ITEMNAME,BANKNO,SORTNO,ISINUSE,ITEMDESCRIBE,ITEMATTRIBUTE,RELATIVECODE,ATTRIBUTE1,ATTRIBUTE2,ATTRIBUTE3,ATTRIBUTE4,ATTRIBUTE5,ATTRIBUTE6,ATTRIBUTE7,ATTRIBUTE8,INPUTUSER,INPUTORG,INPUTTIME,UPDATEUSER,UPDATETIME,REMARK,HELPTEXT) VALUES ('在本地居住时间','03','3年－5年(含3年)','','03','1','','','','','','','','','','','','SYS_Designer',null,'2015/11/25 15:37:25','SYS_Designer','2015/11/25 15:37:25','','');
INSERT INTO code_library (CODENO,ITEMNO,ITEMNAME,BANKNO,SORTNO,ISINUSE,ITEMDESCRIBE,ITEMATTRIBUTE,RELATIVECODE,ATTRIBUTE1,ATTRIBUTE2,ATTRIBUTE3,ATTRIBUTE4,ATTRIBUTE5,ATTRIBUTE6,ATTRIBUTE7,ATTRIBUTE8,INPUTUSER,INPUTORG,INPUTTIME,UPDATEUSER,UPDATETIME,REMARK,HELPTEXT) VALUES ('在本地居住时间','04','5年以上(含5年)','','04','1','','','','','','','','','','','','SYS_Designer',null,'2015/11/25 15:37:25','SYS_Designer','2015/11/25 15:37:25','','');
INSERT INTO code_library (CODENO,ITEMNO,ITEMNAME,BANKNO,SORTNO,ISINUSE,ITEMDESCRIBE,ITEMATTRIBUTE,RELATIVECODE,ATTRIBUTE1,ATTRIBUTE2,ATTRIBUTE3,ATTRIBUTE4,ATTRIBUTE5,ATTRIBUTE6,ATTRIBUTE7,ATTRIBUTE8,INPUTUSER,INPUTORG,INPUTTIME,UPDATEUSER,UPDATETIME,REMARK,HELPTEXT) VALUES ('学历新','02','大学本科','','02','1','','','','','','','','','','','','SYS_Designer',null,'2015/11/25 15:50:30','SYS_Designer','2015/11/25 15:50:30','','');
INSERT INTO code_library (CODENO,ITEMNO,ITEMNAME,BANKNO,SORTNO,ISINUSE,ITEMDESCRIBE,ITEMATTRIBUTE,RELATIVECODE,ATTRIBUTE1,ATTRIBUTE2,ATTRIBUTE3,ATTRIBUTE4,ATTRIBUTE5,ATTRIBUTE6,ATTRIBUTE7,ATTRIBUTE8,INPUTUSER,INPUTORG,INPUTTIME,UPDATEUSER,UPDATETIME,REMARK,HELPTEXT) VALUES ('学历新','03','大专','','03','1','','','','','','','','','','','','SYS_Designer',null,'2015/11/25 15:50:30','SYS_Designer','2015/11/25 15:50:30','','');
INSERT INTO code_library (CODENO,ITEMNO,ITEMNAME,BANKNO,SORTNO,ISINUSE,ITEMDESCRIBE,ITEMATTRIBUTE,RELATIVECODE,ATTRIBUTE1,ATTRIBUTE2,ATTRIBUTE3,ATTRIBUTE4,ATTRIBUTE5,ATTRIBUTE6,ATTRIBUTE7,ATTRIBUTE8,INPUTUSER,INPUTORG,INPUTTIME,UPDATEUSER,UPDATETIME,REMARK,HELPTEXT) VALUES ('学历新','04','高中或其他','','04','1','','','','','','','','','','','','SYS_Designer',null,'2015/11/25 15:50:30','SYS_Designer','2015/11/25 15:50:30','','');
INSERT INTO code_library (CODENO,ITEMNO,ITEMNAME,BANKNO,SORTNO,ISINUSE,ITEMDESCRIBE,ITEMATTRIBUTE,RELATIVECODE,ATTRIBUTE1,ATTRIBUTE2,ATTRIBUTE3,ATTRIBUTE4,ATTRIBUTE5,ATTRIBUTE6,ATTRIBUTE7,ATTRIBUTE8,INPUTUSER,INPUTORG,INPUTTIME,UPDATEUSER,UPDATETIME,REMARK,HELPTEXT) VALUES ('职称新','01','高级职称','','01','1','','','','','','','','','','','','SYS_Designer',null,'2015/11/25 15:54:55','SYS_Designer','2015/11/25 15:54:55','','');
INSERT INTO code_library (CODENO,ITEMNO,ITEMNAME,BANKNO,SORTNO,ISINUSE,ITEMDESCRIBE,ITEMATTRIBUTE,RELATIVECODE,ATTRIBUTE1,ATTRIBUTE2,ATTRIBUTE3,ATTRIBUTE4,ATTRIBUTE5,ATTRIBUTE6,ATTRIBUTE7,ATTRIBUTE8,INPUTUSER,INPUTORG,INPUTTIME,UPDATEUSER,UPDATETIME,REMARK,HELPTEXT) VALUES ('职称新','02','中级职称','','02','1','','','','','','','','','','','','SYS_Designer',null,'2015/11/25 15:54:55','SYS_Designer','2015/11/25 15:54:55','','');
INSERT INTO code_library (CODENO,ITEMNO,ITEMNAME,BANKNO,SORTNO,ISINUSE,ITEMDESCRIBE,ITEMATTRIBUTE,RELATIVECODE,ATTRIBUTE1,ATTRIBUTE2,ATTRIBUTE3,ATTRIBUTE4,ATTRIBUTE5,ATTRIBUTE6,ATTRIBUTE7,ATTRIBUTE8,INPUTUSER,INPUTORG,INPUTTIME,UPDATEUSER,UPDATETIME,REMARK,HELPTEXT) VALUES ('职称新','03','初级职称','','03','1','','','','','','','','','','','','SYS_Designer',null,'2015/11/25 15:54:55','SYS_Designer','2015/11/25 15:54:55','','');
INSERT INTO code_library (CODENO,ITEMNO,ITEMNAME,BANKNO,SORTNO,ISINUSE,ITEMDESCRIBE,ITEMATTRIBUTE,RELATIVECODE,ATTRIBUTE1,ATTRIBUTE2,ATTRIBUTE3,ATTRIBUTE4,ATTRIBUTE5,ATTRIBUTE6,ATTRIBUTE7,ATTRIBUTE8,INPUTUSER,INPUTORG,INPUTTIME,UPDATEUSER,UPDATETIME,REMARK,HELPTEXT) VALUES ('婚姻状况新','01','已婚有子女','','01','1','','','','','','','','','','','','SYS_Designer',null,'2015/11/25 16:02:45','SYS_Designer','2015/11/25 16:02:45','','');
INSERT INTO code_library (CODENO,ITEMNO,ITEMNAME,BANKNO,SORTNO,ISINUSE,ITEMDESCRIBE,ITEMATTRIBUTE,RELATIVECODE,ATTRIBUTE1,ATTRIBUTE2,ATTRIBUTE3,ATTRIBUTE4,ATTRIBUTE5,ATTRIBUTE6,ATTRIBUTE7,ATTRIBUTE8,INPUTUSER,INPUTORG,INPUTTIME,UPDATEUSER,UPDATETIME,REMARK,HELPTEXT) VALUES ('婚姻状况新','02','已婚无子女','','02','1','','','','','','','','','','','','SYS_Designer',null,'2015/11/25 16:02:45','SYS_Designer','2015/11/25 16:02:45','','');
INSERT INTO code_library (CODENO,ITEMNO,ITEMNAME,BANKNO,SORTNO,ISINUSE,ITEMDESCRIBE,ITEMATTRIBUTE,RELATIVECODE,ATTRIBUTE1,ATTRIBUTE2,ATTRIBUTE3,ATTRIBUTE4,ATTRIBUTE5,ATTRIBUTE6,ATTRIBUTE7,ATTRIBUTE8,INPUTUSER,INPUTORG,INPUTTIME,UPDATEUSER,UPDATETIME,REMARK,HELPTEXT) VALUES ('婚姻状况新','03','未婚','','03','1','','','','','','','','','','','','SYS_Designer',null,'2015/11/25 16:02:45','SYS_Designer','2015/11/25 16:02:45','','');
INSERT INTO code_library (CODENO,ITEMNO,ITEMNAME,BANKNO,SORTNO,ISINUSE,ITEMDESCRIBE,ITEMATTRIBUTE,RELATIVECODE,ATTRIBUTE1,ATTRIBUTE2,ATTRIBUTE3,ATTRIBUTE4,ATTRIBUTE5,ATTRIBUTE6,ATTRIBUTE7,ATTRIBUTE8,INPUTUSER,INPUTORG,INPUTTIME,UPDATEUSER,UPDATETIME,REMARK,HELPTEXT) VALUES ('居住状况1','01','自置商品房','','01','1','','','','','','','','','','','','SYS_Designer',null,'2015/11/25 16:07:56','SYS_Designer','2015/11/25 16:07:56','','');
INSERT INTO code_library (CODENO,ITEMNO,ITEMNAME,BANKNO,SORTNO,ISINUSE,ITEMDESCRIBE,ITEMATTRIBUTE,RELATIVECODE,ATTRIBUTE1,ATTRIBUTE2,ATTRIBUTE3,ATTRIBUTE4,ATTRIBUTE5,ATTRIBUTE6,ATTRIBUTE7,ATTRIBUTE8,INPUTUSER,INPUTORG,INPUTTIME,UPDATEUSER,UPDATETIME,REMARK,HELPTEXT) VALUES ('居住状况1','02','单位福利分房(含房改房)','','02','1','','','','','','','','','','','','SYS_Designer',null,'2015/11/25 16:07:56','SYS_Designer','2015/11/25 16:07:56','','');
INSERT INTO code_library (CODENO,ITEMNO,ITEMNAME,BANKNO,SORTNO,ISINUSE,ITEMDESCRIBE,ITEMATTRIBUTE,RELATIVECODE,ATTRIBUTE1,ATTRIBUTE2,ATTRIBUTE3,ATTRIBUTE4,ATTRIBUTE5,ATTRIBUTE6,ATTRIBUTE7,ATTRIBUTE8,INPUTUSER,INPUTORG,INPUTTIME,UPDATEUSER,UPDATETIME,REMARK,HELPTEXT) VALUES ('居住状况1','03','自置商品房（正在按揭或抵押中）','','03','1','','','','','','','','','','','','SYS_Designer',null,'2015/11/25 16:07:56','SYS_Designer','2015/11/25 16:07:56','','');
INSERT INTO code_library (CODENO,ITEMNO,ITEMNAME,BANKNO,SORTNO,ISINUSE,ITEMDESCRIBE,ITEMATTRIBUTE,RELATIVECODE,ATTRIBUTE1,ATTRIBUTE2,ATTRIBUTE3,ATTRIBUTE4,ATTRIBUTE5,ATTRIBUTE6,ATTRIBUTE7,ATTRIBUTE8,INPUTUSER,INPUTORG,INPUTTIME,UPDATEUSER,UPDATETIME,REMARK,HELPTEXT) VALUES ('居住状况1','04','租、借商品房','','04','1','','','','','','','','','','','','SYS_Designer',null,'2015/11/25 16:07:56','SYS_Designer','2015/11/25 16:07:56','','');
INSERT INTO code_library (CODENO,ITEMNO,ITEMNAME,BANKNO,SORTNO,ISINUSE,ITEMDESCRIBE,ITEMATTRIBUTE,RELATIVECODE,ATTRIBUTE1,ATTRIBUTE2,ATTRIBUTE3,ATTRIBUTE4,ATTRIBUTE5,ATTRIBUTE6,ATTRIBUTE7,ATTRIBUTE8,INPUTUSER,INPUTORG,INPUTTIME,UPDATEUSER,UPDATETIME,REMARK,HELPTEXT) VALUES ('行业或企业类别1','01','公务员、全额拨款事业单位、银行、电力、电信、石油、烟草行业中由国有资本出资或控股企业、单位的正式职工','','01','1','','','','','','','','','','','','SYS_Designer',null,'2015/11/25 16:19:58','SYS_Designer','2015/11/25 16:19:58','','');
INSERT INTO code_library (CODENO,ITEMNO,ITEMNAME,BANKNO,SORTNO,ISINUSE,ITEMDESCRIBE,ITEMATTRIBUTE,RELATIVECODE,ATTRIBUTE1,ATTRIBUTE2,ATTRIBUTE3,ATTRIBUTE4,ATTRIBUTE5,ATTRIBUTE6,ATTRIBUTE7,ATTRIBUTE8,INPUTUSER,INPUTORG,INPUTTIME,UPDATEUSER,UPDATETIME,REMARK,HELPTEXT) VALUES ('行业或企业类别1','02','国有资本出资或控股大中型企业、上市公司','','02','1','','','','','','','','','','','','SYS_Designer',null,'2015/11/25 16:19:58','SYS_Designer','2015/11/25 16:19:58','','');
INSERT INTO code_library (CODENO,ITEMNO,ITEMNAME,BANKNO,SORTNO,ISINUSE,ITEMDESCRIBE,ITEMATTRIBUTE,RELATIVECODE,ATTRIBUTE1,ATTRIBUTE2,ATTRIBUTE3,ATTRIBUTE4,ATTRIBUTE5,ATTRIBUTE6,ATTRIBUTE7,ATTRIBUTE8,INPUTUSER,INPUTORG,INPUTTIME,UPDATEUSER,UPDATETIME,REMARK,HELPTEXT) VALUES ('行业或企业类别1','03','企业产值在7000万元以上或个体经营户销售收入在350万元以上','','03','1','','','','','','','','','','','','SYS_Designer',null,'2015/11/25 16:19:58','SYS_Designer','2015/11/25 16:19:58','','');
INSERT INTO code_library (CODENO,ITEMNO,ITEMNAME,BANKNO,SORTNO,ISINUSE,ITEMDESCRIBE,ITEMATTRIBUTE,RELATIVECODE,ATTRIBUTE1,ATTRIBUTE2,ATTRIBUTE3,ATTRIBUTE4,ATTRIBUTE5,ATTRIBUTE6,ATTRIBUTE7,ATTRIBUTE8,INPUTUSER,INPUTORG,INPUTTIME,UPDATEUSER,UPDATETIME,REMARK,HELPTEXT) VALUES ('行业或企业类别1','04','企业产值在6000万元以上或个体经营户销售收入在300万元以上','','04','1','','','','','','','','','','','','SYS_Designer',null,'2015/11/25 16:19:58','SYS_Designer','2015/11/25 16:19:58','','');
INSERT INTO code_library (CODENO,ITEMNO,ITEMNAME,BANKNO,SORTNO,ISINUSE,ITEMDESCRIBE,ITEMATTRIBUTE,RELATIVECODE,ATTRIBUTE1,ATTRIBUTE2,ATTRIBUTE3,ATTRIBUTE4,ATTRIBUTE5,ATTRIBUTE6,ATTRIBUTE7,ATTRIBUTE8,INPUTUSER,INPUTORG,INPUTTIME,UPDATEUSER,UPDATETIME,REMARK,HELPTEXT) VALUES ('行业或企业类别1','05','企业产值在5000万元以上或个体经营户销售收入在250万元以上','','05','1','','','','','','','','','','','','SYS_Designer',null,'2015/11/25 16:19:58','SYS_Designer','2015/11/25 16:19:58','','');
INSERT INTO code_library (CODENO,ITEMNO,ITEMNAME,BANKNO,SORTNO,ISINUSE,ITEMDESCRIBE,ITEMATTRIBUTE,RELATIVECODE,ATTRIBUTE1,ATTRIBUTE2,ATTRIBUTE3,ATTRIBUTE4,ATTRIBUTE5,ATTRIBUTE6,ATTRIBUTE7,ATTRIBUTE8,INPUTUSER,INPUTORG,INPUTTIME,UPDATEUSER,UPDATETIME,REMARK,HELPTEXT) VALUES ('行业或企业类别1','06','企业产值在4000万元以上或个体经营户销售收入在200万元以上','','06','1','','','','','','','','','','','','SYS_Designer',null,'2015/11/25 16:19:58','SYS_Designer','2015/11/25 16:19:58','','');
INSERT INTO code_library (CODENO,ITEMNO,ITEMNAME,BANKNO,SORTNO,ISINUSE,ITEMDESCRIBE,ITEMATTRIBUTE,RELATIVECODE,ATTRIBUTE1,ATTRIBUTE2,ATTRIBUTE3,ATTRIBUTE4,ATTRIBUTE5,ATTRIBUTE6,ATTRIBUTE7,ATTRIBUTE8,INPUTUSER,INPUTORG,INPUTTIME,UPDATEUSER,UPDATETIME,REMARK,HELPTEXT) VALUES ('行业或企业类别1','07','企业产值在3000万元以上或个体经营户销售收入在150万元以上','','07','1','','','','','','','','','','','','SYS_Designer',null,'2015/11/25 16:19:58','SYS_Designer','2015/11/25 16:19:58','','');
INSERT INTO code_library (CODENO,ITEMNO,ITEMNAME,BANKNO,SORTNO,ISINUSE,ITEMDESCRIBE,ITEMATTRIBUTE,RELATIVECODE,ATTRIBUTE1,ATTRIBUTE2,ATTRIBUTE3,ATTRIBUTE4,ATTRIBUTE5,ATTRIBUTE6,ATTRIBUTE7,ATTRIBUTE8,INPUTUSER,INPUTORG,INPUTTIME,UPDATEUSER,UPDATETIME,REMARK,HELPTEXT) VALUES ('行业或企业类别1','08','企业产值在2000万元以上或个体经营户销售收入在100万元以上','','08','1','','','','','','','','','','','','SYS_Designer',null,'2015/11/25 16:19:58','SYS_Designer','2015/11/25 16:19:58','','');
INSERT INTO code_library (CODENO,ITEMNO,ITEMNAME,BANKNO,SORTNO,ISINUSE,ITEMDESCRIBE,ITEMATTRIBUTE,RELATIVECODE,ATTRIBUTE1,ATTRIBUTE2,ATTRIBUTE3,ATTRIBUTE4,ATTRIBUTE5,ATTRIBUTE6,ATTRIBUTE7,ATTRIBUTE8,INPUTUSER,INPUTORG,INPUTTIME,UPDATEUSER,UPDATETIME,REMARK,HELPTEXT) VALUES ('行业或企业类别1','09','企业产值1000万元以上或个体经营户销售收入在50万元以上','','09','1','','','','','','','','','','','','SYS_Designer',null,'2015/11/25 16:19:58','SYS_Designer','2015/11/25 16:19:58','','');
INSERT INTO code_library (CODENO,ITEMNO,ITEMNAME,BANKNO,SORTNO,ISINUSE,ITEMDESCRIBE,ITEMATTRIBUTE,RELATIVECODE,ATTRIBUTE1,ATTRIBUTE2,ATTRIBUTE3,ATTRIBUTE4,ATTRIBUTE5,ATTRIBUTE6,ATTRIBUTE7,ATTRIBUTE8,INPUTUSER,INPUTORG,INPUTTIME,UPDATEUSER,UPDATETIME,REMARK,HELPTEXT) VALUES ('学历2','02','本科生','','02','1','','','','','','','','','','','','SYS_Designer',null,'2015/11/26 10:16:10','SYS_Designer','2015/11/26 10:16:10','','');
INSERT INTO code_library (CODENO,ITEMNO,ITEMNAME,BANKNO,SORTNO,ISINUSE,ITEMDESCRIBE,ITEMATTRIBUTE,RELATIVECODE,ATTRIBUTE1,ATTRIBUTE2,ATTRIBUTE3,ATTRIBUTE4,ATTRIBUTE5,ATTRIBUTE6,ATTRIBUTE7,ATTRIBUTE8,INPUTUSER,INPUTORG,INPUTTIME,UPDATEUSER,UPDATETIME,REMARK,HELPTEXT) VALUES ('工作年限1','01','1年以下（含1年）','','01','1','','','','','','','','','','','','SYS_Designer',null,'2015/11/25 16:42:48','SYS_Designer','2015/11/25 16:42:48','','');
INSERT INTO code_library (CODENO,ITEMNO,ITEMNAME,BANKNO,SORTNO,ISINUSE,ITEMDESCRIBE,ITEMATTRIBUTE,RELATIVECODE,ATTRIBUTE1,ATTRIBUTE2,ATTRIBUTE3,ATTRIBUTE4,ATTRIBUTE5,ATTRIBUTE6,ATTRIBUTE7,ATTRIBUTE8,INPUTUSER,INPUTORG,INPUTTIME,UPDATEUSER,UPDATETIME,REMARK,HELPTEXT) VALUES ('工作年限1','02','2年－3年（含3年)','','02','1','','','','','','','','','','','','SYS_Designer',null,'2015/11/25 16:42:48','SYS_Designer','2015/11/25 16:42:48','','');
INSERT INTO code_library (CODENO,ITEMNO,ITEMNAME,BANKNO,SORTNO,ISINUSE,ITEMDESCRIBE,ITEMATTRIBUTE,RELATIVECODE,ATTRIBUTE1,ATTRIBUTE2,ATTRIBUTE3,ATTRIBUTE4,ATTRIBUTE5,ATTRIBUTE6,ATTRIBUTE7,ATTRIBUTE8,INPUTUSER,INPUTORG,INPUTTIME,UPDATEUSER,UPDATETIME,REMARK,HELPTEXT) VALUES ('工作年限1','03','3年－5年(含5年)','','03','1','','','','','','','','','','','','SYS_Designer',null,'2015/11/25 16:42:48','SYS_Designer','2015/11/25 16:42:48','','');
INSERT INTO code_library (CODENO,ITEMNO,ITEMNAME,BANKNO,SORTNO,ISINUSE,ITEMDESCRIBE,ITEMATTRIBUTE,RELATIVECODE,ATTRIBUTE1,ATTRIBUTE2,ATTRIBUTE3,ATTRIBUTE4,ATTRIBUTE5,ATTRIBUTE6,ATTRIBUTE7,ATTRIBUTE8,INPUTUSER,INPUTORG,INPUTTIME,UPDATEUSER,UPDATETIME,REMARK,HELPTEXT) VALUES ('工作年限1','04','5年－10年（含10年）','','04','1','','','','','','','','','','','','SYS_Designer',null,'2015/11/25 16:42:48','SYS_Designer','2015/11/25 16:42:48','','');
INSERT INTO code_library (CODENO,ITEMNO,ITEMNAME,BANKNO,SORTNO,ISINUSE,ITEMDESCRIBE,ITEMATTRIBUTE,RELATIVECODE,ATTRIBUTE1,ATTRIBUTE2,ATTRIBUTE3,ATTRIBUTE4,ATTRIBUTE5,ATTRIBUTE6,ATTRIBUTE7,ATTRIBUTE8,INPUTUSER,INPUTORG,INPUTTIME,UPDATEUSER,UPDATETIME,REMARK,HELPTEXT) VALUES ('工作年限1','05','10年以上','','05','1','','','','','','','','','','','','SYS_Designer',null,'2015/11/25 16:42:48','SYS_Designer','2015/11/25 16:42:48','','');
INSERT INTO code_library (CODENO,ITEMNO,ITEMNAME,BANKNO,SORTNO,ISINUSE,ITEMDESCRIBE,ITEMATTRIBUTE,RELATIVECODE,ATTRIBUTE1,ATTRIBUTE2,ATTRIBUTE3,ATTRIBUTE4,ATTRIBUTE5,ATTRIBUTE6,ATTRIBUTE7,ATTRIBUTE8,INPUTUSER,INPUTORG,INPUTTIME,UPDATEUSER,UPDATETIME,REMARK,HELPTEXT) VALUES ('个人平均月收入1','01','10000元（含）以上','','01','1','','','','','','','','','','','','SYS_Designer',null,'2015/11/25 16:49:52','SYS_Designer','2015/11/25 16:49:52','','');
INSERT INTO code_library (CODENO,ITEMNO,ITEMNAME,BANKNO,SORTNO,ISINUSE,ITEMDESCRIBE,ITEMATTRIBUTE,RELATIVECODE,ATTRIBUTE1,ATTRIBUTE2,ATTRIBUTE3,ATTRIBUTE4,ATTRIBUTE5,ATTRIBUTE6,ATTRIBUTE7,ATTRIBUTE8,INPUTUSER,INPUTORG,INPUTTIME,UPDATEUSER,UPDATETIME,REMARK,HELPTEXT) VALUES ('个人平均月收入1','02','8000（含）－10000元','','02','1','','','','','','','','','','','','SYS_Designer',null,'2015/11/25 16:49:52','SYS_Designer','2015/11/25 16:49:52','','');
INSERT INTO code_library (CODENO,ITEMNO,ITEMNAME,BANKNO,SORTNO,ISINUSE,ITEMDESCRIBE,ITEMATTRIBUTE,RELATIVECODE,ATTRIBUTE1,ATTRIBUTE2,ATTRIBUTE3,ATTRIBUTE4,ATTRIBUTE5,ATTRIBUTE6,ATTRIBUTE7,ATTRIBUTE8,INPUTUSER,INPUTORG,INPUTTIME,UPDATEUSER,UPDATETIME,REMARK,HELPTEXT) VALUES ('个人平均月收入1','03','6000（含）－8000元','','03','1','','','','','','','','','','','','SYS_Designer',null,'2015/11/25 16:49:52','SYS_Designer','2015/11/25 16:49:52','','');
INSERT INTO code_library (CODENO,ITEMNO,ITEMNAME,BANKNO,SORTNO,ISINUSE,ITEMDESCRIBE,ITEMATTRIBUTE,RELATIVECODE,ATTRIBUTE1,ATTRIBUTE2,ATTRIBUTE3,ATTRIBUTE4,ATTRIBUTE5,ATTRIBUTE6,ATTRIBUTE7,ATTRIBUTE8,INPUTUSER,INPUTORG,INPUTTIME,UPDATEUSER,UPDATETIME,REMARK,HELPTEXT) VALUES ('个人平均月收入1','04','4000（含）－6000元','','04','1','','','','','','','','','','','','SYS_Designer',null,'2015/11/25 16:49:52','SYS_Designer','2015/11/25 16:49:52','','');
INSERT INTO code_library (CODENO,ITEMNO,ITEMNAME,BANKNO,SORTNO,ISINUSE,ITEMDESCRIBE,ITEMATTRIBUTE,RELATIVECODE,ATTRIBUTE1,ATTRIBUTE2,ATTRIBUTE3,ATTRIBUTE4,ATTRIBUTE5,ATTRIBUTE6,ATTRIBUTE7,ATTRIBUTE8,INPUTUSER,INPUTORG,INPUTTIME,UPDATEUSER,UPDATETIME,REMARK,HELPTEXT) VALUES ('个人平均月收入1','05','2000（含）－4000元','','05','1','','','','','','','','','','','','SYS_Designer',null,'2015/11/25 16:49:52','SYS_Designer','2015/11/25 16:49:52','','');
INSERT INTO code_library (CODENO,ITEMNO,ITEMNAME,BANKNO,SORTNO,ISINUSE,ITEMDESCRIBE,ITEMATTRIBUTE,RELATIVECODE,ATTRIBUTE1,ATTRIBUTE2,ATTRIBUTE3,ATTRIBUTE4,ATTRIBUTE5,ATTRIBUTE6,ATTRIBUTE7,ATTRIBUTE8,INPUTUSER,INPUTORG,INPUTTIME,UPDATEUSER,UPDATETIME,REMARK,HELPTEXT) VALUES ('个人平均月收入1','06','1000（含）－2000元','','6','1','','','','','','','','','','','','SYS_Designer',null,'2015/11/25 16:49:52','SYS_Designer','2015/11/25 16:49:52','','');
INSERT INTO code_library (CODENO,ITEMNO,ITEMNAME,BANKNO,SORTNO,ISINUSE,ITEMDESCRIBE,ITEMATTRIBUTE,RELATIVECODE,ATTRIBUTE1,ATTRIBUTE2,ATTRIBUTE3,ATTRIBUTE4,ATTRIBUTE5,ATTRIBUTE6,ATTRIBUTE7,ATTRIBUTE8,INPUTUSER,INPUTORG,INPUTTIME,UPDATEUSER,UPDATETIME,REMARK,HELPTEXT) VALUES ('个人平均月收入1','07','不足1000元','','7','1','','','','','','','','','','','','SYS_Designer',null,'2015/11/25 16:49:52','SYS_Designer','2015/11/25 16:49:52','','');
INSERT INTO code_library (CODENO,ITEMNO,ITEMNAME,BANKNO,SORTNO,ISINUSE,ITEMDESCRIBE,ITEMATTRIBUTE,RELATIVECODE,ATTRIBUTE1,ATTRIBUTE2,ATTRIBUTE3,ATTRIBUTE4,ATTRIBUTE5,ATTRIBUTE6,ATTRIBUTE7,ATTRIBUTE8,INPUTUSER,INPUTORG,INPUTTIME,UPDATEUSER,UPDATETIME,REMARK,HELPTEXT) VALUES ('学历2','03','大专','','03','1','','','','','','','','','','','','SYS_Designer',null,'2015/11/26 10:16:10','SYS_Designer','2015/11/26 10:16:10','','');
INSERT INTO code_library (CODENO,ITEMNO,ITEMNAME,BANKNO,SORTNO,ISINUSE,ITEMDESCRIBE,ITEMATTRIBUTE,RELATIVECODE,ATTRIBUTE1,ATTRIBUTE2,ATTRIBUTE3,ATTRIBUTE4,ATTRIBUTE5,ATTRIBUTE6,ATTRIBUTE7,ATTRIBUTE8,INPUTUSER,INPUTORG,INPUTTIME,UPDATEUSER,UPDATETIME,REMARK,HELPTEXT) VALUES ('学历2','04','中专','','04','1','','','','','','','','','','','','SYS_Designer',null,'2015/11/26 10:16:10','SYS_Designer','2015/11/26 10:16:10','','');
INSERT INTO code_library (CODENO,ITEMNO,ITEMNAME,BANKNO,SORTNO,ISINUSE,ITEMDESCRIBE,ITEMATTRIBUTE,RELATIVECODE,ATTRIBUTE1,ATTRIBUTE2,ATTRIBUTE3,ATTRIBUTE4,ATTRIBUTE5,ATTRIBUTE6,ATTRIBUTE7,ATTRIBUTE8,INPUTUSER,INPUTORG,INPUTTIME,UPDATEUSER,UPDATETIME,REMARK,HELPTEXT) VALUES ('CreditTempletType','thb3','信用等级评估(选做练习)','','thb3','1','thb3','','','','','','','','','','','system','9900','2014/01/12  01:01:01','SYS_Designer','2014/01/13 09:33:41',null,null);
INSERT INTO code_library (CODENO,ITEMNO,ITEMNAME,BANKNO,SORTNO,ISINUSE,ITEMDESCRIBE,ITEMATTRIBUTE,RELATIVECODE,ATTRIBUTE1,ATTRIBUTE2,ATTRIBUTE3,ATTRIBUTE4,ATTRIBUTE5,ATTRIBUTE6,ATTRIBUTE7,ATTRIBUTE8,INPUTUSER,INPUTORG,INPUTTIME,UPDATEUSER,UPDATETIME,REMARK,HELPTEXT) VALUES ('家庭资产总额1','01','资产总额在100（含）万元以上','','01','1','','','','','','','','','','','','SYS_Designer',null,'2015/11/25 17:06:26','SYS_Designer','2015/11/25 17:06:26','','');
INSERT INTO code_library (CODENO,ITEMNO,ITEMNAME,BANKNO,SORTNO,ISINUSE,ITEMDESCRIBE,ITEMATTRIBUTE,RELATIVECODE,ATTRIBUTE1,ATTRIBUTE2,ATTRIBUTE3,ATTRIBUTE4,ATTRIBUTE5,ATTRIBUTE6,ATTRIBUTE7,ATTRIBUTE8,INPUTUSER,INPUTORG,INPUTTIME,UPDATEUSER,UPDATETIME,REMARK,HELPTEXT) VALUES ('家庭资产总额1','02','资产总额在80（含）万元－100万元','','02','1','','','','','','','','','','','','SYS_Designer',null,'2015/11/25 17:06:26','SYS_Designer','2015/11/25 17:06:26','','');
INSERT INTO code_library (CODENO,ITEMNO,ITEMNAME,BANKNO,SORTNO,ISINUSE,ITEMDESCRIBE,ITEMATTRIBUTE,RELATIVECODE,ATTRIBUTE1,ATTRIBUTE2,ATTRIBUTE3,ATTRIBUTE4,ATTRIBUTE5,ATTRIBUTE6,ATTRIBUTE7,ATTRIBUTE8,INPUTUSER,INPUTORG,INPUTTIME,UPDATEUSER,UPDATETIME,REMARK,HELPTEXT) VALUES ('家庭资产总额1','03','资产总额在60（含）万元－80万元','','03','1','','','','','','','','','','','','SYS_Designer',null,'2015/11/25 17:06:26','SYS_Designer','2015/11/25 17:06:26','','');
INSERT INTO code_library (CODENO,ITEMNO,ITEMNAME,BANKNO,SORTNO,ISINUSE,ITEMDESCRIBE,ITEMATTRIBUTE,RELATIVECODE,ATTRIBUTE1,ATTRIBUTE2,ATTRIBUTE3,ATTRIBUTE4,ATTRIBUTE5,ATTRIBUTE6,ATTRIBUTE7,ATTRIBUTE8,INPUTUSER,INPUTORG,INPUTTIME,UPDATEUSER,UPDATETIME,REMARK,HELPTEXT) VALUES ('家庭资产总额1','04','资产总额在50（含）万元－60万元以上','','04','1','','','','','','','','','','','','SYS_Designer',null,'2015/11/25 17:06:26','SYS_Designer','2015/11/25 17:06:26','','');
INSERT INTO code_library (CODENO,ITEMNO,ITEMNAME,BANKNO,SORTNO,ISINUSE,ITEMDESCRIBE,ITEMATTRIBUTE,RELATIVECODE,ATTRIBUTE1,ATTRIBUTE2,ATTRIBUTE3,ATTRIBUTE4,ATTRIBUTE5,ATTRIBUTE6,ATTRIBUTE7,ATTRIBUTE8,INPUTUSER,INPUTORG,INPUTTIME,UPDATEUSER,UPDATETIME,REMARK,HELPTEXT) VALUES ('家庭资产总额1','05','资产总额在40（含）万元－50万元以上','','05','1','','','','','','','','','','','','SYS_Designer',null,'2015/11/25 17:06:26','SYS_Designer','2015/11/25 17:06:26','','');
INSERT INTO code_library (CODENO,ITEMNO,ITEMNAME,BANKNO,SORTNO,ISINUSE,ITEMDESCRIBE,ITEMATTRIBUTE,RELATIVECODE,ATTRIBUTE1,ATTRIBUTE2,ATTRIBUTE3,ATTRIBUTE4,ATTRIBUTE5,ATTRIBUTE6,ATTRIBUTE7,ATTRIBUTE8,INPUTUSER,INPUTORG,INPUTTIME,UPDATEUSER,UPDATETIME,REMARK,HELPTEXT) VALUES ('家庭资产总额1','06','资产总额在30（含）万元－40万元以上','','06','1','','','','','','','','','','','','SYS_Designer',null,'2015/11/25 17:06:26','SYS_Designer','2015/11/25 17:06:26','','');
INSERT INTO code_library (CODENO,ITEMNO,ITEMNAME,BANKNO,SORTNO,ISINUSE,ITEMDESCRIBE,ITEMATTRIBUTE,RELATIVECODE,ATTRIBUTE1,ATTRIBUTE2,ATTRIBUTE3,ATTRIBUTE4,ATTRIBUTE5,ATTRIBUTE6,ATTRIBUTE7,ATTRIBUTE8,INPUTUSER,INPUTORG,INPUTTIME,UPDATEUSER,UPDATETIME,REMARK,HELPTEXT) VALUES ('家庭资产总额1','07','资产总额在20（含）万元－30万元以上','','07','1','','','','','','','','','','','','SYS_Designer',null,'2015/11/25 17:06:26','SYS_Designer','2015/11/25 17:06:26','','');
INSERT INTO code_library (CODENO,ITEMNO,ITEMNAME,BANKNO,SORTNO,ISINUSE,ITEMDESCRIBE,ITEMATTRIBUTE,RELATIVECODE,ATTRIBUTE1,ATTRIBUTE2,ATTRIBUTE3,ATTRIBUTE4,ATTRIBUTE5,ATTRIBUTE6,ATTRIBUTE7,ATTRIBUTE8,INPUTUSER,INPUTORG,INPUTTIME,UPDATEUSER,UPDATETIME,REMARK,HELPTEXT) VALUES ('家庭资产总额1','08','资产总额在10（含）万元－20万元以上','','08','1','','','','','','','','','','','','SYS_Designer',null,'2015/11/25 17:06:26','SYS_Designer','2015/11/25 17:06:26','','');
INSERT INTO code_library (CODENO,ITEMNO,ITEMNAME,BANKNO,SORTNO,ISINUSE,ITEMDESCRIBE,ITEMATTRIBUTE,RELATIVECODE,ATTRIBUTE1,ATTRIBUTE2,ATTRIBUTE3,ATTRIBUTE4,ATTRIBUTE5,ATTRIBUTE6,ATTRIBUTE7,ATTRIBUTE8,INPUTUSER,INPUTORG,INPUTTIME,UPDATEUSER,UPDATETIME,REMARK,HELPTEXT) VALUES ('家庭资产总额1','09','资产总额在10万元以下','','09','1','','','','','','','','','','','','SYS_Designer',null,'2015/11/25 17:06:26','SYS_Designer','2015/11/25 17:06:26','','');
INSERT INTO code_library (CODENO,ITEMNO,ITEMNAME,BANKNO,SORTNO,ISINUSE,ITEMDESCRIBE,ITEMATTRIBUTE,RELATIVECODE,ATTRIBUTE1,ATTRIBUTE2,ATTRIBUTE3,ATTRIBUTE4,ATTRIBUTE5,ATTRIBUTE6,ATTRIBUTE7,ATTRIBUTE8,INPUTUSER,INPUTORG,INPUTTIME,UPDATEUSER,UPDATETIME,REMARK,HELPTEXT) VALUES ('信用记录1','01','有3年（含3年）以上信贷记录，信用记录良好，无任何拖欠贷款本息记录','','01','1','','','','','','','','','','','','SYS_Designer',null,'2015/11/25 17:13:25','SYS_Designer','2015/11/25 17:13:25','','');
INSERT INTO code_library (CODENO,ITEMNO,ITEMNAME,BANKNO,SORTNO,ISINUSE,ITEMDESCRIBE,ITEMATTRIBUTE,RELATIVECODE,ATTRIBUTE1,ATTRIBUTE2,ATTRIBUTE3,ATTRIBUTE4,ATTRIBUTE5,ATTRIBUTE6,ATTRIBUTE7,ATTRIBUTE8,INPUTUSER,INPUTORG,INPUTTIME,UPDATEUSER,UPDATETIME,REMARK,HELPTEXT) VALUES ('信用记录1','02','近3年无任何拖欠贷款本息记录','','02','1','','','','','','','','','','','','SYS_Designer',null,'2015/11/25 17:13:25','SYS_Designer','2015/11/25 17:13:25','','');
INSERT INTO code_library (CODENO,ITEMNO,ITEMNAME,BANKNO,SORTNO,ISINUSE,ITEMDESCRIBE,ITEMATTRIBUTE,RELATIVECODE,ATTRIBUTE1,ATTRIBUTE2,ATTRIBUTE3,ATTRIBUTE4,ATTRIBUTE5,ATTRIBUTE6,ATTRIBUTE7,ATTRIBUTE8,INPUTUSER,INPUTORG,INPUTTIME,UPDATEUSER,UPDATETIME,REMARK,HELPTEXT) VALUES ('信用记录1','03','无贷款纪录','','03','1','','','','','','','','','','','','SYS_Designer',null,'2015/11/25 17:13:25','SYS_Designer','2015/11/25 17:13:25','','');
INSERT INTO code_library (CODENO,ITEMNO,ITEMNAME,BANKNO,SORTNO,ISINUSE,ITEMDESCRIBE,ITEMATTRIBUTE,RELATIVECODE,ATTRIBUTE1,ATTRIBUTE2,ATTRIBUTE3,ATTRIBUTE4,ATTRIBUTE5,ATTRIBUTE6,ATTRIBUTE7,ATTRIBUTE8,INPUTUSER,INPUTORG,INPUTTIME,UPDATEUSER,UPDATETIME,REMARK,HELPTEXT) VALUES ('信用记录1','04','近3年按揭贷款1期或累计1期发生拖欠记录，在评级之日起拖欠款项已还清','','04','1','','','','','','','','','','','','SYS_Designer',null,'2015/11/25 17:13:25','SYS_Designer','2015/11/25 17:13:25','','');





