
/*********评级模型   tchen3  20151125********/

/****新增一个"个人信用等级评分表(练习)"评级模型*****/
--select * from evaluate_catalog where modelno='290';
INSERT INTO evaluate_catalog (MODELNO,MODELNAME,MODELTYPE,MODELDESCRIBE,TRANSFORMMETHOD,REMARK) VALUES ('290','个人信用等级评分表(练习)','015','','if(#TotalScore<40,"D",if(#TotalScore<45,"C",if(#TotalScore<50,"CC",if(#TotalScore<60,"CCC",if(#TotalScore<65,"B",if(#TotalScore<70,"BB",if(#TotalScore<80,"BBB",if(#TotalScore<88,"A",if(#TotalScore<96,"AA","AAA"))))))))) ','');

/****新增"个人信用等级评分表(练习)"评级模型的相关项*****/
--select * from evaluate_model where modelno='290';
INSERT INTO evaluate_model (MODELNO,ITEMNO,DISPLAYNO,ITEMNAME,ITEMATTRIBUTE,VALUEMETHOD,VALUECODE,VALUETYPE,EVALUATEMETHOD,COEFFICIENT,REMARK) VALUES ('290','1','1','个人基本情况','','','','','',0.000000,'');
INSERT INTO evaluate_model (MODELNO,ITEMNO,DISPLAYNO,ITEMNAME,ITEMATTRIBUTE,VALUEMETHOD,VALUECODE,VALUETYPE,EVALUATEMETHOD,COEFFICIENT,REMARK) VALUES ('290','1.1','1.1','年龄','','','贷款申请人年龄','Number','if(#ItemValue=1.0,1.0,if(#ItemValue=2,2,if(#ItemValue=3,3,if(#ItemValue=4,4,5.0))))',1.000000,'');
INSERT INTO evaluate_model (MODELNO,ITEMNO,DISPLAYNO,ITEMNAME,ITEMATTRIBUTE,VALUEMETHOD,VALUECODE,VALUETYPE,EVALUATEMETHOD,COEFFICIENT,REMARK) VALUES ('290','1.2','1.2','户口','','','户口','Number','if(#ItemValue=1.0,3,0)',1.000000,'');
INSERT INTO evaluate_model (MODELNO,ITEMNO,DISPLAYNO,ITEMNAME,ITEMATTRIBUTE,VALUEMETHOD,VALUECODE,VALUETYPE,EVALUATEMETHOD,COEFFICIENT,REMARK) VALUES ('290','1.3','1.3','在本地居住时间','','','在本地居住时间','Number','if(#ItemValue=1.0,0,if(#ItemValue=2.0,1,if(#ItemValue=3.0,2,3)))',1.000000,'');
INSERT INTO evaluate_model (MODELNO,ITEMNO,DISPLAYNO,ITEMNAME,ITEMATTRIBUTE,VALUEMETHOD,VALUECODE,VALUETYPE,EVALUATEMETHOD,COEFFICIENT,REMARK) VALUES ('290','1.4','1.4','学历','','','个人学历','Number','if(#ItemValue=1.0,4,if(#ItemValue=2.0,3,if(#ItemValue=3.0,2.0,1)))',1.000000,'');
INSERT INTO evaluate_model (MODELNO,ITEMNO,DISPLAYNO,ITEMNAME,ITEMATTRIBUTE,VALUEMETHOD,VALUECODE,VALUETYPE,EVALUATEMETHOD,COEFFICIENT,REMARK) VALUES ('290','1.5','1.5','职称','','','职称','Number','if(#ItemValue=1.0,3,if(#ItemValue=2.0,2,1.0))',1.000000,'');
INSERT INTO evaluate_model (MODELNO,ITEMNO,DISPLAYNO,ITEMNAME,ITEMATTRIBUTE,VALUEMETHOD,VALUECODE,VALUETYPE,EVALUATEMETHOD,COEFFICIENT,REMARK) VALUES ('290','1.6','1.6','婚姻状况','','','个人婚姻状况','Number','if(#ItemValue=1.0,3,if(#ItemValue=2.0,2,1.0))',1.000000,'');
INSERT INTO evaluate_model (MODELNO,ITEMNO,DISPLAYNO,ITEMNAME,ITEMATTRIBUTE,VALUEMETHOD,VALUECODE,VALUETYPE,EVALUATEMETHOD,COEFFICIENT,REMARK) VALUES ('290','1.7','1.7','居住状况','','','居住状况','Number','if(#ItemValue=1.0,3.0,if(#ItemValue=2.0,2.0,if(#ItemValue=3,1,-3)))',1.000000,'');
INSERT INTO evaluate_model (MODELNO,ITEMNO,DISPLAYNO,ITEMNAME,ITEMATTRIBUTE,VALUEMETHOD,VALUECODE,VALUETYPE,EVALUATEMETHOD,COEFFICIENT,REMARK) VALUES ('290','2','2','个人就业情况','','','','','',0.000000,'');
INSERT INTO evaluate_model (MODELNO,ITEMNO,DISPLAYNO,ITEMNAME,ITEMATTRIBUTE,VALUEMETHOD,VALUECODE,VALUETYPE,EVALUATEMETHOD,COEFFICIENT,REMARK) VALUES ('290','2.1','2.1','行业或企业类别','','','行业或企业类别','Number','if(#ItemValue=1.0,9,if(#ItemValue=2.0,8,if(#ItemValue=3.0,7,if(#ItemValue=4,6,if(#ItemValue=5,5,if(#ItemValue=6,4,if(#ItemValue=7,3,if(#ItemValue=8,2,1))))))))',1.000000,'');
INSERT INTO evaluate_model (MODELNO,ITEMNO,DISPLAYNO,ITEMNAME,ITEMATTRIBUTE,VALUEMETHOD,VALUECODE,VALUETYPE,EVALUATEMETHOD,COEFFICIENT,REMARK) VALUES ('290','2.2','2.2','从事岗位','','','从事岗位','Number','if(#ItemValue=1.0,7,if(#ItemValue=2.0,6,5))',1.000000,'');
INSERT INTO evaluate_model (MODELNO,ITEMNO,DISPLAYNO,ITEMNAME,ITEMATTRIBUTE,VALUEMETHOD,VALUECODE,VALUETYPE,EVALUATEMETHOD,COEFFICIENT,REMARK) VALUES ('290','2.3','2.3','从事目前行业年限或目前单位工作年限','','','工作年限','Number','if(#ItemValue=1.0,1.0,if(#ItemValue=2.0,2.0,if(#ItemValue=3.0,3.0,if(#ItemValue=4.0,5.0,6.0))))',1.000000,'');
INSERT INTO evaluate_model (MODELNO,ITEMNO,DISPLAYNO,ITEMNAME,ITEMATTRIBUTE,VALUEMETHOD,VALUECODE,VALUETYPE,EVALUATEMETHOD,COEFFICIENT,REMARK) VALUES ('290','3','3','个人资产情况','','','','','',0.000000,'');
INSERT INTO evaluate_model (MODELNO,ITEMNO,DISPLAYNO,ITEMNAME,ITEMATTRIBUTE,VALUEMETHOD,VALUECODE,VALUETYPE,EVALUATEMETHOD,COEFFICIENT,REMARK) VALUES ('290','3.1','3.1','个人平均月收入','','','个人平均月收入','Number','if(#ItemValue=1.0,12,if(#ItemValue=2.0,10,if(#ItemValue=3.0,8,if(#ItemValue=4,6,if(#ItemValue=5,4,if(#ItemValue=6,2,0))))))',1.000000,'');
INSERT INTO evaluate_model (MODELNO,ITEMNO,DISPLAYNO,ITEMNAME,ITEMATTRIBUTE,VALUEMETHOD,VALUECODE,VALUETYPE,EVALUATEMETHOD,COEFFICIENT,REMARK) VALUES ('290','3.2','3.2','家庭资产负债比率','','','家庭资产负债比率','Number','if(#ItemValue=1.0,6,if(#ItemValue=2.0,3,0))',1.000000,'');
INSERT INTO evaluate_model (MODELNO,ITEMNO,DISPLAYNO,ITEMNAME,ITEMATTRIBUTE,VALUEMETHOD,VALUECODE,VALUETYPE,EVALUATEMETHOD,COEFFICIENT,REMARK) VALUES ('290','3.3','3.3',' 家庭资产总额','','','家庭资产总额','Number','if(#ItemValue=1.0,16,if(#ItemValue=2.0,14,if(#ItemValue=3.0,12,if(#ItemValue=4,10,if(#ItemValue=5,8,if(#ItemValue=6,6,if(#ItemValue=7,4,if(#ItemValue=8,2,0))))))))',1.000000,'');
INSERT INTO evaluate_model (MODELNO,ITEMNO,DISPLAYNO,ITEMNAME,ITEMATTRIBUTE,VALUEMETHOD,VALUECODE,VALUETYPE,EVALUATEMETHOD,COEFFICIENT,REMARK) VALUES ('290','4','4','个人信用情况','','','','','',0.000000,'');
INSERT INTO evaluate_model (MODELNO,ITEMNO,DISPLAYNO,ITEMNAME,ITEMATTRIBUTE,VALUEMETHOD,VALUECODE,VALUETYPE,EVALUATEMETHOD,COEFFICIENT,REMARK) VALUES ('290','4.1','4.1','信用记录','','','信用记录','Number','if(#ItemValue=1.0,10,if(#ItemValue=2.0,9,if(#ItemValue=3.0,8,if(#ItemValue=4.0,6,if(#ItemValue=5.0,5,if(#ItemValue=6.0,4,if(#ItemValue=7.0,0,if(#ItemValue=8.0,-6,if(#ItemValue=9.0,-8,-10)))))))))',1.000000,'');
INSERT INTO evaluate_model (MODELNO,ITEMNO,DISPLAYNO,ITEMNAME,ITEMATTRIBUTE,VALUEMETHOD,VALUECODE,VALUETYPE,EVALUATEMETHOD,COEFFICIENT,REMARK) VALUES ('290','4.2','4.2','与我行往来情况','','','与我行往来情况','Number','if(#ItemValue=1.0,5,if(#ItemValue=2.0,4,if(#ItemValue=3.0,3.,if(#ItemValue=4.0,2,1))))',1.000000,'');
INSERT INTO evaluate_model (MODELNO,ITEMNO,DISPLAYNO,ITEMNAME,ITEMATTRIBUTE,VALUEMETHOD,VALUECODE,VALUETYPE,EVALUATEMETHOD,COEFFICIENT,REMARK) VALUES ('290','5','5','社会公共信息记录','','','','','',0.000000,'');
INSERT INTO evaluate_model (MODELNO,ITEMNO,DISPLAYNO,ITEMNAME,ITEMATTRIBUTE,VALUEMETHOD,VALUECODE,VALUETYPE,EVALUATEMETHOD,COEFFICIENT,REMARK) VALUES ('290','5.1','5.1','纳税情况','','','个人纳税情况','Number','if(#ItemValue=1.0,0,1.0)',1.000000,'');
INSERT INTO evaluate_model (MODELNO,ITEMNO,DISPLAYNO,ITEMNAME,ITEMATTRIBUTE,VALUEMETHOD,VALUECODE,VALUETYPE,EVALUATEMETHOD,COEFFICIENT,REMARK) VALUES ('290','5.2','5.2','投保情况','','','个人投保情况','Number','if(#ItemValue=1.0,0,1.0)',1.000000,'');
INSERT INTO evaluate_model (MODELNO,ITEMNO,DISPLAYNO,ITEMNAME,ITEMATTRIBUTE,VALUEMETHOD,VALUECODE,VALUETYPE,EVALUATEMETHOD,COEFFICIENT,REMARK) VALUES ('290','5.3','5.3','有无与个人信用有关的民事纠纷','','','有无','Number','if(#ItemValue=1,0,1)',1.000000,'');
INSERT INTO evaluate_model (MODELNO,ITEMNO,DISPLAYNO,ITEMNAME,ITEMATTRIBUTE,VALUEMETHOD,VALUECODE,VALUETYPE,EVALUATEMETHOD,COEFFICIENT,REMARK) VALUES ('290','5.4','5.4','有无与个人信用有关的行政处罚记录','','','有无','Number','if(#ItemValue=1,0,1)',1.000000,'');

/****Code_Catalog中新增代码管理*****/
--SELECT * FROM Code_Catalog where codetypetwo = '个人信用等级评估' and sortno in ('00200247','00200248','00200249','00200250','00200251','00200252','00200253','00200254','00200255','00200256','00200257','00200258','00200259','00200260','00200261','00200262') ;
INSERT INTO Code_Catalog (CODENO,SORTNO,CODETYPEONE,CODETYPETWO,CODENAME,CODEDESCRIBE,CODEATTRIBUTE,INPUTUSER,INPUTORG,INPUTTIME,UPDATEUSER,UPDATETIME,REMARK) VALUES ('户口','00200247','2.信用评级','个人信用等级评估','户口','','','SYS_Designer',null,'2015/11/25 15:26:17','SYS_Designer','2015/11/25 15:26:17','');
INSERT INTO Code_Catalog (CODENO,SORTNO,CODETYPEONE,CODETYPETWO,CODENAME,CODEDESCRIBE,CODEATTRIBUTE,INPUTUSER,INPUTORG,INPUTTIME,UPDATEUSER,UPDATETIME,REMARK) VALUES ('在本地居住时间','00200248','2.信用评级','个人信用等级评估','在本地居住时间','','','SYS_Designer',null,'2015/11/25 15:37:56','SYS_Designer','2015/11/25 15:37:56','');
INSERT INTO Code_Catalog (CODENO,SORTNO,CODETYPEONE,CODETYPETWO,CODENAME,CODEDESCRIBE,CODEATTRIBUTE,INPUTUSER,INPUTORG,INPUTTIME,UPDATEUSER,UPDATETIME,REMARK) VALUES ('个人学历','00200249','2.信用评级','个人信用等级评估','个人学历','','','SYS_Designer',null,'2015/11/25 15:49:35','SYS_Designer','2015/11/25 15:49:35','');
INSERT INTO Code_Catalog (CODENO,SORTNO,CODETYPEONE,CODETYPETWO,CODENAME,CODEDESCRIBE,CODEATTRIBUTE,INPUTUSER,INPUTORG,INPUTTIME,UPDATEUSER,UPDATETIME,REMARK) VALUES ('职称','00200250','2.信用评级','个人信用等级评估','职称','','','SYS_Designer',null,'2015/11/25 15:53:02','SYS_Designer','2015/11/25 15:53:02','');
INSERT INTO Code_Catalog (CODENO,SORTNO,CODETYPEONE,CODETYPETWO,CODENAME,CODEDESCRIBE,CODEATTRIBUTE,INPUTUSER,INPUTORG,INPUTTIME,UPDATEUSER,UPDATETIME,REMARK) VALUES ('个人婚姻状况','00200251','2.信用评级','个人信用等级评估','个人婚姻状况','','','SYS_Designer',null,'2015/11/25 16:01:24','SYS_Designer','2015/11/25 16:01:24','');
INSERT INTO Code_Catalog (CODENO,SORTNO,CODETYPEONE,CODETYPETWO,CODENAME,CODEDESCRIBE,CODEATTRIBUTE,INPUTUSER,INPUTORG,INPUTTIME,UPDATEUSER,UPDATETIME,REMARK) VALUES ('居住状况','00200252','2.信用评级','个人信用等级评估','居住状况','','','SYS_Designer',null,'2015/11/25 16:04:55','SYS_Designer','2015/11/25 16:04:55','');
INSERT INTO Code_Catalog (CODENO,SORTNO,CODETYPEONE,CODETYPETWO,CODENAME,CODEDESCRIBE,CODEATTRIBUTE,INPUTUSER,INPUTORG,INPUTTIME,UPDATEUSER,UPDATETIME,REMARK) VALUES ('行业或企业类别','00200253','2.信用评级','个人信用等级评估','行业或企业类别','','','SYS_Designer',null,'2015/11/25 16:17:16','SYS_Designer','2015/11/25 16:17:16','');
INSERT INTO Code_Catalog (CODENO,SORTNO,CODETYPEONE,CODETYPETWO,CODENAME,CODEDESCRIBE,CODEATTRIBUTE,INPUTUSER,INPUTORG,INPUTTIME,UPDATEUSER,UPDATETIME,REMARK) VALUES ('从事岗位','00200254','2.信用评级','个人信用等级评估','从事岗位','','','SYS_Designer',null,'2015/11/25 16:19:18','SYS_Designer','2015/11/25 16:19:18','');
INSERT INTO Code_Catalog (CODENO,SORTNO,CODETYPEONE,CODETYPETWO,CODENAME,CODEDESCRIBE,CODEATTRIBUTE,INPUTUSER,INPUTORG,INPUTTIME,UPDATEUSER,UPDATETIME,REMARK) VALUES ('工作年限','00200255','2.信用评级','个人信用等级评估','工作年限','','','SYS_Designer',null,'2015/11/25 16:29:09','SYS_Designer','2015/11/25 16:30:18','');
INSERT INTO Code_Catalog (CODENO,SORTNO,CODETYPEONE,CODETYPETWO,CODENAME,CODEDESCRIBE,CODEATTRIBUTE,INPUTUSER,INPUTORG,INPUTTIME,UPDATEUSER,UPDATETIME,REMARK) VALUES ('个人平均月收入','00200256','2.信用评级','个人信用等级评估','个人平均月收入','','','SYS_Designer',null,'2015/11/25 16:31:44','SYS_Designer','2015/11/25 16:31:44','');
INSERT INTO Code_Catalog (CODENO,SORTNO,CODETYPEONE,CODETYPETWO,CODENAME,CODEDESCRIBE,CODEATTRIBUTE,INPUTUSER,INPUTORG,INPUTTIME,UPDATEUSER,UPDATETIME,REMARK) VALUES ('家庭资产负债比率','00200257','2.信用评级','个人信用等级评估','家庭资产负债比率','','','SYS_Designer',null,'2015/11/25 16:33:14','SYS_Designer','2015/11/25 16:33:14','');
INSERT INTO Code_Catalog (CODENO,SORTNO,CODETYPEONE,CODETYPETWO,CODENAME,CODEDESCRIBE,CODEATTRIBUTE,INPUTUSER,INPUTORG,INPUTTIME,UPDATEUSER,UPDATETIME,REMARK) VALUES ('家庭资产总额','00200258','2.信用评级','个人信用等级评估','家庭资产总额','','','SYS_Designer',null,'2015/11/25 16:33:48','SYS_Designer','2015/11/25 16:34:20','');
INSERT INTO Code_Catalog (CODENO,SORTNO,CODETYPEONE,CODETYPETWO,CODENAME,CODEDESCRIBE,CODEATTRIBUTE,INPUTUSER,INPUTORG,INPUTTIME,UPDATEUSER,UPDATETIME,REMARK) VALUES ('信用记录','00200259','2.信用评级','个人信用等级评估','信用记录','','','SYS_Designer',null,'2015/11/25 16:48:17','SYS_Designer','2015/11/25 16:48:17','');
INSERT INTO Code_Catalog (CODENO,SORTNO,CODETYPEONE,CODETYPETWO,CODENAME,CODEDESCRIBE,CODEATTRIBUTE,INPUTUSER,INPUTORG,INPUTTIME,UPDATEUSER,UPDATETIME,REMARK) VALUES ('与我行往来情况','00200260','2.信用评级','个人信用等级评估','与我行往来情况','','','SYS_Designer',null,'2015/11/25 16:50:53','SYS_Designer','2015/11/25 16:50:53','');
INSERT INTO Code_Catalog (CODENO,SORTNO,CODETYPEONE,CODETYPETWO,CODENAME,CODEDESCRIBE,CODEATTRIBUTE,INPUTUSER,INPUTORG,INPUTTIME,UPDATEUSER,UPDATETIME,REMARK) VALUES ('个人纳税情况','00200261','2.信用评级','个人信用等级评估','个人纳税情况','','','SYS_Designer',null,'2015/11/25 17:07:31','SYS_Designer','2015/11/25 17:07:31','');
INSERT INTO Code_Catalog (CODENO,SORTNO,CODETYPEONE,CODETYPETWO,CODENAME,CODEDESCRIBE,CODEATTRIBUTE,INPUTUSER,INPUTORG,INPUTTIME,UPDATEUSER,UPDATETIME,REMARK) VALUES ('个人投保情况','00200262','2.信用评级','个人信用等级评估','个人投保情况','','','SYS_Designer',null,'2015/11/25 17:08:21','SYS_Designer','2015/11/25 17:08:21','');

/*************给Code_Catalog中增加的代码管理分别增加对应项****************/
--SELECT * FROM code_library where codeno in ('户口','在本地居住时间','个人学历','职称','个人婚姻状况','居住状况','行业或企业类别','从事岗位','工作年限','个人平均月收入','家庭资产负债比率','家庭资产总额','信用记录','与我行往来情况','个人纳税情况','个人投保情况');
INSERT INTO code_library (CODENO,ITEMNO,ITEMNAME,BANKNO,SORTNO,ISINUSE,ITEMDESCRIBE,ITEMATTRIBUTE,RELATIVECODE,ATTRIBUTE1,ATTRIBUTE2,ATTRIBUTE3,ATTRIBUTE4,ATTRIBUTE5,ATTRIBUTE6,ATTRIBUTE7,ATTRIBUTE8,INPUTUSER,INPUTORG,INPUTTIME,UPDATEUSER,UPDATETIME,REMARK,HELPTEXT) VALUES ('户口','1','本地常住户口或有本地居住证','','1','1','','','','','','','','','','','','SYS_Designer',null,'2015/11/25 15:26:17','SYS_Designer','2015/11/25 15:27:25','','');
INSERT INTO code_library (CODENO,ITEMNO,ITEMNAME,BANKNO,SORTNO,ISINUSE,ITEMDESCRIBE,ITEMATTRIBUTE,RELATIVECODE,ATTRIBUTE1,ATTRIBUTE2,ATTRIBUTE3,ATTRIBUTE4,ATTRIBUTE5,ATTRIBUTE6,ATTRIBUTE7,ATTRIBUTE8,INPUTUSER,INPUTORG,INPUTTIME,UPDATEUSER,UPDATETIME,REMARK,HELPTEXT) VALUES ('户口','2','非本地户口','','2','1','','','','','','','','','','','','SYS_Designer',null,'2015/11/25 15:26:17','SYS_Designer','2015/11/25 15:27:25','','');
INSERT INTO code_library (CODENO,ITEMNO,ITEMNAME,BANKNO,SORTNO,ISINUSE,ITEMDESCRIBE,ITEMATTRIBUTE,RELATIVECODE,ATTRIBUTE1,ATTRIBUTE2,ATTRIBUTE3,ATTRIBUTE4,ATTRIBUTE5,ATTRIBUTE6,ATTRIBUTE7,ATTRIBUTE8,INPUTUSER,INPUTORG,INPUTTIME,UPDATEUSER,UPDATETIME,REMARK,HELPTEXT) VALUES ('在本地居住时间','1','2年以下','','1','1','','','','','','','','','','','','SYS_Designer',null,'2015/11/25 15:37:56','SYS_Designer','2015/11/25 15:37:56','','');
INSERT INTO code_library (CODENO,ITEMNO,ITEMNAME,BANKNO,SORTNO,ISINUSE,ITEMDESCRIBE,ITEMATTRIBUTE,RELATIVECODE,ATTRIBUTE1,ATTRIBUTE2,ATTRIBUTE3,ATTRIBUTE4,ATTRIBUTE5,ATTRIBUTE6,ATTRIBUTE7,ATTRIBUTE8,INPUTUSER,INPUTORG,INPUTTIME,UPDATEUSER,UPDATETIME,REMARK,HELPTEXT) VALUES ('在本地居住时间','2','2年－3年(含2年)','','2','1','','','','','','','','','','','','SYS_Designer',null,'2015/11/25 15:37:56','SYS_Designer','2015/11/25 15:37:56','','');
INSERT INTO code_library (CODENO,ITEMNO,ITEMNAME,BANKNO,SORTNO,ISINUSE,ITEMDESCRIBE,ITEMATTRIBUTE,RELATIVECODE,ATTRIBUTE1,ATTRIBUTE2,ATTRIBUTE3,ATTRIBUTE4,ATTRIBUTE5,ATTRIBUTE6,ATTRIBUTE7,ATTRIBUTE8,INPUTUSER,INPUTORG,INPUTTIME,UPDATEUSER,UPDATETIME,REMARK,HELPTEXT) VALUES ('在本地居住时间','3','3年－5年(含3年)','','3','1','','','','','','','','','','','','SYS_Designer',null,'2015/11/25 15:37:56','SYS_Designer','2015/11/25 15:37:56','','');
INSERT INTO code_library (CODENO,ITEMNO,ITEMNAME,BANKNO,SORTNO,ISINUSE,ITEMDESCRIBE,ITEMATTRIBUTE,RELATIVECODE,ATTRIBUTE1,ATTRIBUTE2,ATTRIBUTE3,ATTRIBUTE4,ATTRIBUTE5,ATTRIBUTE6,ATTRIBUTE7,ATTRIBUTE8,INPUTUSER,INPUTORG,INPUTTIME,UPDATEUSER,UPDATETIME,REMARK,HELPTEXT) VALUES ('在本地居住时间','4','5年以上(含5年)','','4','1','','','','','','','','','','','','SYS_Designer',null,'2015/11/25 15:37:56','SYS_Designer','2015/11/25 15:37:56','','');
INSERT INTO code_library (CODENO,ITEMNO,ITEMNAME,BANKNO,SORTNO,ISINUSE,ITEMDESCRIBE,ITEMATTRIBUTE,RELATIVECODE,ATTRIBUTE1,ATTRIBUTE2,ATTRIBUTE3,ATTRIBUTE4,ATTRIBUTE5,ATTRIBUTE6,ATTRIBUTE7,ATTRIBUTE8,INPUTUSER,INPUTORG,INPUTTIME,UPDATEUSER,UPDATETIME,REMARK,HELPTEXT) VALUES ('个人学历','1','硕士以上(含硕士)','','1','1','','','','','','','','','','','','SYS_Designer',null,'2015/11/25 15:49:35','SYS_Designer','2015/11/25 15:49:35','','');
INSERT INTO code_library (CODENO,ITEMNO,ITEMNAME,BANKNO,SORTNO,ISINUSE,ITEMDESCRIBE,ITEMATTRIBUTE,RELATIVECODE,ATTRIBUTE1,ATTRIBUTE2,ATTRIBUTE3,ATTRIBUTE4,ATTRIBUTE5,ATTRIBUTE6,ATTRIBUTE7,ATTRIBUTE8,INPUTUSER,INPUTORG,INPUTTIME,UPDATEUSER,UPDATETIME,REMARK,HELPTEXT) VALUES ('个人学历','2','大学本科','','2','1','','','','','','','','','','','','SYS_Designer',null,'2015/11/25 15:49:35','SYS_Designer','2015/11/25 15:49:35','','');
INSERT INTO code_library (CODENO,ITEMNO,ITEMNAME,BANKNO,SORTNO,ISINUSE,ITEMDESCRIBE,ITEMATTRIBUTE,RELATIVECODE,ATTRIBUTE1,ATTRIBUTE2,ATTRIBUTE3,ATTRIBUTE4,ATTRIBUTE5,ATTRIBUTE6,ATTRIBUTE7,ATTRIBUTE8,INPUTUSER,INPUTORG,INPUTTIME,UPDATEUSER,UPDATETIME,REMARK,HELPTEXT) VALUES ('个人学历','3','大专','','3','1','','','','','','','','','','','','SYS_Designer',null,'2015/11/25 15:49:35','SYS_Designer','2015/11/25 15:49:35','','');
INSERT INTO code_library (CODENO,ITEMNO,ITEMNAME,BANKNO,SORTNO,ISINUSE,ITEMDESCRIBE,ITEMATTRIBUTE,RELATIVECODE,ATTRIBUTE1,ATTRIBUTE2,ATTRIBUTE3,ATTRIBUTE4,ATTRIBUTE5,ATTRIBUTE6,ATTRIBUTE7,ATTRIBUTE8,INPUTUSER,INPUTORG,INPUTTIME,UPDATEUSER,UPDATETIME,REMARK,HELPTEXT) VALUES ('个人学历','4','高中或其他','','4','1','','','','','','','','','','','','SYS_Designer',null,'2015/11/25 15:49:35','SYS_Designer','2015/11/25 15:49:35','','');
INSERT INTO code_library (CODENO,ITEMNO,ITEMNAME,BANKNO,SORTNO,ISINUSE,ITEMDESCRIBE,ITEMATTRIBUTE,RELATIVECODE,ATTRIBUTE1,ATTRIBUTE2,ATTRIBUTE3,ATTRIBUTE4,ATTRIBUTE5,ATTRIBUTE6,ATTRIBUTE7,ATTRIBUTE8,INPUTUSER,INPUTORG,INPUTTIME,UPDATEUSER,UPDATETIME,REMARK,HELPTEXT) VALUES ('职称','1','高级职称','','1','1','','','','','','','','','','','','SYS_Designer',null,'2015/11/25 15:53:02','SYS_Designer','2015/11/25 15:53:02','','');
INSERT INTO code_library (CODENO,ITEMNO,ITEMNAME,BANKNO,SORTNO,ISINUSE,ITEMDESCRIBE,ITEMATTRIBUTE,RELATIVECODE,ATTRIBUTE1,ATTRIBUTE2,ATTRIBUTE3,ATTRIBUTE4,ATTRIBUTE5,ATTRIBUTE6,ATTRIBUTE7,ATTRIBUTE8,INPUTUSER,INPUTORG,INPUTTIME,UPDATEUSER,UPDATETIME,REMARK,HELPTEXT) VALUES ('职称','2','中级职称','','2','1','','','','','','','','','','','','SYS_Designer',null,'2015/11/25 15:53:02','SYS_Designer','2015/11/25 15:53:02','','');
INSERT INTO code_library (CODENO,ITEMNO,ITEMNAME,BANKNO,SORTNO,ISINUSE,ITEMDESCRIBE,ITEMATTRIBUTE,RELATIVECODE,ATTRIBUTE1,ATTRIBUTE2,ATTRIBUTE3,ATTRIBUTE4,ATTRIBUTE5,ATTRIBUTE6,ATTRIBUTE7,ATTRIBUTE8,INPUTUSER,INPUTORG,INPUTTIME,UPDATEUSER,UPDATETIME,REMARK,HELPTEXT) VALUES ('职称','3','初级职称','','3','1','','','','','','','','','','','','SYS_Designer',null,'2015/11/25 15:53:02','SYS_Designer','2015/11/25 15:53:02','','');
INSERT INTO code_library (CODENO,ITEMNO,ITEMNAME,BANKNO,SORTNO,ISINUSE,ITEMDESCRIBE,ITEMATTRIBUTE,RELATIVECODE,ATTRIBUTE1,ATTRIBUTE2,ATTRIBUTE3,ATTRIBUTE4,ATTRIBUTE5,ATTRIBUTE6,ATTRIBUTE7,ATTRIBUTE8,INPUTUSER,INPUTORG,INPUTTIME,UPDATEUSER,UPDATETIME,REMARK,HELPTEXT) VALUES ('个人婚姻状况','1','已婚有子女','','1','1','','','','','','','','','','','','SYS_Designer',null,'2015/11/25 16:02:01','SYS_Designer','2015/11/25 16:02:01','','');
INSERT INTO code_library (CODENO,ITEMNO,ITEMNAME,BANKNO,SORTNO,ISINUSE,ITEMDESCRIBE,ITEMATTRIBUTE,RELATIVECODE,ATTRIBUTE1,ATTRIBUTE2,ATTRIBUTE3,ATTRIBUTE4,ATTRIBUTE5,ATTRIBUTE6,ATTRIBUTE7,ATTRIBUTE8,INPUTUSER,INPUTORG,INPUTTIME,UPDATEUSER,UPDATETIME,REMARK,HELPTEXT) VALUES ('个人婚姻状况','2','已婚无子女','','2','1','','','','','','','','','','','','SYS_Designer',null,'2015/11/25 16:02:01','SYS_Designer','2015/11/25 16:02:01','','');
INSERT INTO code_library (CODENO,ITEMNO,ITEMNAME,BANKNO,SORTNO,ISINUSE,ITEMDESCRIBE,ITEMATTRIBUTE,RELATIVECODE,ATTRIBUTE1,ATTRIBUTE2,ATTRIBUTE3,ATTRIBUTE4,ATTRIBUTE5,ATTRIBUTE6,ATTRIBUTE7,ATTRIBUTE8,INPUTUSER,INPUTORG,INPUTTIME,UPDATEUSER,UPDATETIME,REMARK,HELPTEXT) VALUES ('个人婚姻状况','3','未婚','','3','1','','','','','','','','','','','','SYS_Designer',null,'2015/11/25 16:02:01','SYS_Designer','2015/11/25 16:02:01','','');
INSERT INTO code_library (CODENO,ITEMNO,ITEMNAME,BANKNO,SORTNO,ISINUSE,ITEMDESCRIBE,ITEMATTRIBUTE,RELATIVECODE,ATTRIBUTE1,ATTRIBUTE2,ATTRIBUTE3,ATTRIBUTE4,ATTRIBUTE5,ATTRIBUTE6,ATTRIBUTE7,ATTRIBUTE8,INPUTUSER,INPUTORG,INPUTTIME,UPDATEUSER,UPDATETIME,REMARK,HELPTEXT) VALUES ('居住状况','1','自置商品房','','1','1','','','','','','','','','','','','SYS_Designer',null,'2015/11/25 16:06:39','SYS_Designer','2015/11/25 16:06:39','','');
INSERT INTO code_library (CODENO,ITEMNO,ITEMNAME,BANKNO,SORTNO,ISINUSE,ITEMDESCRIBE,ITEMATTRIBUTE,RELATIVECODE,ATTRIBUTE1,ATTRIBUTE2,ATTRIBUTE3,ATTRIBUTE4,ATTRIBUTE5,ATTRIBUTE6,ATTRIBUTE7,ATTRIBUTE8,INPUTUSER,INPUTORG,INPUTTIME,UPDATEUSER,UPDATETIME,REMARK,HELPTEXT) VALUES ('居住状况','2','单位福利分房(含房改房)','','2','1','','','','','','','','','','','','SYS_Designer',null,'2015/11/25 16:06:39','SYS_Designer','2015/11/25 16:06:39','','');
INSERT INTO code_library (CODENO,ITEMNO,ITEMNAME,BANKNO,SORTNO,ISINUSE,ITEMDESCRIBE,ITEMATTRIBUTE,RELATIVECODE,ATTRIBUTE1,ATTRIBUTE2,ATTRIBUTE3,ATTRIBUTE4,ATTRIBUTE5,ATTRIBUTE6,ATTRIBUTE7,ATTRIBUTE8,INPUTUSER,INPUTORG,INPUTTIME,UPDATEUSER,UPDATETIME,REMARK,HELPTEXT) VALUES ('居住状况','3','自置商品房（正在按揭或抵押中）','','3','1','','','','','','','','','','','','SYS_Designer',null,'2015/11/25 16:06:39','SYS_Designer','2015/11/25 16:06:39','','');
INSERT INTO code_library (CODENO,ITEMNO,ITEMNAME,BANKNO,SORTNO,ISINUSE,ITEMDESCRIBE,ITEMATTRIBUTE,RELATIVECODE,ATTRIBUTE1,ATTRIBUTE2,ATTRIBUTE3,ATTRIBUTE4,ATTRIBUTE5,ATTRIBUTE6,ATTRIBUTE7,ATTRIBUTE8,INPUTUSER,INPUTORG,INPUTTIME,UPDATEUSER,UPDATETIME,REMARK,HELPTEXT) VALUES ('居住状况','4','租、借商品房','','4','1','','','','','','','','','','','','SYS_Designer',null,'2015/11/25 16:06:39','SYS_Designer','2015/11/25 17:18:32','','');
INSERT INTO code_library (CODENO,ITEMNO,ITEMNAME,BANKNO,SORTNO,ISINUSE,ITEMDESCRIBE,ITEMATTRIBUTE,RELATIVECODE,ATTRIBUTE1,ATTRIBUTE2,ATTRIBUTE3,ATTRIBUTE4,ATTRIBUTE5,ATTRIBUTE6,ATTRIBUTE7,ATTRIBUTE8,INPUTUSER,INPUTORG,INPUTTIME,UPDATEUSER,UPDATETIME,REMARK,HELPTEXT) VALUES ('行业或企业类别','1','公务员、全额拨款事业单位、银行、电力、电信、石油、烟草行业中由国有资本出资或控股企业、单位的正式职工','','1','1','','','','','','','','','','','','SYS_Designer',null,'2015/11/25 16:18:57','SYS_Designer','2015/11/25 16:18:57','','');
INSERT INTO code_library (CODENO,ITEMNO,ITEMNAME,BANKNO,SORTNO,ISINUSE,ITEMDESCRIBE,ITEMATTRIBUTE,RELATIVECODE,ATTRIBUTE1,ATTRIBUTE2,ATTRIBUTE3,ATTRIBUTE4,ATTRIBUTE5,ATTRIBUTE6,ATTRIBUTE7,ATTRIBUTE8,INPUTUSER,INPUTORG,INPUTTIME,UPDATEUSER,UPDATETIME,REMARK,HELPTEXT) VALUES ('行业或企业类别','2','国有资本出资或控股大中型企业、上市公司','','2','1','','','','','','','','','','','','SYS_Designer',null,'2015/11/25 16:18:57','SYS_Designer','2015/11/25 16:18:57','','');
INSERT INTO code_library (CODENO,ITEMNO,ITEMNAME,BANKNO,SORTNO,ISINUSE,ITEMDESCRIBE,ITEMATTRIBUTE,RELATIVECODE,ATTRIBUTE1,ATTRIBUTE2,ATTRIBUTE3,ATTRIBUTE4,ATTRIBUTE5,ATTRIBUTE6,ATTRIBUTE7,ATTRIBUTE8,INPUTUSER,INPUTORG,INPUTTIME,UPDATEUSER,UPDATETIME,REMARK,HELPTEXT) VALUES ('行业或企业类别','3','企业产值在7000万元以上或个体经营户销售收入在350万元以上','','3','1','','','','','','','','','','','','SYS_Designer',null,'2015/11/25 16:18:57','SYS_Designer','2015/11/25 16:18:57','','');
INSERT INTO code_library (CODENO,ITEMNO,ITEMNAME,BANKNO,SORTNO,ISINUSE,ITEMDESCRIBE,ITEMATTRIBUTE,RELATIVECODE,ATTRIBUTE1,ATTRIBUTE2,ATTRIBUTE3,ATTRIBUTE4,ATTRIBUTE5,ATTRIBUTE6,ATTRIBUTE7,ATTRIBUTE8,INPUTUSER,INPUTORG,INPUTTIME,UPDATEUSER,UPDATETIME,REMARK,HELPTEXT) VALUES ('行业或企业类别','4','企业产值在6000万元以上或个体经营户销售收入在300万元以上','','4','1','','','','','','','','','','','','SYS_Designer',null,'2015/11/25 16:18:57','SYS_Designer','2015/11/25 16:18:57','','');
INSERT INTO code_library (CODENO,ITEMNO,ITEMNAME,BANKNO,SORTNO,ISINUSE,ITEMDESCRIBE,ITEMATTRIBUTE,RELATIVECODE,ATTRIBUTE1,ATTRIBUTE2,ATTRIBUTE3,ATTRIBUTE4,ATTRIBUTE5,ATTRIBUTE6,ATTRIBUTE7,ATTRIBUTE8,INPUTUSER,INPUTORG,INPUTTIME,UPDATEUSER,UPDATETIME,REMARK,HELPTEXT) VALUES ('行业或企业类别','5','企业产值在5000万元以上或个体经营户销售收入在250万元以上','','5','1','','','','','','','','','','','','SYS_Designer',null,'2015/11/25 16:18:57','SYS_Designer','2015/11/25 16:18:57','','');
INSERT INTO code_library (CODENO,ITEMNO,ITEMNAME,BANKNO,SORTNO,ISINUSE,ITEMDESCRIBE,ITEMATTRIBUTE,RELATIVECODE,ATTRIBUTE1,ATTRIBUTE2,ATTRIBUTE3,ATTRIBUTE4,ATTRIBUTE5,ATTRIBUTE6,ATTRIBUTE7,ATTRIBUTE8,INPUTUSER,INPUTORG,INPUTTIME,UPDATEUSER,UPDATETIME,REMARK,HELPTEXT) VALUES ('行业或企业类别','6','企业产值在4000万元以上或个体经营户销售收入在200万元以上','','6','1','','','','','','','','','','','','SYS_Designer',null,'2015/11/25 16:18:57','SYS_Designer','2015/11/25 16:18:57','','');
INSERT INTO code_library (CODENO,ITEMNO,ITEMNAME,BANKNO,SORTNO,ISINUSE,ITEMDESCRIBE,ITEMATTRIBUTE,RELATIVECODE,ATTRIBUTE1,ATTRIBUTE2,ATTRIBUTE3,ATTRIBUTE4,ATTRIBUTE5,ATTRIBUTE6,ATTRIBUTE7,ATTRIBUTE8,INPUTUSER,INPUTORG,INPUTTIME,UPDATEUSER,UPDATETIME,REMARK,HELPTEXT) VALUES ('行业或企业类别','7','企业产值在3000万元以上或个体经营户销售收入在150万元以上','','7','1','','','','','','','','','','','','SYS_Designer',null,'2015/11/25 16:18:57','SYS_Designer','2015/11/25 16:18:57','','');
INSERT INTO code_library (CODENO,ITEMNO,ITEMNAME,BANKNO,SORTNO,ISINUSE,ITEMDESCRIBE,ITEMATTRIBUTE,RELATIVECODE,ATTRIBUTE1,ATTRIBUTE2,ATTRIBUTE3,ATTRIBUTE4,ATTRIBUTE5,ATTRIBUTE6,ATTRIBUTE7,ATTRIBUTE8,INPUTUSER,INPUTORG,INPUTTIME,UPDATEUSER,UPDATETIME,REMARK,HELPTEXT) VALUES ('行业或企业类别','8','企业产值在2000万元以上或个体经营户销售收入在100万元以上','','8','1','','','','','','','','','','','','SYS_Designer',null,'2015/11/25 16:18:57','SYS_Designer','2015/11/25 16:18:57','','');
INSERT INTO code_library (CODENO,ITEMNO,ITEMNAME,BANKNO,SORTNO,ISINUSE,ITEMDESCRIBE,ITEMATTRIBUTE,RELATIVECODE,ATTRIBUTE1,ATTRIBUTE2,ATTRIBUTE3,ATTRIBUTE4,ATTRIBUTE5,ATTRIBUTE6,ATTRIBUTE7,ATTRIBUTE8,INPUTUSER,INPUTORG,INPUTTIME,UPDATEUSER,UPDATETIME,REMARK,HELPTEXT) VALUES ('行业或企业类别','9','企业产值1000万元以上或个体经营户销售收入在50万元以上','','9','1','','','','','','','','','','','','SYS_Designer',null,'2015/11/25 16:18:57','SYS_Designer','2015/11/25 16:18:57','','');
INSERT INTO code_library (CODENO,ITEMNO,ITEMNAME,BANKNO,SORTNO,ISINUSE,ITEMDESCRIBE,ITEMATTRIBUTE,RELATIVECODE,ATTRIBUTE1,ATTRIBUTE2,ATTRIBUTE3,ATTRIBUTE4,ATTRIBUTE5,ATTRIBUTE6,ATTRIBUTE7,ATTRIBUTE8,INPUTUSER,INPUTORG,INPUTTIME,UPDATEUSER,UPDATETIME,REMARK,HELPTEXT) VALUES ('从事岗位','1','行政事业单位处级以上或企业高级管理人员及个体经营业主','','1','1','','','','','','','','','','','','SYS_Designer',null,'2015/11/25 16:20:04','SYS_Designer','2015/11/25 16:20:04','','');
INSERT INTO code_library (CODENO,ITEMNO,ITEMNAME,BANKNO,SORTNO,ISINUSE,ITEMDESCRIBE,ITEMATTRIBUTE,RELATIVECODE,ATTRIBUTE1,ATTRIBUTE2,ATTRIBUTE3,ATTRIBUTE4,ATTRIBUTE5,ATTRIBUTE6,ATTRIBUTE7,ATTRIBUTE8,INPUTUSER,INPUTORG,INPUTTIME,UPDATEUSER,UPDATETIME,REMARK,HELPTEXT) VALUES ('从事岗位','2','行政事业单位科级以上或企业中级管理人员','','2','1','','','','','','','','','','','','SYS_Designer',null,'2015/11/25 16:20:04','SYS_Designer','2015/11/25 16:20:04','','');
INSERT INTO code_library (CODENO,ITEMNO,ITEMNAME,BANKNO,SORTNO,ISINUSE,ITEMDESCRIBE,ITEMATTRIBUTE,RELATIVECODE,ATTRIBUTE1,ATTRIBUTE2,ATTRIBUTE3,ATTRIBUTE4,ATTRIBUTE5,ATTRIBUTE6,ATTRIBUTE7,ATTRIBUTE8,INPUTUSER,INPUTORG,INPUTTIME,UPDATEUSER,UPDATETIME,REMARK,HELPTEXT) VALUES ('从事岗位','3','行政事业单位或企业一般员工','','3','1','','','','','','','','','','','','SYS_Designer',null,'2015/11/25 16:20:04','SYS_Designer','2015/11/25 16:20:04','','');
INSERT INTO code_library (CODENO,ITEMNO,ITEMNAME,BANKNO,SORTNO,ISINUSE,ITEMDESCRIBE,ITEMATTRIBUTE,RELATIVECODE,ATTRIBUTE1,ATTRIBUTE2,ATTRIBUTE3,ATTRIBUTE4,ATTRIBUTE5,ATTRIBUTE6,ATTRIBUTE7,ATTRIBUTE8,INPUTUSER,INPUTORG,INPUTTIME,UPDATEUSER,UPDATETIME,REMARK,HELPTEXT) VALUES ('工作年限','1','1年以下（含1年）','','1','1','','','','','','','','','','','','SYS_Designer',null,'2015/11/25 16:31:09','SYS_Designer','2015/11/25 16:31:09','','');
INSERT INTO code_library (CODENO,ITEMNO,ITEMNAME,BANKNO,SORTNO,ISINUSE,ITEMDESCRIBE,ITEMATTRIBUTE,RELATIVECODE,ATTRIBUTE1,ATTRIBUTE2,ATTRIBUTE3,ATTRIBUTE4,ATTRIBUTE5,ATTRIBUTE6,ATTRIBUTE7,ATTRIBUTE8,INPUTUSER,INPUTORG,INPUTTIME,UPDATEUSER,UPDATETIME,REMARK,HELPTEXT) VALUES ('工作年限','2','2年－3年（含3年)','','2','1','','','','','','','','','','','','SYS_Designer',null,'2015/11/25 16:31:09','SYS_Designer','2015/11/25 16:31:09','','');
INSERT INTO code_library (CODENO,ITEMNO,ITEMNAME,BANKNO,SORTNO,ISINUSE,ITEMDESCRIBE,ITEMATTRIBUTE,RELATIVECODE,ATTRIBUTE1,ATTRIBUTE2,ATTRIBUTE3,ATTRIBUTE4,ATTRIBUTE5,ATTRIBUTE6,ATTRIBUTE7,ATTRIBUTE8,INPUTUSER,INPUTORG,INPUTTIME,UPDATEUSER,UPDATETIME,REMARK,HELPTEXT) VALUES ('工作年限','3','3年－5年(含5年)','','3','1','','','','','','','','','','','','SYS_Designer',null,'2015/11/25 16:31:09','SYS_Designer','2015/11/25 16:31:09','','');
INSERT INTO code_library (CODENO,ITEMNO,ITEMNAME,BANKNO,SORTNO,ISINUSE,ITEMDESCRIBE,ITEMATTRIBUTE,RELATIVECODE,ATTRIBUTE1,ATTRIBUTE2,ATTRIBUTE3,ATTRIBUTE4,ATTRIBUTE5,ATTRIBUTE6,ATTRIBUTE7,ATTRIBUTE8,INPUTUSER,INPUTORG,INPUTTIME,UPDATEUSER,UPDATETIME,REMARK,HELPTEXT) VALUES ('工作年限','4','5年－10年（含10年）','','4','1','','','','','','','','','','','','SYS_Designer',null,'2015/11/25 16:31:09','SYS_Designer','2015/11/25 16:31:09','','');
INSERT INTO code_library (CODENO,ITEMNO,ITEMNAME,BANKNO,SORTNO,ISINUSE,ITEMDESCRIBE,ITEMATTRIBUTE,RELATIVECODE,ATTRIBUTE1,ATTRIBUTE2,ATTRIBUTE3,ATTRIBUTE4,ATTRIBUTE5,ATTRIBUTE6,ATTRIBUTE7,ATTRIBUTE8,INPUTUSER,INPUTORG,INPUTTIME,UPDATEUSER,UPDATETIME,REMARK,HELPTEXT) VALUES ('工作年限','5','10年以上','','5','1','','','','','','','','','','','','SYS_Designer',null,'2015/11/25 16:31:09','SYS_Designer','2015/11/25 16:31:09','','');
INSERT INTO code_library (CODENO,ITEMNO,ITEMNAME,BANKNO,SORTNO,ISINUSE,ITEMDESCRIBE,ITEMATTRIBUTE,RELATIVECODE,ATTRIBUTE1,ATTRIBUTE2,ATTRIBUTE3,ATTRIBUTE4,ATTRIBUTE5,ATTRIBUTE6,ATTRIBUTE7,ATTRIBUTE8,INPUTUSER,INPUTORG,INPUTTIME,UPDATEUSER,UPDATETIME,REMARK,HELPTEXT) VALUES ('个人平均月收入','1','10000元（含）以上','','1','1','','','','','','','','','','','','SYS_Designer',null,'2015/11/25 16:32:44','SYS_Designer','2015/11/25 16:32:44','','');
INSERT INTO code_library (CODENO,ITEMNO,ITEMNAME,BANKNO,SORTNO,ISINUSE,ITEMDESCRIBE,ITEMATTRIBUTE,RELATIVECODE,ATTRIBUTE1,ATTRIBUTE2,ATTRIBUTE3,ATTRIBUTE4,ATTRIBUTE5,ATTRIBUTE6,ATTRIBUTE7,ATTRIBUTE8,INPUTUSER,INPUTORG,INPUTTIME,UPDATEUSER,UPDATETIME,REMARK,HELPTEXT) VALUES ('个人平均月收入','2','8000（含）－10000元','','2','1','','','','','','','','','','','','SYS_Designer',null,'2015/11/25 16:32:44','SYS_Designer','2015/11/25 16:32:44','','');
INSERT INTO code_library (CODENO,ITEMNO,ITEMNAME,BANKNO,SORTNO,ISINUSE,ITEMDESCRIBE,ITEMATTRIBUTE,RELATIVECODE,ATTRIBUTE1,ATTRIBUTE2,ATTRIBUTE3,ATTRIBUTE4,ATTRIBUTE5,ATTRIBUTE6,ATTRIBUTE7,ATTRIBUTE8,INPUTUSER,INPUTORG,INPUTTIME,UPDATEUSER,UPDATETIME,REMARK,HELPTEXT) VALUES ('个人平均月收入','3','6000（含）－8000元','','3','1','','','','','','','','','','','','SYS_Designer',null,'2015/11/25 16:32:44','SYS_Designer','2015/11/25 16:32:44','','');
INSERT INTO code_library (CODENO,ITEMNO,ITEMNAME,BANKNO,SORTNO,ISINUSE,ITEMDESCRIBE,ITEMATTRIBUTE,RELATIVECODE,ATTRIBUTE1,ATTRIBUTE2,ATTRIBUTE3,ATTRIBUTE4,ATTRIBUTE5,ATTRIBUTE6,ATTRIBUTE7,ATTRIBUTE8,INPUTUSER,INPUTORG,INPUTTIME,UPDATEUSER,UPDATETIME,REMARK,HELPTEXT) VALUES ('个人平均月收入','4','4000（含）－6000元','','4','1','','','','','','','','','','','','SYS_Designer',null,'2015/11/25 16:32:44','SYS_Designer','2015/11/25 16:32:44','','');
INSERT INTO code_library (CODENO,ITEMNO,ITEMNAME,BANKNO,SORTNO,ISINUSE,ITEMDESCRIBE,ITEMATTRIBUTE,RELATIVECODE,ATTRIBUTE1,ATTRIBUTE2,ATTRIBUTE3,ATTRIBUTE4,ATTRIBUTE5,ATTRIBUTE6,ATTRIBUTE7,ATTRIBUTE8,INPUTUSER,INPUTORG,INPUTTIME,UPDATEUSER,UPDATETIME,REMARK,HELPTEXT) VALUES ('个人平均月收入','5','2000（含）－4000元','','5','1','','','','','','','','','','','','SYS_Designer',null,'2015/11/25 16:32:44','SYS_Designer','2015/11/25 16:32:44','','');
INSERT INTO code_library (CODENO,ITEMNO,ITEMNAME,BANKNO,SORTNO,ISINUSE,ITEMDESCRIBE,ITEMATTRIBUTE,RELATIVECODE,ATTRIBUTE1,ATTRIBUTE2,ATTRIBUTE3,ATTRIBUTE4,ATTRIBUTE5,ATTRIBUTE6,ATTRIBUTE7,ATTRIBUTE8,INPUTUSER,INPUTORG,INPUTTIME,UPDATEUSER,UPDATETIME,REMARK,HELPTEXT) VALUES ('个人平均月收入','6','1000（含）－2000元','','6','1','','','','','','','','','','','','SYS_Designer',null,'2015/11/25 16:32:44','SYS_Designer','2015/11/25 16:32:44','','');
INSERT INTO code_library (CODENO,ITEMNO,ITEMNAME,BANKNO,SORTNO,ISINUSE,ITEMDESCRIBE,ITEMATTRIBUTE,RELATIVECODE,ATTRIBUTE1,ATTRIBUTE2,ATTRIBUTE3,ATTRIBUTE4,ATTRIBUTE5,ATTRIBUTE6,ATTRIBUTE7,ATTRIBUTE8,INPUTUSER,INPUTORG,INPUTTIME,UPDATEUSER,UPDATETIME,REMARK,HELPTEXT) VALUES ('个人平均月收入','7','不足1000元','','7','1','','','','','','','','','','','','SYS_Designer',null,'2015/11/25 16:32:44','SYS_Designer','2015/11/25 16:32:44','','');
INSERT INTO code_library (CODENO,ITEMNO,ITEMNAME,BANKNO,SORTNO,ISINUSE,ITEMDESCRIBE,ITEMATTRIBUTE,RELATIVECODE,ATTRIBUTE1,ATTRIBUTE2,ATTRIBUTE3,ATTRIBUTE4,ATTRIBUTE5,ATTRIBUTE6,ATTRIBUTE7,ATTRIBUTE8,INPUTUSER,INPUTORG,INPUTTIME,UPDATEUSER,UPDATETIME,REMARK,HELPTEXT) VALUES ('家庭资产负债比率','1','≤30%','','1','1','','','','','','','','','','','','SYS_Designer',null,'2015/11/25 16:33:48','SYS_Designer','2015/11/25 16:33:48','','');
INSERT INTO code_library (CODENO,ITEMNO,ITEMNAME,BANKNO,SORTNO,ISINUSE,ITEMDESCRIBE,ITEMATTRIBUTE,RELATIVECODE,ATTRIBUTE1,ATTRIBUTE2,ATTRIBUTE3,ATTRIBUTE4,ATTRIBUTE5,ATTRIBUTE6,ATTRIBUTE7,ATTRIBUTE8,INPUTUSER,INPUTORG,INPUTTIME,UPDATEUSER,UPDATETIME,REMARK,HELPTEXT) VALUES ('家庭资产负债比率','2','≤60%','','2','1','','','','','','','','','','','','SYS_Designer',null,'2015/11/25 16:33:48','SYS_Designer','2015/11/25 16:33:48','','');
INSERT INTO code_library (CODENO,ITEMNO,ITEMNAME,BANKNO,SORTNO,ISINUSE,ITEMDESCRIBE,ITEMATTRIBUTE,RELATIVECODE,ATTRIBUTE1,ATTRIBUTE2,ATTRIBUTE3,ATTRIBUTE4,ATTRIBUTE5,ATTRIBUTE6,ATTRIBUTE7,ATTRIBUTE8,INPUTUSER,INPUTORG,INPUTTIME,UPDATEUSER,UPDATETIME,REMARK,HELPTEXT) VALUES ('家庭资产负债比率','3','＞60%','','3','1','','','','','','','','','','','','SYS_Designer',null,'2015/11/25 16:33:48','SYS_Designer','2015/11/25 16:33:48','','');
INSERT INTO code_library (CODENO,ITEMNO,ITEMNAME,BANKNO,SORTNO,ISINUSE,ITEMDESCRIBE,ITEMATTRIBUTE,RELATIVECODE,ATTRIBUTE1,ATTRIBUTE2,ATTRIBUTE3,ATTRIBUTE4,ATTRIBUTE5,ATTRIBUTE6,ATTRIBUTE7,ATTRIBUTE8,INPUTUSER,INPUTORG,INPUTTIME,UPDATEUSER,UPDATETIME,REMARK,HELPTEXT) VALUES ('家庭资产总额','1','资产总额在100（含）万元以上','','1','1','','','','','','','','','','','','SYS_Designer',null,'2015/11/25 16:35:51','SYS_Designer','2015/11/25 16:35:51','','');
INSERT INTO code_library (CODENO,ITEMNO,ITEMNAME,BANKNO,SORTNO,ISINUSE,ITEMDESCRIBE,ITEMATTRIBUTE,RELATIVECODE,ATTRIBUTE1,ATTRIBUTE2,ATTRIBUTE3,ATTRIBUTE4,ATTRIBUTE5,ATTRIBUTE6,ATTRIBUTE7,ATTRIBUTE8,INPUTUSER,INPUTORG,INPUTTIME,UPDATEUSER,UPDATETIME,REMARK,HELPTEXT) VALUES ('家庭资产总额','2','资产总额在80（含）万元－100万元','','2','1','','','','','','','','','','','','SYS_Designer',null,'2015/11/25 16:35:51','SYS_Designer','2015/11/25 16:35:51','','');
INSERT INTO code_library (CODENO,ITEMNO,ITEMNAME,BANKNO,SORTNO,ISINUSE,ITEMDESCRIBE,ITEMATTRIBUTE,RELATIVECODE,ATTRIBUTE1,ATTRIBUTE2,ATTRIBUTE3,ATTRIBUTE4,ATTRIBUTE5,ATTRIBUTE6,ATTRIBUTE7,ATTRIBUTE8,INPUTUSER,INPUTORG,INPUTTIME,UPDATEUSER,UPDATETIME,REMARK,HELPTEXT) VALUES ('家庭资产总额','3','资产总额在60（含）万元－80万元','','3','1','','','','','','','','','','','','SYS_Designer',null,'2015/11/25 16:35:51','SYS_Designer','2015/11/25 16:35:51','','');
INSERT INTO code_library (CODENO,ITEMNO,ITEMNAME,BANKNO,SORTNO,ISINUSE,ITEMDESCRIBE,ITEMATTRIBUTE,RELATIVECODE,ATTRIBUTE1,ATTRIBUTE2,ATTRIBUTE3,ATTRIBUTE4,ATTRIBUTE5,ATTRIBUTE6,ATTRIBUTE7,ATTRIBUTE8,INPUTUSER,INPUTORG,INPUTTIME,UPDATEUSER,UPDATETIME,REMARK,HELPTEXT) VALUES ('家庭资产总额','4','资产总额在50（含）万元－60万元以上','','4','1','','','','','','','','','','','','SYS_Designer',null,'2015/11/25 16:35:51','SYS_Designer','2015/11/25 16:35:51','','');
INSERT INTO code_library (CODENO,ITEMNO,ITEMNAME,BANKNO,SORTNO,ISINUSE,ITEMDESCRIBE,ITEMATTRIBUTE,RELATIVECODE,ATTRIBUTE1,ATTRIBUTE2,ATTRIBUTE3,ATTRIBUTE4,ATTRIBUTE5,ATTRIBUTE6,ATTRIBUTE7,ATTRIBUTE8,INPUTUSER,INPUTORG,INPUTTIME,UPDATEUSER,UPDATETIME,REMARK,HELPTEXT) VALUES ('家庭资产总额','5','资产总额在40（含）万元－50万元以上','','5','1','','','','','','','','','','','','SYS_Designer',null,'2015/11/25 16:35:51','SYS_Designer','2015/11/25 16:35:51','','');
INSERT INTO code_library (CODENO,ITEMNO,ITEMNAME,BANKNO,SORTNO,ISINUSE,ITEMDESCRIBE,ITEMATTRIBUTE,RELATIVECODE,ATTRIBUTE1,ATTRIBUTE2,ATTRIBUTE3,ATTRIBUTE4,ATTRIBUTE5,ATTRIBUTE6,ATTRIBUTE7,ATTRIBUTE8,INPUTUSER,INPUTORG,INPUTTIME,UPDATEUSER,UPDATETIME,REMARK,HELPTEXT) VALUES ('家庭资产总额','6','资产总额在30（含）万元－40万元以上','','6','1','','','','','','','','','','','','SYS_Designer',null,'2015/11/25 16:35:51','SYS_Designer','2015/11/25 16:35:51','','');
INSERT INTO code_library (CODENO,ITEMNO,ITEMNAME,BANKNO,SORTNO,ISINUSE,ITEMDESCRIBE,ITEMATTRIBUTE,RELATIVECODE,ATTRIBUTE1,ATTRIBUTE2,ATTRIBUTE3,ATTRIBUTE4,ATTRIBUTE5,ATTRIBUTE6,ATTRIBUTE7,ATTRIBUTE8,INPUTUSER,INPUTORG,INPUTTIME,UPDATEUSER,UPDATETIME,REMARK,HELPTEXT) VALUES ('家庭资产总额','7','资产总额在20（含）万元－30万元以上','','7','1','','','','','','','','','','','','SYS_Designer',null,'2015/11/25 16:35:51','SYS_Designer','2015/11/25 16:35:51','','');
INSERT INTO code_library (CODENO,ITEMNO,ITEMNAME,BANKNO,SORTNO,ISINUSE,ITEMDESCRIBE,ITEMATTRIBUTE,RELATIVECODE,ATTRIBUTE1,ATTRIBUTE2,ATTRIBUTE3,ATTRIBUTE4,ATTRIBUTE5,ATTRIBUTE6,ATTRIBUTE7,ATTRIBUTE8,INPUTUSER,INPUTORG,INPUTTIME,UPDATEUSER,UPDATETIME,REMARK,HELPTEXT) VALUES ('家庭资产总额','8','资产总额在10（含）万元－20万元以上','','8','1','','','','','','','','','','','','SYS_Designer',null,'2015/11/25 16:35:51','SYS_Designer','2015/11/25 16:35:51','','');
INSERT INTO code_library (CODENO,ITEMNO,ITEMNAME,BANKNO,SORTNO,ISINUSE,ITEMDESCRIBE,ITEMATTRIBUTE,RELATIVECODE,ATTRIBUTE1,ATTRIBUTE2,ATTRIBUTE3,ATTRIBUTE4,ATTRIBUTE5,ATTRIBUTE6,ATTRIBUTE7,ATTRIBUTE8,INPUTUSER,INPUTORG,INPUTTIME,UPDATEUSER,UPDATETIME,REMARK,HELPTEXT) VALUES ('家庭资产总额','9','资产总额在10万元以下','','9','1','','','','','','','','','','','','SYS_Designer',null,'2015/11/25 16:35:51','SYS_Designer','2015/11/25 16:35:51','','');
INSERT INTO code_library (CODENO,ITEMNO,ITEMNAME,BANKNO,SORTNO,ISINUSE,ITEMDESCRIBE,ITEMATTRIBUTE,RELATIVECODE,ATTRIBUTE1,ATTRIBUTE2,ATTRIBUTE3,ATTRIBUTE4,ATTRIBUTE5,ATTRIBUTE6,ATTRIBUTE7,ATTRIBUTE8,INPUTUSER,INPUTORG,INPUTTIME,UPDATEUSER,UPDATETIME,REMARK,HELPTEXT) VALUES ('信用记录','1','有3年（含3年）以上信贷记录，信用记录良好，无任何拖欠贷款本息记录','','1','1','','','','','','','','','','','','SYS_Designer',null,'2015/11/25 16:49:13','SYS_Designer','2015/11/25 16:50:15','','');
INSERT INTO code_library (CODENO,ITEMNO,ITEMNAME,BANKNO,SORTNO,ISINUSE,ITEMDESCRIBE,ITEMATTRIBUTE,RELATIVECODE,ATTRIBUTE1,ATTRIBUTE2,ATTRIBUTE3,ATTRIBUTE4,ATTRIBUTE5,ATTRIBUTE6,ATTRIBUTE7,ATTRIBUTE8,INPUTUSER,INPUTORG,INPUTTIME,UPDATEUSER,UPDATETIME,REMARK,HELPTEXT) VALUES ('信用记录','2','近3年无任何拖欠贷款本息记录','','2','1','','','','','','','','','','','','SYS_Designer',null,'2015/11/25 16:49:13','SYS_Designer','2015/11/25 16:50:15','','');
INSERT INTO code_library (CODENO,ITEMNO,ITEMNAME,BANKNO,SORTNO,ISINUSE,ITEMDESCRIBE,ITEMATTRIBUTE,RELATIVECODE,ATTRIBUTE1,ATTRIBUTE2,ATTRIBUTE3,ATTRIBUTE4,ATTRIBUTE5,ATTRIBUTE6,ATTRIBUTE7,ATTRIBUTE8,INPUTUSER,INPUTORG,INPUTTIME,UPDATEUSER,UPDATETIME,REMARK,HELPTEXT) VALUES ('信用记录','3','无贷款纪录','','3','1','','','','','','','','','','','','SYS_Designer',null,'2015/11/25 16:49:13','SYS_Designer','2015/11/25 16:50:15','','');
INSERT INTO code_library (CODENO,ITEMNO,ITEMNAME,BANKNO,SORTNO,ISINUSE,ITEMDESCRIBE,ITEMATTRIBUTE,RELATIVECODE,ATTRIBUTE1,ATTRIBUTE2,ATTRIBUTE3,ATTRIBUTE4,ATTRIBUTE5,ATTRIBUTE6,ATTRIBUTE7,ATTRIBUTE8,INPUTUSER,INPUTORG,INPUTTIME,UPDATEUSER,UPDATETIME,REMARK,HELPTEXT) VALUES ('信用记录','4','近3年按揭贷款1期或累计1期发生拖欠记录，在评级之日起拖欠款项已还清','','4','1','','','','','','','','','','','','SYS_Designer',null,'2015/11/25 16:49:13','SYS_Designer','2015/11/25 16:50:15','','');
INSERT INTO code_library (CODENO,ITEMNO,ITEMNAME,BANKNO,SORTNO,ISINUSE,ITEMDESCRIBE,ITEMATTRIBUTE,RELATIVECODE,ATTRIBUTE1,ATTRIBUTE2,ATTRIBUTE3,ATTRIBUTE4,ATTRIBUTE5,ATTRIBUTE6,ATTRIBUTE7,ATTRIBUTE8,INPUTUSER,INPUTORG,INPUTTIME,UPDATEUSER,UPDATETIME,REMARK,HELPTEXT) VALUES ('信用记录','5','近3年按揭贷款连续2期或累计2期发生拖欠记录，在评级之日起拖欠款项已还清','','5','1','','','','','','','','','','','','SYS_Designer',null,'2015/11/25 16:49:13','SYS_Designer','2015/11/25 16:50:15','','');
INSERT INTO code_library (CODENO,ITEMNO,ITEMNAME,BANKNO,SORTNO,ISINUSE,ITEMDESCRIBE,ITEMATTRIBUTE,RELATIVECODE,ATTRIBUTE1,ATTRIBUTE2,ATTRIBUTE3,ATTRIBUTE4,ATTRIBUTE5,ATTRIBUTE6,ATTRIBUTE7,ATTRIBUTE8,INPUTUSER,INPUTORG,INPUTTIME,UPDATEUSER,UPDATETIME,REMARK,HELPTEXT) VALUES ('信用记录','6','近3年按揭贷款连续3期或累计3期发生拖欠记录，在评级之日起拖欠款项已还清','','6','1','','','','','','','','','','','','SYS_Designer',null,'2015/11/25 16:49:13','SYS_Designer','2015/11/25 16:50:15','','');
INSERT INTO code_library (CODENO,ITEMNO,ITEMNAME,BANKNO,SORTNO,ISINUSE,ITEMDESCRIBE,ITEMATTRIBUTE,RELATIVECODE,ATTRIBUTE1,ATTRIBUTE2,ATTRIBUTE3,ATTRIBUTE4,ATTRIBUTE5,ATTRIBUTE6,ATTRIBUTE7,ATTRIBUTE8,INPUTUSER,INPUTORG,INPUTTIME,UPDATEUSER,UPDATETIME,REMARK,HELPTEXT) VALUES ('信用记录','7','非按揭贷款有拖欠记录，按揭贷款连续4期或累计超过4期发生拖欠记录，在评级之日起拖欠款项已还清','','7','1','','','','','','','','','','','','SYS_Designer',null,'2015/11/25 16:49:13','SYS_Designer','2015/11/25 16:50:15','','');
INSERT INTO code_library (CODENO,ITEMNO,ITEMNAME,BANKNO,SORTNO,ISINUSE,ITEMDESCRIBE,ITEMATTRIBUTE,RELATIVECODE,ATTRIBUTE1,ATTRIBUTE2,ATTRIBUTE3,ATTRIBUTE4,ATTRIBUTE5,ATTRIBUTE6,ATTRIBUTE7,ATTRIBUTE8,INPUTUSER,INPUTORG,INPUTTIME,UPDATEUSER,UPDATETIME,REMARK,HELPTEXT) VALUES ('信用记录','8','有拖欠款项记录（所欠款项未结清）','','8','1','','','','','','','','','','','','SYS_Designer',null,'2015/11/25 16:49:13','SYS_Designer','2015/11/25 16:50:15','','');
INSERT INTO code_library (CODENO,ITEMNO,ITEMNAME,BANKNO,SORTNO,ISINUSE,ITEMDESCRIBE,ITEMATTRIBUTE,RELATIVECODE,ATTRIBUTE1,ATTRIBUTE2,ATTRIBUTE3,ATTRIBUTE4,ATTRIBUTE5,ATTRIBUTE6,ATTRIBUTE7,ATTRIBUTE8,INPUTUSER,INPUTORG,INPUTTIME,UPDATEUSER,UPDATETIME,REMARK,HELPTEXT) VALUES ('信用记录','9','按揭贷款连续拖欠6期以上或贷款逾期6个月以上','','9','1','','','','','','','','','','','','SYS_Designer',null,'2015/11/25 16:49:13','SYS_Designer','2015/11/25 16:50:15','','');
INSERT INTO code_library (CODENO,ITEMNO,ITEMNAME,BANKNO,SORTNO,ISINUSE,ITEMDESCRIBE,ITEMATTRIBUTE,RELATIVECODE,ATTRIBUTE1,ATTRIBUTE2,ATTRIBUTE3,ATTRIBUTE4,ATTRIBUTE5,ATTRIBUTE6,ATTRIBUTE7,ATTRIBUTE8,INPUTUSER,INPUTORG,INPUTTIME,UPDATEUSER,UPDATETIME,REMARK,HELPTEXT) VALUES ('信用记录','10','因拖欠款项被银行起诉','','10','1','','','','','','','','','','','','SYS_Designer',null,'2015/11/25 16:49:13','SYS_Designer','2015/11/25 16:50:15','','');
INSERT INTO code_library (CODENO,ITEMNO,ITEMNAME,BANKNO,SORTNO,ISINUSE,ITEMDESCRIBE,ITEMATTRIBUTE,RELATIVECODE,ATTRIBUTE1,ATTRIBUTE2,ATTRIBUTE3,ATTRIBUTE4,ATTRIBUTE5,ATTRIBUTE6,ATTRIBUTE7,ATTRIBUTE8,INPUTUSER,INPUTORG,INPUTTIME,UPDATEUSER,UPDATETIME,REMARK,HELPTEXT) VALUES ('与我行往来情况','1','结算账户在我行，资金往来在350万元以上，或我行代发工资户或在我行定期存款5万元以上','','1','1','','','','','','','','','','','','SYS_Designer',null,'2015/11/25 16:51:46','SYS_Designer','2015/11/25 16:51:46','','');
INSERT INTO code_library (CODENO,ITEMNO,ITEMNAME,BANKNO,SORTNO,ISINUSE,ITEMDESCRIBE,ITEMATTRIBUTE,RELATIVECODE,ATTRIBUTE1,ATTRIBUTE2,ATTRIBUTE3,ATTRIBUTE4,ATTRIBUTE5,ATTRIBUTE6,ATTRIBUTE7,ATTRIBUTE8,INPUTUSER,INPUTORG,INPUTTIME,UPDATEUSER,UPDATETIME,REMARK,HELPTEXT) VALUES ('与我行往来情况','2','结算账户在我行，资金往来在250－350万元（含）以下，或在我行定期存款4万元以上','','2','1','','','','','','','','','','','','SYS_Designer',null,'2015/11/25 16:51:46','SYS_Designer','2015/11/25 16:51:46','','');
INSERT INTO code_library (CODENO,ITEMNO,ITEMNAME,BANKNO,SORTNO,ISINUSE,ITEMDESCRIBE,ITEMATTRIBUTE,RELATIVECODE,ATTRIBUTE1,ATTRIBUTE2,ATTRIBUTE3,ATTRIBUTE4,ATTRIBUTE5,ATTRIBUTE6,ATTRIBUTE7,ATTRIBUTE8,INPUTUSER,INPUTORG,INPUTTIME,UPDATEUSER,UPDATETIME,REMARK,HELPTEXT) VALUES ('与我行往来情况','3','结算账户在我行，资金往来在150－250万元（含）以下，或在我行定期存款3万元以上','','3','1','','','','','','','','','','','','SYS_Designer',null,'2015/11/25 16:51:46','SYS_Designer','2015/11/25 16:51:46','','');
INSERT INTO code_library (CODENO,ITEMNO,ITEMNAME,BANKNO,SORTNO,ISINUSE,ITEMDESCRIBE,ITEMATTRIBUTE,RELATIVECODE,ATTRIBUTE1,ATTRIBUTE2,ATTRIBUTE3,ATTRIBUTE4,ATTRIBUTE5,ATTRIBUTE6,ATTRIBUTE7,ATTRIBUTE8,INPUTUSER,INPUTORG,INPUTTIME,UPDATEUSER,UPDATETIME,REMARK,HELPTEXT) VALUES ('与我行往来情况','4','结算账户在我行，资金往来在50－150万元（含）以下，或在我行定期存款2万元以上','','4','1','','','','','','','','','','','','SYS_Designer',null,'2015/11/25 16:51:46','SYS_Designer','2015/11/25 16:51:46','','');
INSERT INTO code_library (CODENO,ITEMNO,ITEMNAME,BANKNO,SORTNO,ISINUSE,ITEMDESCRIBE,ITEMATTRIBUTE,RELATIVECODE,ATTRIBUTE1,ATTRIBUTE2,ATTRIBUTE3,ATTRIBUTE4,ATTRIBUTE5,ATTRIBUTE6,ATTRIBUTE7,ATTRIBUTE8,INPUTUSER,INPUTORG,INPUTTIME,UPDATEUSER,UPDATETIME,REMARK,HELPTEXT) VALUES ('与我行往来情况','5','结算账户在我行，资金往来在50万元（含）以下，或在我行定期存款1万元以上','','5','1','','','','','','','','','','','','SYS_Designer',null,'2015/11/25 16:51:46','SYS_Designer','2015/11/25 16:51:46','','');
INSERT INTO code_library (CODENO,ITEMNO,ITEMNAME,BANKNO,SORTNO,ISINUSE,ITEMDESCRIBE,ITEMATTRIBUTE,RELATIVECODE,ATTRIBUTE1,ATTRIBUTE2,ATTRIBUTE3,ATTRIBUTE4,ATTRIBUTE5,ATTRIBUTE6,ATTRIBUTE7,ATTRIBUTE8,INPUTUSER,INPUTORG,INPUTTIME,UPDATEUSER,UPDATETIME,REMARK,HELPTEXT) VALUES ('个人纳税情况','1','未足额纳税及未纳税','','1','1','','','','','','','','','','','','SYS_Designer',null,'2015/11/25 17:07:50','SYS_Designer','2015/11/25 17:07:50','','');
INSERT INTO code_library (CODENO,ITEMNO,ITEMNAME,BANKNO,SORTNO,ISINUSE,ITEMDESCRIBE,ITEMATTRIBUTE,RELATIVECODE,ATTRIBUTE1,ATTRIBUTE2,ATTRIBUTE3,ATTRIBUTE4,ATTRIBUTE5,ATTRIBUTE6,ATTRIBUTE7,ATTRIBUTE8,INPUTUSER,INPUTORG,INPUTTIME,UPDATEUSER,UPDATETIME,REMARK,HELPTEXT) VALUES ('个人纳税情况','2','足额纳税','','2','1','','','','','','','','','','','','SYS_Designer',null,'2015/11/25 17:07:50','SYS_Designer','2015/11/25 17:07:50','','');
INSERT INTO code_library (CODENO,ITEMNO,ITEMNAME,BANKNO,SORTNO,ISINUSE,ITEMDESCRIBE,ITEMATTRIBUTE,RELATIVECODE,ATTRIBUTE1,ATTRIBUTE2,ATTRIBUTE3,ATTRIBUTE4,ATTRIBUTE5,ATTRIBUTE6,ATTRIBUTE7,ATTRIBUTE8,INPUTUSER,INPUTORG,INPUTTIME,UPDATEUSER,UPDATETIME,REMARK,HELPTEXT) VALUES ('个人投保情况','1','无社会保险','','1','1','','','','','','','','','','','','SYS_Designer',null,'2015/11/25 17:08:53','SYS_Designer','2015/11/25 17:08:53','','');
INSERT INTO code_library (CODENO,ITEMNO,ITEMNAME,BANKNO,SORTNO,ISINUSE,ITEMDESCRIBE,ITEMATTRIBUTE,RELATIVECODE,ATTRIBUTE1,ATTRIBUTE2,ATTRIBUTE3,ATTRIBUTE4,ATTRIBUTE5,ATTRIBUTE6,ATTRIBUTE7,ATTRIBUTE8,INPUTUSER,INPUTORG,INPUTTIME,UPDATEUSER,UPDATETIME,REMARK,HELPTEXT) VALUES ('个人投保情况','2','社会保险','','2','1','','','','','','','','','','','','SYS_Designer',null,'2015/11/25 17:08:53','SYS_Designer','2015/11/25 17:08:53','','');
INSERT INTO code_library (CODENO,ITEMNO,ITEMNAME,BANKNO,SORTNO,ISINUSE,ITEMDESCRIBE,ITEMATTRIBUTE,RELATIVECODE,ATTRIBUTE1,ATTRIBUTE2,ATTRIBUTE3,ATTRIBUTE4,ATTRIBUTE5,ATTRIBUTE6,ATTRIBUTE7,ATTRIBUTE8,INPUTUSER,INPUTORG,INPUTTIME,UPDATEUSER,UPDATETIME,REMARK,HELPTEXT) VALUES ('个人投保情况','3','无商业保险','','3','1','','','','','','','','','','','','SYS_Designer',null,'2015/11/25 17:08:53','SYS_Designer','2015/11/25 17:08:53','','');
INSERT INTO code_library (CODENO,ITEMNO,ITEMNAME,BANKNO,SORTNO,ISINUSE,ITEMDESCRIBE,ITEMATTRIBUTE,RELATIVECODE,ATTRIBUTE1,ATTRIBUTE2,ATTRIBUTE3,ATTRIBUTE4,ATTRIBUTE5,ATTRIBUTE6,ATTRIBUTE7,ATTRIBUTE8,INPUTUSER,INPUTORG,INPUTTIME,UPDATEUSER,UPDATETIME,REMARK,HELPTEXT) VALUES ('个人投保情况','4','商业保险','','4','1','','','','','','','','','','','','SYS_Designer',null,'2015/11/25 17:08:53','SYS_Designer','2015/11/25 17:08:53','','');











