/***************************Evaluate_Catalog 2015.11.25************************************/
--wche 2015-11-25 在Evaluate_Catalog中添加一个评级模型
--SELECT * FROM Evaluate_Catalog where modelno= 'GRXYDJPG';
INSERT INTO Evaluate_Catalog (MODELNO,MODELNAME,MODELTYPE,MODELDESCRIBE,TRANSFORMMETHOD,REMARK) VALUES ('GRXYDJPG','个人信用等级评估(练习)','015','','if(#TotalScore<40,"D",if(#TotalScore<45,"C",if(#TotalScore<50,"CC",if(#TotalScore<60,"CCC",if(#TotalScore<65,"B",if(#TotalScore<70,"BB",if(#TotalScore<80,"BBB",if(#TotalScore<85,"A",if(#TotalScore<90,"AA","AAA")))))))))','');

/***************************Code_Catalog 2015.11.25************************************/
--wche 2015-11-25 在Code_Catalog中添加个人评级模型中需要的字段
--SELECT * FROM code_catalog where codetypeone = '2.信用评级' and inputtime like '%2015/11/25%';
INSERT INTO code_catalog (CODENO,SORTNO,CODETYPEONE,CODETYPETWO,CODENAME,CODEDESCRIBE,CODEATTRIBUTE,INPUTUSER,INPUTORG,INPUTTIME,UPDATEUSER,UPDATETIME,REMARK) VALUES ('户口状况','00200032','2.信用评级','个人信用等级评估','户口状况','','','SYS_Designer',null,'2015/11/25 10:20:57','SYS_Designer','2015/11/25 10:20:57','');
INSERT INTO code_catalog (CODENO,SORTNO,CODETYPEONE,CODETYPETWO,CODENAME,CODEDESCRIBE,CODEATTRIBUTE,INPUTUSER,INPUTORG,INPUTTIME,UPDATEUSER,UPDATETIME,REMARK) VALUES ('在本地居住时间','00200033','2.信用评级','个人信用等级评估','在本地居住时间','','','SYS_Designer',null,'2015/11/25 10:23:29','SYS_Designer','2015/11/25 10:23:29','');
INSERT INTO code_catalog (CODENO,SORTNO,CODETYPEONE,CODETYPETWO,CODENAME,CODEDESCRIBE,CODEATTRIBUTE,INPUTUSER,INPUTORG,INPUTTIME,UPDATEUSER,UPDATETIME,REMARK) VALUES ('个人学历','00200034','2.信用评级','个人信用等级评估','个人学历','','','SYS_Designer',null,'2015/11/25 10:51:09','SYS_Designer','2015/11/25 10:51:09','');
INSERT INTO code_catalog (CODENO,SORTNO,CODETYPEONE,CODETYPETWO,CODENAME,CODEDESCRIBE,CODEATTRIBUTE,INPUTUSER,INPUTORG,INPUTTIME,UPDATEUSER,UPDATETIME,REMARK) VALUES ('职称','00200035','2.信用评级','个人信用等级评估','职称','','','SYS_Designer',null,'2015/11/25 10:55:09','SYS_Designer','2015/11/25 10:55:09','');
INSERT INTO code_catalog (CODENO,SORTNO,CODETYPEONE,CODETYPETWO,CODENAME,CODEDESCRIBE,CODEATTRIBUTE,INPUTUSER,INPUTORG,INPUTTIME,UPDATEUSER,UPDATETIME,REMARK) VALUES ('婚姻状况(练习)','00200036','2.信用评级','个人信用等级评估','婚姻状况(练习)','','','SYS_Designer',null,'2015/11/25 10:56:13','SYS_Designer','2015/11/25 10:56:13','');
INSERT INTO code_catalog (CODENO,SORTNO,CODETYPEONE,CODETYPETWO,CODENAME,CODEDESCRIBE,CODEATTRIBUTE,INPUTUSER,INPUTORG,INPUTTIME,UPDATEUSER,UPDATETIME,REMARK) VALUES ('居住状况','00200037','2.信用评级','个人信用等级评估','居住状况','','','SYS_Designer',null,'2015/11/25 10:57:28','SYS_Designer','2015/11/25 10:57:28','');
INSERT INTO code_catalog (CODENO,SORTNO,CODETYPEONE,CODETYPETWO,CODENAME,CODEDESCRIBE,CODEATTRIBUTE,INPUTUSER,INPUTORG,INPUTTIME,UPDATEUSER,UPDATETIME,REMARK) VALUES ('行业或企业类别','00200038','2.信用评级','个人信用等级评估','行业或企业类别','','','SYS_Designer',null,'2015/11/25 10:59:29','SYS_Designer','2015/11/25 10:59:29','');
INSERT INTO code_catalog (CODENO,SORTNO,CODETYPEONE,CODETYPETWO,CODENAME,CODEDESCRIBE,CODEATTRIBUTE,INPUTUSER,INPUTORG,INPUTTIME,UPDATEUSER,UPDATETIME,REMARK) VALUES ('从事岗位','00200039','2.信用评级','个人信用等级评估','从事岗位','','','SYS_Designer',null,'2015/11/25 11:03:19','SYS_Designer','2015/11/25 11:03:19','');
INSERT INTO code_catalog (CODENO,SORTNO,CODETYPEONE,CODETYPETWO,CODENAME,CODEDESCRIBE,CODEATTRIBUTE,INPUTUSER,INPUTORG,INPUTTIME,UPDATEUSER,UPDATETIME,REMARK) VALUES ('个人平均月收入','00200040','2.信用评级','个人信用等级评估','个人平均月收入','','','SYS_Designer',null,'2015/11/25 11:09:27','SYS_Designer','2015/11/25 11:09:27','');
INSERT INTO code_catalog (CODENO,SORTNO,CODETYPEONE,CODETYPETWO,CODENAME,CODEDESCRIBE,CODEATTRIBUTE,INPUTUSER,INPUTORG,INPUTTIME,UPDATEUSER,UPDATETIME,REMARK) VALUES ('家庭资产负债比率','00200041','2.信用评级','个人信用等级评估','家庭资产负债比率','','','SYS_Designer',null,'2015/11/25 11:11:40','SYS_Designer','2015/11/25 11:11:40','');
INSERT INTO code_catalog (CODENO,SORTNO,CODETYPEONE,CODETYPETWO,CODENAME,CODEDESCRIBE,CODEATTRIBUTE,INPUTUSER,INPUTORG,INPUTTIME,UPDATEUSER,UPDATETIME,REMARK) VALUES (' 家庭资产总额','00200042','2.信用评级','个人信用等级评估',' 家庭资产总额','','','SYS_Designer',null,'2015/11/25 11:12:32','SYS_Designer','2015/11/25 11:13:17','');
INSERT INTO code_catalog (CODENO,SORTNO,CODETYPEONE,CODETYPETWO,CODENAME,CODEDESCRIBE,CODEATTRIBUTE,INPUTUSER,INPUTORG,INPUTTIME,UPDATEUSER,UPDATETIME,REMARK) VALUES ('信用记录','00200043','2.信用评级','个人信用等级评估','信用记录','','','SYS_Designer',null,'2015/11/25 11:15:54','SYS_Designer','2015/11/25 11:15:54','');
INSERT INTO code_catalog (CODENO,SORTNO,CODETYPEONE,CODETYPETWO,CODENAME,CODEDESCRIBE,CODEATTRIBUTE,INPUTUSER,INPUTORG,INPUTTIME,UPDATEUSER,UPDATETIME,REMARK) VALUES ('与我行往来情况','00200044','2.信用评级','个人信用等级评估','与我行往来情况','','','SYS_Designer',null,'2015/11/25 11:21:25','SYS_Designer','2015/11/25 11:21:25','');
INSERT INTO code_catalog (CODENO,SORTNO,CODETYPEONE,CODETYPETWO,CODENAME,CODEDESCRIBE,CODEATTRIBUTE,INPUTUSER,INPUTORG,INPUTTIME,UPDATEUSER,UPDATETIME,REMARK) VALUES ('纳税情况(练习)','00200045','2.信用评级','个人信用等级评估','纳税情况(练习)','','','SYS_Designer',null,'2015/11/25 11:24:12','SYS_Designer','2015/11/25 11:24:12','');
INSERT INTO code_catalog (CODENO,SORTNO,CODETYPEONE,CODETYPETWO,CODENAME,CODEDESCRIBE,CODEATTRIBUTE,INPUTUSER,INPUTORG,INPUTTIME,UPDATEUSER,UPDATETIME,REMARK) VALUES ('社保投保情况','00200046','2.信用评级','个人信用等级评估','社保投保情况','','','SYS_Designer',null,'2015/11/25 11:25:26','SYS_Designer','2015/11/25 11:27:25','');
INSERT INTO code_catalog (CODENO,SORTNO,CODETYPEONE,CODETYPETWO,CODENAME,CODEDESCRIBE,CODEATTRIBUTE,INPUTUSER,INPUTORG,INPUTTIME,UPDATEUSER,UPDATETIME,REMARK) VALUES ('商保投保情况','00200047','2.信用评级','个人信用等级评估','商保投保情况','','','SYS_Designer',null,'2015/11/25 11:28:23','SYS_Designer','2015/11/25 11:28:23','');
INSERT INTO code_catalog (CODENO,SORTNO,CODETYPEONE,CODETYPETWO,CODENAME,CODEDESCRIBE,CODEATTRIBUTE,INPUTUSER,INPUTORG,INPUTTIME,UPDATEUSER,UPDATETIME,REMARK) VALUES ('个人信用民事纠纷状况','00200048','2.信用评级','个人信用等级评估','个人信用民事纠纷状况','','','SYS_Designer',null,'2015/11/25 11:29:41','SYS_Designer','2015/11/25 11:30:29','');
INSERT INTO code_catalog (CODENO,SORTNO,CODETYPEONE,CODETYPETWO,CODENAME,CODEDESCRIBE,CODEATTRIBUTE,INPUTUSER,INPUTORG,INPUTTIME,UPDATEUSER,UPDATETIME,REMARK) VALUES ('个人信用行政处罚记录','00200049','2.信用评级','个人信用等级评估','个人信用行政处罚记录','','','SYS_Designer',null,'2015/11/25 11:32:06','SYS_Designer','2015/11/25 11:32:06','');
INSERT INTO code_catalog (CODENO,SORTNO,CODETYPEONE,CODETYPETWO,CODENAME,CODEDESCRIBE,CODEATTRIBUTE,INPUTUSER,INPUTORG,INPUTTIME,UPDATEUSER,UPDATETIME,REMARK) VALUES ('董事长学历','00200247','2.信用评级','企业信用等级评估','董事长学历','','','SYS_Designer',null,'2015/11/25 14:33:57','SYS_Designer','2015/11/25 14:33:57','');
INSERT INTO code_catalog (CODENO,SORTNO,CODETYPEONE,CODETYPETWO,CODENAME,CODEDESCRIBE,CODEATTRIBUTE,INPUTUSER,INPUTORG,INPUTTIME,UPDATEUSER,UPDATETIME,REMARK) VALUES ('员工本科以上学历占比A','00200248','2.信用评级','企业信用等级评估','员工本科以上学历占比A','','','SYS_Designer',null,'2015/11/25 16:46:33','SYS_Designer','2015/11/25 16:49:23','');


/***************************Code_Library 2015.11.25************************************/
--wche 2015-11-25在Code_Library中添加每个字段下面的选项
--select * from code_library where inputtime like '%2015/11/25%'

INSERT INTO "DB2INST1"."CODE_LIBRARY" (CODENO,ITEMNO,ITEMNAME,BANKNO,SORTNO,ISINUSE,ITEMDESCRIBE,ITEMATTRIBUTE,RELATIVECODE,ATTRIBUTE1,ATTRIBUTE2,ATTRIBUTE3,ATTRIBUTE4,ATTRIBUTE5,ATTRIBUTE6,ATTRIBUTE7,ATTRIBUTE8,INPUTUSER,INPUTORG,INPUTTIME,UPDATEUSER,UPDATETIME,REMARK,HELPTEXT) VALUES ('户口状况','1','本地常住户口或有本地居住证','','1','1','3','','','','','','','','','','','SYS_Designer',null,'2015/11/25 10:20:57','SYS_Designer','2015/11/25 10:20:57','','');
INSERT INTO "DB2INST1"."CODE_LIBRARY" (CODENO,ITEMNO,ITEMNAME,BANKNO,SORTNO,ISINUSE,ITEMDESCRIBE,ITEMATTRIBUTE,RELATIVECODE,ATTRIBUTE1,ATTRIBUTE2,ATTRIBUTE3,ATTRIBUTE4,ATTRIBUTE5,ATTRIBUTE6,ATTRIBUTE7,ATTRIBUTE8,INPUTUSER,INPUTORG,INPUTTIME,UPDATEUSER,UPDATETIME,REMARK,HELPTEXT) VALUES ('户口状况','2','非本地户口','','2','1','0','','','','','','','','','','','SYS_Designer',null,'2015/11/25 10:20:57','SYS_Designer','2015/11/25 10:20:57','','');
INSERT INTO "DB2INST1"."CODE_LIBRARY" (CODENO,ITEMNO,ITEMNAME,BANKNO,SORTNO,ISINUSE,ITEMDESCRIBE,ITEMATTRIBUTE,RELATIVECODE,ATTRIBUTE1,ATTRIBUTE2,ATTRIBUTE3,ATTRIBUTE4,ATTRIBUTE5,ATTRIBUTE6,ATTRIBUTE7,ATTRIBUTE8,INPUTUSER,INPUTORG,INPUTTIME,UPDATEUSER,UPDATETIME,REMARK,HELPTEXT) VALUES ('在本地居住时间','1','2年以下','','1','1','0','','','','','','','','','','','SYS_Designer',null,'2015/11/25 10:23:29','SYS_Designer','2015/11/25 10:23:29','','');
INSERT INTO "DB2INST1"."CODE_LIBRARY" (CODENO,ITEMNO,ITEMNAME,BANKNO,SORTNO,ISINUSE,ITEMDESCRIBE,ITEMATTRIBUTE,RELATIVECODE,ATTRIBUTE1,ATTRIBUTE2,ATTRIBUTE3,ATTRIBUTE4,ATTRIBUTE5,ATTRIBUTE6,ATTRIBUTE7,ATTRIBUTE8,INPUTUSER,INPUTORG,INPUTTIME,UPDATEUSER,UPDATETIME,REMARK,HELPTEXT) VALUES ('在本地居住时间','2','2年－3年(含2年)','','2','1','1','','','','','','','','','','','SYS_Designer',null,'2015/11/25 10:23:29','SYS_Designer','2015/11/25 10:23:29','','');
INSERT INTO "DB2INST1"."CODE_LIBRARY" (CODENO,ITEMNO,ITEMNAME,BANKNO,SORTNO,ISINUSE,ITEMDESCRIBE,ITEMATTRIBUTE,RELATIVECODE,ATTRIBUTE1,ATTRIBUTE2,ATTRIBUTE3,ATTRIBUTE4,ATTRIBUTE5,ATTRIBUTE6,ATTRIBUTE7,ATTRIBUTE8,INPUTUSER,INPUTORG,INPUTTIME,UPDATEUSER,UPDATETIME,REMARK,HELPTEXT) VALUES ('在本地居住时间','3','3年－5年(含3年)','','3','1','2','','','','','','','','','','','SYS_Designer',null,'2015/11/25 10:23:53','SYS_Designer','2015/11/25 10:23:53','','');
INSERT INTO "DB2INST1"."CODE_LIBRARY" (CODENO,ITEMNO,ITEMNAME,BANKNO,SORTNO,ISINUSE,ITEMDESCRIBE,ITEMATTRIBUTE,RELATIVECODE,ATTRIBUTE1,ATTRIBUTE2,ATTRIBUTE3,ATTRIBUTE4,ATTRIBUTE5,ATTRIBUTE6,ATTRIBUTE7,ATTRIBUTE8,INPUTUSER,INPUTORG,INPUTTIME,UPDATEUSER,UPDATETIME,REMARK,HELPTEXT) VALUES ('在本地居住时间','4','5年以上(含5年)','','4','1','3','','','','','','','','','','','SYS_Designer',null,'2015/11/25 10:23:53','SYS_Designer','2015/11/25 10:23:53','','');
INSERT INTO "DB2INST1"."CODE_LIBRARY" (CODENO,ITEMNO,ITEMNAME,BANKNO,SORTNO,ISINUSE,ITEMDESCRIBE,ITEMATTRIBUTE,RELATIVECODE,ATTRIBUTE1,ATTRIBUTE2,ATTRIBUTE3,ATTRIBUTE4,ATTRIBUTE5,ATTRIBUTE6,ATTRIBUTE7,ATTRIBUTE8,INPUTUSER,INPUTORG,INPUTTIME,UPDATEUSER,UPDATETIME,REMARK,HELPTEXT) VALUES ('个人学历','1','硕士以上(含硕士)','','1','1','4','','','','','','','','','','','SYS_Designer',null,'2015/11/25 10:51:09','SYS_Designer','2015/11/25 13:44:07','','');
INSERT INTO "DB2INST1"."CODE_LIBRARY" (CODENO,ITEMNO,ITEMNAME,BANKNO,SORTNO,ISINUSE,ITEMDESCRIBE,ITEMATTRIBUTE,RELATIVECODE,ATTRIBUTE1,ATTRIBUTE2,ATTRIBUTE3,ATTRIBUTE4,ATTRIBUTE5,ATTRIBUTE6,ATTRIBUTE7,ATTRIBUTE8,INPUTUSER,INPUTORG,INPUTTIME,UPDATEUSER,UPDATETIME,REMARK,HELPTEXT) VALUES ('个人学历','2','大学本科','','2','1','3','','','','','','','','','','','SYS_Designer',null,'2015/11/25 10:52:21','SYS_Designer','2015/11/25 10:52:21','','');
INSERT INTO "DB2INST1"."CODE_LIBRARY" (CODENO,ITEMNO,ITEMNAME,BANKNO,SORTNO,ISINUSE,ITEMDESCRIBE,ITEMATTRIBUTE,RELATIVECODE,ATTRIBUTE1,ATTRIBUTE2,ATTRIBUTE3,ATTRIBUTE4,ATTRIBUTE5,ATTRIBUTE6,ATTRIBUTE7,ATTRIBUTE8,INPUTUSER,INPUTORG,INPUTTIME,UPDATEUSER,UPDATETIME,REMARK,HELPTEXT) VALUES ('个人学历','3','大专','','3','1','2','','','','','','','','','','','SYS_Designer',null,'2015/11/25 10:52:21','SYS_Designer','2015/11/25 10:52:46','','');
INSERT INTO "DB2INST1"."CODE_LIBRARY" (CODENO,ITEMNO,ITEMNAME,BANKNO,SORTNO,ISINUSE,ITEMDESCRIBE,ITEMATTRIBUTE,RELATIVECODE,ATTRIBUTE1,ATTRIBUTE2,ATTRIBUTE3,ATTRIBUTE4,ATTRIBUTE5,ATTRIBUTE6,ATTRIBUTE7,ATTRIBUTE8,INPUTUSER,INPUTORG,INPUTTIME,UPDATEUSER,UPDATETIME,REMARK,HELPTEXT) VALUES ('个人学历','4','高中或其他','','4','1','1','','','','','','','','','','','SYS_Designer',null,'2015/11/25 10:52:46','SYS_Designer','2015/11/25 10:52:46','','');
INSERT INTO "DB2INST1"."CODE_LIBRARY" (CODENO,ITEMNO,ITEMNAME,BANKNO,SORTNO,ISINUSE,ITEMDESCRIBE,ITEMATTRIBUTE,RELATIVECODE,ATTRIBUTE1,ATTRIBUTE2,ATTRIBUTE3,ATTRIBUTE4,ATTRIBUTE5,ATTRIBUTE6,ATTRIBUTE7,ATTRIBUTE8,INPUTUSER,INPUTORG,INPUTTIME,UPDATEUSER,UPDATETIME,REMARK,HELPTEXT) VALUES ('职称','1','高级职称','','1','1','3','','','','','','','','','','','SYS_Designer',null,'2015/11/25 10:55:09','SYS_Designer','2015/11/25 10:55:09','','');
INSERT INTO "DB2INST1"."CODE_LIBRARY" (CODENO,ITEMNO,ITEMNAME,BANKNO,SORTNO,ISINUSE,ITEMDESCRIBE,ITEMATTRIBUTE,RELATIVECODE,ATTRIBUTE1,ATTRIBUTE2,ATTRIBUTE3,ATTRIBUTE4,ATTRIBUTE5,ATTRIBUTE6,ATTRIBUTE7,ATTRIBUTE8,INPUTUSER,INPUTORG,INPUTTIME,UPDATEUSER,UPDATETIME,REMARK,HELPTEXT) VALUES ('职称','2','中级职称','','2','1','2','','','','','','','','','','','SYS_Designer',null,'2015/11/25 10:55:09','SYS_Designer','2015/11/25 10:55:09','','');
INSERT INTO "DB2INST1"."CODE_LIBRARY" (CODENO,ITEMNO,ITEMNAME,BANKNO,SORTNO,ISINUSE,ITEMDESCRIBE,ITEMATTRIBUTE,RELATIVECODE,ATTRIBUTE1,ATTRIBUTE2,ATTRIBUTE3,ATTRIBUTE4,ATTRIBUTE5,ATTRIBUTE6,ATTRIBUTE7,ATTRIBUTE8,INPUTUSER,INPUTORG,INPUTTIME,UPDATEUSER,UPDATETIME,REMARK,HELPTEXT) VALUES ('职称','3','初级职称','','3','1','1','','','','','','','','','','','SYS_Designer',null,'2015/11/25 10:55:09','SYS_Designer','2015/11/25 10:55:09','','');
INSERT INTO "DB2INST1"."CODE_LIBRARY" (CODENO,ITEMNO,ITEMNAME,BANKNO,SORTNO,ISINUSE,ITEMDESCRIBE,ITEMATTRIBUTE,RELATIVECODE,ATTRIBUTE1,ATTRIBUTE2,ATTRIBUTE3,ATTRIBUTE4,ATTRIBUTE5,ATTRIBUTE6,ATTRIBUTE7,ATTRIBUTE8,INPUTUSER,INPUTORG,INPUTTIME,UPDATEUSER,UPDATETIME,REMARK,HELPTEXT) VALUES ('婚姻状况(练习)','1','已婚有子女','','1','1','3','','','','','','','','','','','SYS_Designer',null,'2015/11/25 10:56:59','SYS_Designer','2015/11/25 10:56:59','','');
INSERT INTO "DB2INST1"."CODE_LIBRARY" (CODENO,ITEMNO,ITEMNAME,BANKNO,SORTNO,ISINUSE,ITEMDESCRIBE,ITEMATTRIBUTE,RELATIVECODE,ATTRIBUTE1,ATTRIBUTE2,ATTRIBUTE3,ATTRIBUTE4,ATTRIBUTE5,ATTRIBUTE6,ATTRIBUTE7,ATTRIBUTE8,INPUTUSER,INPUTORG,INPUTTIME,UPDATEUSER,UPDATETIME,REMARK,HELPTEXT) VALUES ('婚姻状况(练习)','2','已婚无子女','','2','1','2','','','','','','','','','','','SYS_Designer',null,'2015/11/25 10:56:59','SYS_Designer','2015/11/25 10:56:59','','');
INSERT INTO "DB2INST1"."CODE_LIBRARY" (CODENO,ITEMNO,ITEMNAME,BANKNO,SORTNO,ISINUSE,ITEMDESCRIBE,ITEMATTRIBUTE,RELATIVECODE,ATTRIBUTE1,ATTRIBUTE2,ATTRIBUTE3,ATTRIBUTE4,ATTRIBUTE5,ATTRIBUTE6,ATTRIBUTE7,ATTRIBUTE8,INPUTUSER,INPUTORG,INPUTTIME,UPDATEUSER,UPDATETIME,REMARK,HELPTEXT) VALUES ('婚姻状况(练习)','3','未婚','','3','1','1','','','','','','','','','','','SYS_Designer',null,'2015/11/25 10:56:59','SYS_Designer','2015/11/25 10:56:59','','');
INSERT INTO "DB2INST1"."CODE_LIBRARY" (CODENO,ITEMNO,ITEMNAME,BANKNO,SORTNO,ISINUSE,ITEMDESCRIBE,ITEMATTRIBUTE,RELATIVECODE,ATTRIBUTE1,ATTRIBUTE2,ATTRIBUTE3,ATTRIBUTE4,ATTRIBUTE5,ATTRIBUTE6,ATTRIBUTE7,ATTRIBUTE8,INPUTUSER,INPUTORG,INPUTTIME,UPDATEUSER,UPDATETIME,REMARK,HELPTEXT) VALUES ('居住状况','1','自置商品房','','1','1','3','','','','','','','','','','','SYS_Designer',null,'2015/11/25 10:57:49','SYS_Designer','2015/11/25 10:57:49','','');
INSERT INTO "DB2INST1"."CODE_LIBRARY" (CODENO,ITEMNO,ITEMNAME,BANKNO,SORTNO,ISINUSE,ITEMDESCRIBE,ITEMATTRIBUTE,RELATIVECODE,ATTRIBUTE1,ATTRIBUTE2,ATTRIBUTE3,ATTRIBUTE4,ATTRIBUTE5,ATTRIBUTE6,ATTRIBUTE7,ATTRIBUTE8,INPUTUSER,INPUTORG,INPUTTIME,UPDATEUSER,UPDATETIME,REMARK,HELPTEXT) VALUES ('居住状况','2','单位福利分房(含房改房)','','2','1','2','','','','','','','','','','','SYS_Designer',null,'2015/11/25 10:57:49','SYS_Designer','2015/11/25 10:57:59','','');
INSERT INTO "DB2INST1"."CODE_LIBRARY" (CODENO,ITEMNO,ITEMNAME,BANKNO,SORTNO,ISINUSE,ITEMDESCRIBE,ITEMATTRIBUTE,RELATIVECODE,ATTRIBUTE1,ATTRIBUTE2,ATTRIBUTE3,ATTRIBUTE4,ATTRIBUTE5,ATTRIBUTE6,ATTRIBUTE7,ATTRIBUTE8,INPUTUSER,INPUTORG,INPUTTIME,UPDATEUSER,UPDATETIME,REMARK,HELPTEXT) VALUES ('居住状况','3','自置商品房（正在按揭或抵押中）','','3','1','1','','','','','','','','','','','SYS_Designer',null,'2015/11/25 10:58:17','SYS_Designer','2015/11/25 10:58:17','','');
INSERT INTO "DB2INST1"."CODE_LIBRARY" (CODENO,ITEMNO,ITEMNAME,BANKNO,SORTNO,ISINUSE,ITEMDESCRIBE,ITEMATTRIBUTE,RELATIVECODE,ATTRIBUTE1,ATTRIBUTE2,ATTRIBUTE3,ATTRIBUTE4,ATTRIBUTE5,ATTRIBUTE6,ATTRIBUTE7,ATTRIBUTE8,INPUTUSER,INPUTORG,INPUTTIME,UPDATEUSER,UPDATETIME,REMARK,HELPTEXT) VALUES ('居住状况','4','租、借商品房','','4','1','-3','','','','','','','','','','','SYS_Designer',null,'2015/11/25 10:58:37','SYS_Designer','2015/11/25 10:58:37','','');
INSERT INTO "DB2INST1"."CODE_LIBRARY" (CODENO,ITEMNO,ITEMNAME,BANKNO,SORTNO,ISINUSE,ITEMDESCRIBE,ITEMATTRIBUTE,RELATIVECODE,ATTRIBUTE1,ATTRIBUTE2,ATTRIBUTE3,ATTRIBUTE4,ATTRIBUTE5,ATTRIBUTE6,ATTRIBUTE7,ATTRIBUTE8,INPUTUSER,INPUTORG,INPUTTIME,UPDATEUSER,UPDATETIME,REMARK,HELPTEXT) VALUES ('行业或企业类别','1','公务员、全额拨款事业单位、银行、电力、电信、石油、烟草行业中由国有资本出资或控股企业、单位的正式职工','','1','1','9','','','','','','','','','','','SYS_Designer',null,'2015/11/25 11:00:03','SYS_Designer','2015/11/25 11:00:30','','');
INSERT INTO "DB2INST1"."CODE_LIBRARY" (CODENO,ITEMNO,ITEMNAME,BANKNO,SORTNO,ISINUSE,ITEMDESCRIBE,ITEMATTRIBUTE,RELATIVECODE,ATTRIBUTE1,ATTRIBUTE2,ATTRIBUTE3,ATTRIBUTE4,ATTRIBUTE5,ATTRIBUTE6,ATTRIBUTE7,ATTRIBUTE8,INPUTUSER,INPUTORG,INPUTTIME,UPDATEUSER,UPDATETIME,REMARK,HELPTEXT) VALUES ('行业或企业类别','2','国有资本出资或控股大中型企业、上市公司','','2','1','8','','','','','','','','','','','SYS_Designer',null,'2015/11/25 11:00:30','SYS_Designer','2015/11/25 11:00:30','','');
INSERT INTO "DB2INST1"."CODE_LIBRARY" (CODENO,ITEMNO,ITEMNAME,BANKNO,SORTNO,ISINUSE,ITEMDESCRIBE,ITEMATTRIBUTE,RELATIVECODE,ATTRIBUTE1,ATTRIBUTE2,ATTRIBUTE3,ATTRIBUTE4,ATTRIBUTE5,ATTRIBUTE6,ATTRIBUTE7,ATTRIBUTE8,INPUTUSER,INPUTORG,INPUTTIME,UPDATEUSER,UPDATETIME,REMARK,HELPTEXT) VALUES ('行业或企业类别','3','企业产值在7000万元以上或个体经营户销售收入在350万元以上','','3','1','7','','','','','','','','','','','SYS_Designer',null,'2015/11/25 11:01:04','SYS_Designer','2015/11/25 11:01:04','','');
INSERT INTO "DB2INST1"."CODE_LIBRARY" (CODENO,ITEMNO,ITEMNAME,BANKNO,SORTNO,ISINUSE,ITEMDESCRIBE,ITEMATTRIBUTE,RELATIVECODE,ATTRIBUTE1,ATTRIBUTE2,ATTRIBUTE3,ATTRIBUTE4,ATTRIBUTE5,ATTRIBUTE6,ATTRIBUTE7,ATTRIBUTE8,INPUTUSER,INPUTORG,INPUTTIME,UPDATEUSER,UPDATETIME,REMARK,HELPTEXT) VALUES ('行业或企业类别','4','企业产值在6000万元以上或个体经营户销售收入在300万元以上','','4','1','6','','','','','','','','','','','SYS_Designer',null,'2015/11/25 11:01:49','SYS_Designer','2015/11/25 11:02:49','','');
INSERT INTO "DB2INST1"."CODE_LIBRARY" (CODENO,ITEMNO,ITEMNAME,BANKNO,SORTNO,ISINUSE,ITEMDESCRIBE,ITEMATTRIBUTE,RELATIVECODE,ATTRIBUTE1,ATTRIBUTE2,ATTRIBUTE3,ATTRIBUTE4,ATTRIBUTE5,ATTRIBUTE6,ATTRIBUTE7,ATTRIBUTE8,INPUTUSER,INPUTORG,INPUTTIME,UPDATEUSER,UPDATETIME,REMARK,HELPTEXT) VALUES ('行业或企业类别','5','企业产值在5000万元以上或个体经营户销售收入在250万元以上','','5','1','5','','','','','','','','','','','SYS_Designer',null,'2015/11/25 11:01:49','SYS_Designer','2015/11/25 11:02:49','','');
INSERT INTO "DB2INST1"."CODE_LIBRARY" (CODENO,ITEMNO,ITEMNAME,BANKNO,SORTNO,ISINUSE,ITEMDESCRIBE,ITEMATTRIBUTE,RELATIVECODE,ATTRIBUTE1,ATTRIBUTE2,ATTRIBUTE3,ATTRIBUTE4,ATTRIBUTE5,ATTRIBUTE6,ATTRIBUTE7,ATTRIBUTE8,INPUTUSER,INPUTORG,INPUTTIME,UPDATEUSER,UPDATETIME,REMARK,HELPTEXT) VALUES ('行业或企业类别','6','企业产值在4000万元以上或个体经营户销售收入在200万元以上','','6','1','4','','','','','','','','','','','SYS_Designer',null,'2015/11/25 11:01:49','SYS_Designer','2015/11/25 11:02:49','','');
INSERT INTO "DB2INST1"."CODE_LIBRARY" (CODENO,ITEMNO,ITEMNAME,BANKNO,SORTNO,ISINUSE,ITEMDESCRIBE,ITEMATTRIBUTE,RELATIVECODE,ATTRIBUTE1,ATTRIBUTE2,ATTRIBUTE3,ATTRIBUTE4,ATTRIBUTE5,ATTRIBUTE6,ATTRIBUTE7,ATTRIBUTE8,INPUTUSER,INPUTORG,INPUTTIME,UPDATEUSER,UPDATETIME,REMARK,HELPTEXT) VALUES ('行业或企业类别','7','企业产值在3000万元以上或个体经营户销售收入在150万元以上','','7','1','3','','','','','','','','','','','SYS_Designer',null,'2015/11/25 11:01:49','SYS_Designer','2015/11/25 11:02:49','','');
INSERT INTO "DB2INST1"."CODE_LIBRARY" (CODENO,ITEMNO,ITEMNAME,BANKNO,SORTNO,ISINUSE,ITEMDESCRIBE,ITEMATTRIBUTE,RELATIVECODE,ATTRIBUTE1,ATTRIBUTE2,ATTRIBUTE3,ATTRIBUTE4,ATTRIBUTE5,ATTRIBUTE6,ATTRIBUTE7,ATTRIBUTE8,INPUTUSER,INPUTORG,INPUTTIME,UPDATEUSER,UPDATETIME,REMARK,HELPTEXT) VALUES ('行业或企业类别','8','企业产值在2000万元以上或个体经营户销售收入在100万元以上','','8','1','2','','','','','','','','','','','SYS_Designer',null,'2015/11/25 11:01:49','SYS_Designer','2015/11/25 11:02:49','','');
INSERT INTO "DB2INST1"."CODE_LIBRARY" (CODENO,ITEMNO,ITEMNAME,BANKNO,SORTNO,ISINUSE,ITEMDESCRIBE,ITEMATTRIBUTE,RELATIVECODE,ATTRIBUTE1,ATTRIBUTE2,ATTRIBUTE3,ATTRIBUTE4,ATTRIBUTE5,ATTRIBUTE6,ATTRIBUTE7,ATTRIBUTE8,INPUTUSER,INPUTORG,INPUTTIME,UPDATEUSER,UPDATETIME,REMARK,HELPTEXT) VALUES ('行业或企业类别','9','企业产值1000万元以上或个体经营户销售收入在50万元以上','','9','1','1','','','','','','','','','','','SYS_Designer',null,'2015/11/25 11:01:49','SYS_Designer','2015/11/25 11:02:49','','');
INSERT INTO "DB2INST1"."CODE_LIBRARY" (CODENO,ITEMNO,ITEMNAME,BANKNO,SORTNO,ISINUSE,ITEMDESCRIBE,ITEMATTRIBUTE,RELATIVECODE,ATTRIBUTE1,ATTRIBUTE2,ATTRIBUTE3,ATTRIBUTE4,ATTRIBUTE5,ATTRIBUTE6,ATTRIBUTE7,ATTRIBUTE8,INPUTUSER,INPUTORG,INPUTTIME,UPDATEUSER,UPDATETIME,REMARK,HELPTEXT) VALUES ('从事岗位','1','行政事业单位处级以上或企业高级管理人员及个体经营业主','','1','1','7','','','','','','','','','','','SYS_Designer',null,'2015/11/25 11:04:29','SYS_Designer','2015/11/25 11:04:29','','');
INSERT INTO "DB2INST1"."CODE_LIBRARY" (CODENO,ITEMNO,ITEMNAME,BANKNO,SORTNO,ISINUSE,ITEMDESCRIBE,ITEMATTRIBUTE,RELATIVECODE,ATTRIBUTE1,ATTRIBUTE2,ATTRIBUTE3,ATTRIBUTE4,ATTRIBUTE5,ATTRIBUTE6,ATTRIBUTE7,ATTRIBUTE8,INPUTUSER,INPUTORG,INPUTTIME,UPDATEUSER,UPDATETIME,REMARK,HELPTEXT) VALUES ('从事岗位','2','行政事业单位科级以上或企业中级管理人员','','2','1','6','','','','','','','','','','','SYS_Designer',null,'2015/11/25 11:04:29','SYS_Designer','2015/11/25 11:04:29','','');
INSERT INTO "DB2INST1"."CODE_LIBRARY" (CODENO,ITEMNO,ITEMNAME,BANKNO,SORTNO,ISINUSE,ITEMDESCRIBE,ITEMATTRIBUTE,RELATIVECODE,ATTRIBUTE1,ATTRIBUTE2,ATTRIBUTE3,ATTRIBUTE4,ATTRIBUTE5,ATTRIBUTE6,ATTRIBUTE7,ATTRIBUTE8,INPUTUSER,INPUTORG,INPUTTIME,UPDATEUSER,UPDATETIME,REMARK,HELPTEXT) VALUES ('从事岗位','3','行政事业单位或企业一般员工','','3','1','5','','','','','','','','','','','SYS_Designer',null,'2015/11/25 11:04:29','SYS_Designer','2015/11/25 11:04:29','','');
INSERT INTO "DB2INST1"."CODE_LIBRARY" (CODENO,ITEMNO,ITEMNAME,BANKNO,SORTNO,ISINUSE,ITEMDESCRIBE,ITEMATTRIBUTE,RELATIVECODE,ATTRIBUTE1,ATTRIBUTE2,ATTRIBUTE3,ATTRIBUTE4,ATTRIBUTE5,ATTRIBUTE6,ATTRIBUTE7,ATTRIBUTE8,INPUTUSER,INPUTORG,INPUTTIME,UPDATEUSER,UPDATETIME,REMARK,HELPTEXT) VALUES ('个人平均月收入','1','10000元（含）以上','','1','1','12','','','','','','','','','','','SYS_Designer',null,'2015/11/25 11:11:18','SYS_Designer','2015/11/25 11:11:18','','');
INSERT INTO "DB2INST1"."CODE_LIBRARY" (CODENO,ITEMNO,ITEMNAME,BANKNO,SORTNO,ISINUSE,ITEMDESCRIBE,ITEMATTRIBUTE,RELATIVECODE,ATTRIBUTE1,ATTRIBUTE2,ATTRIBUTE3,ATTRIBUTE4,ATTRIBUTE5,ATTRIBUTE6,ATTRIBUTE7,ATTRIBUTE8,INPUTUSER,INPUTORG,INPUTTIME,UPDATEUSER,UPDATETIME,REMARK,HELPTEXT) VALUES ('个人平均月收入','2','8000（含）－10000元','','2','1','10','','','','','','','','','','','SYS_Designer',null,'2015/11/25 11:11:18','SYS_Designer','2015/11/25 11:11:18','','');
INSERT INTO "DB2INST1"."CODE_LIBRARY" (CODENO,ITEMNO,ITEMNAME,BANKNO,SORTNO,ISINUSE,ITEMDESCRIBE,ITEMATTRIBUTE,RELATIVECODE,ATTRIBUTE1,ATTRIBUTE2,ATTRIBUTE3,ATTRIBUTE4,ATTRIBUTE5,ATTRIBUTE6,ATTRIBUTE7,ATTRIBUTE8,INPUTUSER,INPUTORG,INPUTTIME,UPDATEUSER,UPDATETIME,REMARK,HELPTEXT) VALUES ('个人平均月收入','3','6000（含）－8000元','','3','1','8','','','','','','','','','','','SYS_Designer',null,'2015/11/25 11:11:18','SYS_Designer','2015/11/25 11:11:18','','');
INSERT INTO "DB2INST1"."CODE_LIBRARY" (CODENO,ITEMNO,ITEMNAME,BANKNO,SORTNO,ISINUSE,ITEMDESCRIBE,ITEMATTRIBUTE,RELATIVECODE,ATTRIBUTE1,ATTRIBUTE2,ATTRIBUTE3,ATTRIBUTE4,ATTRIBUTE5,ATTRIBUTE6,ATTRIBUTE7,ATTRIBUTE8,INPUTUSER,INPUTORG,INPUTTIME,UPDATEUSER,UPDATETIME,REMARK,HELPTEXT) VALUES ('个人平均月收入','4','4000（含）－6000元','','4','1','6','','','','','','','','','','','SYS_Designer',null,'2015/11/25 11:11:18','SYS_Designer','2015/11/25 11:11:18','','');
INSERT INTO "DB2INST1"."CODE_LIBRARY" (CODENO,ITEMNO,ITEMNAME,BANKNO,SORTNO,ISINUSE,ITEMDESCRIBE,ITEMATTRIBUTE,RELATIVECODE,ATTRIBUTE1,ATTRIBUTE2,ATTRIBUTE3,ATTRIBUTE4,ATTRIBUTE5,ATTRIBUTE6,ATTRIBUTE7,ATTRIBUTE8,INPUTUSER,INPUTORG,INPUTTIME,UPDATEUSER,UPDATETIME,REMARK,HELPTEXT) VALUES ('个人平均月收入','5','2000（含）－4000元','','5','1','4','','','','','','','','','','','SYS_Designer',null,'2015/11/25 11:11:18','SYS_Designer','2015/11/25 11:11:18','','');
INSERT INTO "DB2INST1"."CODE_LIBRARY" (CODENO,ITEMNO,ITEMNAME,BANKNO,SORTNO,ISINUSE,ITEMDESCRIBE,ITEMATTRIBUTE,RELATIVECODE,ATTRIBUTE1,ATTRIBUTE2,ATTRIBUTE3,ATTRIBUTE4,ATTRIBUTE5,ATTRIBUTE6,ATTRIBUTE7,ATTRIBUTE8,INPUTUSER,INPUTORG,INPUTTIME,UPDATEUSER,UPDATETIME,REMARK,HELPTEXT) VALUES ('个人平均月收入','6','1000（含）－2000元','','6','1','2','','','','','','','','','','','SYS_Designer',null,'2015/11/25 11:11:18','SYS_Designer','2015/11/25 11:11:18','','');
INSERT INTO "DB2INST1"."CODE_LIBRARY" (CODENO,ITEMNO,ITEMNAME,BANKNO,SORTNO,ISINUSE,ITEMDESCRIBE,ITEMATTRIBUTE,RELATIVECODE,ATTRIBUTE1,ATTRIBUTE2,ATTRIBUTE3,ATTRIBUTE4,ATTRIBUTE5,ATTRIBUTE6,ATTRIBUTE7,ATTRIBUTE8,INPUTUSER,INPUTORG,INPUTTIME,UPDATEUSER,UPDATETIME,REMARK,HELPTEXT) VALUES ('个人平均月收入','7','不足1000元','','7','1','0','','','','','','','','','','','SYS_Designer',null,'2015/11/25 11:11:18','SYS_Designer','2015/11/25 11:11:18','','');
INSERT INTO "DB2INST1"."CODE_LIBRARY" (CODENO,ITEMNO,ITEMNAME,BANKNO,SORTNO,ISINUSE,ITEMDESCRIBE,ITEMATTRIBUTE,RELATIVECODE,ATTRIBUTE1,ATTRIBUTE2,ATTRIBUTE3,ATTRIBUTE4,ATTRIBUTE5,ATTRIBUTE6,ATTRIBUTE7,ATTRIBUTE8,INPUTUSER,INPUTORG,INPUTTIME,UPDATEUSER,UPDATETIME,REMARK,HELPTEXT) VALUES ('家庭资产负债比率','1','≤30%','','1','1','6','','','','','','','','','','','SYS_Designer',null,'2015/11/25 11:12:32','SYS_Designer','2015/11/25 11:12:32','','');
INSERT INTO "DB2INST1"."CODE_LIBRARY" (CODENO,ITEMNO,ITEMNAME,BANKNO,SORTNO,ISINUSE,ITEMDESCRIBE,ITEMATTRIBUTE,RELATIVECODE,ATTRIBUTE1,ATTRIBUTE2,ATTRIBUTE3,ATTRIBUTE4,ATTRIBUTE5,ATTRIBUTE6,ATTRIBUTE7,ATTRIBUTE8,INPUTUSER,INPUTORG,INPUTTIME,UPDATEUSER,UPDATETIME,REMARK,HELPTEXT) VALUES ('家庭资产负债比率','2','≤60%','','2','1','3','','','','','','','','','','','SYS_Designer',null,'2015/11/25 11:12:32','SYS_Designer','2015/11/25 11:12:32','','');
INSERT INTO "DB2INST1"."CODE_LIBRARY" (CODENO,ITEMNO,ITEMNAME,BANKNO,SORTNO,ISINUSE,ITEMDESCRIBE,ITEMATTRIBUTE,RELATIVECODE,ATTRIBUTE1,ATTRIBUTE2,ATTRIBUTE3,ATTRIBUTE4,ATTRIBUTE5,ATTRIBUTE6,ATTRIBUTE7,ATTRIBUTE8,INPUTUSER,INPUTORG,INPUTTIME,UPDATEUSER,UPDATETIME,REMARK,HELPTEXT) VALUES ('家庭资产负债比率','3','＞60%','','3','1','0','','','','','','','','','','','SYS_Designer',null,'2015/11/25 11:12:32','SYS_Designer','2015/11/25 11:12:32','','');
INSERT INTO "DB2INST1"."CODE_LIBRARY" (CODENO,ITEMNO,ITEMNAME,BANKNO,SORTNO,ISINUSE,ITEMDESCRIBE,ITEMATTRIBUTE,RELATIVECODE,ATTRIBUTE1,ATTRIBUTE2,ATTRIBUTE3,ATTRIBUTE4,ATTRIBUTE5,ATTRIBUTE6,ATTRIBUTE7,ATTRIBUTE8,INPUTUSER,INPUTORG,INPUTTIME,UPDATEUSER,UPDATETIME,REMARK,HELPTEXT) VALUES (' 家庭资产总额','1','资产总额在100（含）万元以上','','1','1','16','','','','','','','','','','','SYS_Designer',null,'2015/11/25 11:15:26','SYS_Designer','2015/11/25 11:15:26','','');
INSERT INTO "DB2INST1"."CODE_LIBRARY" (CODENO,ITEMNO,ITEMNAME,BANKNO,SORTNO,ISINUSE,ITEMDESCRIBE,ITEMATTRIBUTE,RELATIVECODE,ATTRIBUTE1,ATTRIBUTE2,ATTRIBUTE3,ATTRIBUTE4,ATTRIBUTE5,ATTRIBUTE6,ATTRIBUTE7,ATTRIBUTE8,INPUTUSER,INPUTORG,INPUTTIME,UPDATEUSER,UPDATETIME,REMARK,HELPTEXT) VALUES (' 家庭资产总额','2','资产总额在80（含）万元－100万元','','2','1','14','','','','','','','','','','','SYS_Designer',null,'2015/11/25 11:15:26','SYS_Designer','2015/11/25 11:15:26','','');
INSERT INTO "DB2INST1"."CODE_LIBRARY" (CODENO,ITEMNO,ITEMNAME,BANKNO,SORTNO,ISINUSE,ITEMDESCRIBE,ITEMATTRIBUTE,RELATIVECODE,ATTRIBUTE1,ATTRIBUTE2,ATTRIBUTE3,ATTRIBUTE4,ATTRIBUTE5,ATTRIBUTE6,ATTRIBUTE7,ATTRIBUTE8,INPUTUSER,INPUTORG,INPUTTIME,UPDATEUSER,UPDATETIME,REMARK,HELPTEXT) VALUES (' 家庭资产总额','3','资产总额在60（含）万元－80万元','','3','1','12','','','','','','','','','','','SYS_Designer',null,'2015/11/25 11:15:26','SYS_Designer','2015/11/25 11:15:26','','');
INSERT INTO "DB2INST1"."CODE_LIBRARY" (CODENO,ITEMNO,ITEMNAME,BANKNO,SORTNO,ISINUSE,ITEMDESCRIBE,ITEMATTRIBUTE,RELATIVECODE,ATTRIBUTE1,ATTRIBUTE2,ATTRIBUTE3,ATTRIBUTE4,ATTRIBUTE5,ATTRIBUTE6,ATTRIBUTE7,ATTRIBUTE8,INPUTUSER,INPUTORG,INPUTTIME,UPDATEUSER,UPDATETIME,REMARK,HELPTEXT) VALUES (' 家庭资产总额','4','资产总额在50（含）万元－60万元以上','','4','1','10','','','','','','','','','','','SYS_Designer',null,'2015/11/25 11:15:26','SYS_Designer','2015/11/25 11:15:26','','');
INSERT INTO "DB2INST1"."CODE_LIBRARY" (CODENO,ITEMNO,ITEMNAME,BANKNO,SORTNO,ISINUSE,ITEMDESCRIBE,ITEMATTRIBUTE,RELATIVECODE,ATTRIBUTE1,ATTRIBUTE2,ATTRIBUTE3,ATTRIBUTE4,ATTRIBUTE5,ATTRIBUTE6,ATTRIBUTE7,ATTRIBUTE8,INPUTUSER,INPUTORG,INPUTTIME,UPDATEUSER,UPDATETIME,REMARK,HELPTEXT) VALUES (' 家庭资产总额','5','资产总额在40（含）万元－50万元以上','','5','1','8','','','','','','','','','','','SYS_Designer',null,'2015/11/25 11:15:26','SYS_Designer','2015/11/25 11:15:26','','');
INSERT INTO "DB2INST1"."CODE_LIBRARY" (CODENO,ITEMNO,ITEMNAME,BANKNO,SORTNO,ISINUSE,ITEMDESCRIBE,ITEMATTRIBUTE,RELATIVECODE,ATTRIBUTE1,ATTRIBUTE2,ATTRIBUTE3,ATTRIBUTE4,ATTRIBUTE5,ATTRIBUTE6,ATTRIBUTE7,ATTRIBUTE8,INPUTUSER,INPUTORG,INPUTTIME,UPDATEUSER,UPDATETIME,REMARK,HELPTEXT) VALUES (' 家庭资产总额','6','资产总额在30（含）万元－40万元以上','','6','1','6','','','','','','','','','','','SYS_Designer',null,'2015/11/25 11:15:26','SYS_Designer','2015/11/25 11:15:26','','');
INSERT INTO "DB2INST1"."CODE_LIBRARY" (CODENO,ITEMNO,ITEMNAME,BANKNO,SORTNO,ISINUSE,ITEMDESCRIBE,ITEMATTRIBUTE,RELATIVECODE,ATTRIBUTE1,ATTRIBUTE2,ATTRIBUTE3,ATTRIBUTE4,ATTRIBUTE5,ATTRIBUTE6,ATTRIBUTE7,ATTRIBUTE8,INPUTUSER,INPUTORG,INPUTTIME,UPDATEUSER,UPDATETIME,REMARK,HELPTEXT) VALUES (' 家庭资产总额','7','资产总额在20（含）万元－30万元以上','','7','1','4','','','','','','','','','','','SYS_Designer',null,'2015/11/25 11:15:26','SYS_Designer','2015/11/25 11:15:26','','');
INSERT INTO "DB2INST1"."CODE_LIBRARY" (CODENO,ITEMNO,ITEMNAME,BANKNO,SORTNO,ISINUSE,ITEMDESCRIBE,ITEMATTRIBUTE,RELATIVECODE,ATTRIBUTE1,ATTRIBUTE2,ATTRIBUTE3,ATTRIBUTE4,ATTRIBUTE5,ATTRIBUTE6,ATTRIBUTE7,ATTRIBUTE8,INPUTUSER,INPUTORG,INPUTTIME,UPDATEUSER,UPDATETIME,REMARK,HELPTEXT) VALUES (' 家庭资产总额','8','资产总额在10（含）万元－20万元以上','','8','1','2','','','','','','','','','','','SYS_Designer',null,'2015/11/25 11:15:26','SYS_Designer','2015/11/25 11:15:26','','');
INSERT INTO "DB2INST1"."CODE_LIBRARY" (CODENO,ITEMNO,ITEMNAME,BANKNO,SORTNO,ISINUSE,ITEMDESCRIBE,ITEMATTRIBUTE,RELATIVECODE,ATTRIBUTE1,ATTRIBUTE2,ATTRIBUTE3,ATTRIBUTE4,ATTRIBUTE5,ATTRIBUTE6,ATTRIBUTE7,ATTRIBUTE8,INPUTUSER,INPUTORG,INPUTTIME,UPDATEUSER,UPDATETIME,REMARK,HELPTEXT) VALUES (' 家庭资产总额','9','资产总额在10万元以下','','9','1','0','','','','','','','','','','','SYS_Designer',null,'2015/11/25 11:15:26','SYS_Designer','2015/11/25 11:15:26','','');
INSERT INTO "DB2INST1"."CODE_LIBRARY" (CODENO,ITEMNO,ITEMNAME,BANKNO,SORTNO,ISINUSE,ITEMDESCRIBE,ITEMATTRIBUTE,RELATIVECODE,ATTRIBUTE1,ATTRIBUTE2,ATTRIBUTE3,ATTRIBUTE4,ATTRIBUTE5,ATTRIBUTE6,ATTRIBUTE7,ATTRIBUTE8,INPUTUSER,INPUTORG,INPUTTIME,UPDATEUSER,UPDATETIME,REMARK,HELPTEXT) VALUES ('信用记录','1','有3年（含3年）以上信贷记录，信用记录良好，无任何拖欠贷款本息记录','','1','1','10','','','','','','','','','','','SYS_Designer',null,'2015/11/25 11:19:37','SYS_Designer','2015/11/25 11:19:37','','');
INSERT INTO "DB2INST1"."CODE_LIBRARY" (CODENO,ITEMNO,ITEMNAME,BANKNO,SORTNO,ISINUSE,ITEMDESCRIBE,ITEMATTRIBUTE,RELATIVECODE,ATTRIBUTE1,ATTRIBUTE2,ATTRIBUTE3,ATTRIBUTE4,ATTRIBUTE5,ATTRIBUTE6,ATTRIBUTE7,ATTRIBUTE8,INPUTUSER,INPUTORG,INPUTTIME,UPDATEUSER,UPDATETIME,REMARK,HELPTEXT) VALUES ('信用记录','2','近3年无任何拖欠贷款本息记录','','2','1','9','','','','','','','','','','','SYS_Designer',null,'2015/11/25 11:19:37','SYS_Designer','2015/11/25 11:19:37','','');
INSERT INTO "DB2INST1"."CODE_LIBRARY" (CODENO,ITEMNO,ITEMNAME,BANKNO,SORTNO,ISINUSE,ITEMDESCRIBE,ITEMATTRIBUTE,RELATIVECODE,ATTRIBUTE1,ATTRIBUTE2,ATTRIBUTE3,ATTRIBUTE4,ATTRIBUTE5,ATTRIBUTE6,ATTRIBUTE7,ATTRIBUTE8,INPUTUSER,INPUTORG,INPUTTIME,UPDATEUSER,UPDATETIME,REMARK,HELPTEXT) VALUES ('信用记录','3','无贷款纪录','','3','1','8','','','','','','','','','','','SYS_Designer',null,'2015/11/25 11:19:37','SYS_Designer','2015/11/25 11:19:37','','');
INSERT INTO "DB2INST1"."CODE_LIBRARY" (CODENO,ITEMNO,ITEMNAME,BANKNO,SORTNO,ISINUSE,ITEMDESCRIBE,ITEMATTRIBUTE,RELATIVECODE,ATTRIBUTE1,ATTRIBUTE2,ATTRIBUTE3,ATTRIBUTE4,ATTRIBUTE5,ATTRIBUTE6,ATTRIBUTE7,ATTRIBUTE8,INPUTUSER,INPUTORG,INPUTTIME,UPDATEUSER,UPDATETIME,REMARK,HELPTEXT) VALUES ('信用记录','4','近3年按揭贷款1期或累计1期发生拖欠记录，在评级之日起拖欠款项已还清','','4','1','6','','','','','','','','','','','SYS_Designer',null,'2015/11/25 11:19:37','SYS_Designer','2015/11/25 11:19:37','','');
INSERT INTO "DB2INST1"."CODE_LIBRARY" (CODENO,ITEMNO,ITEMNAME,BANKNO,SORTNO,ISINUSE,ITEMDESCRIBE,ITEMATTRIBUTE,RELATIVECODE,ATTRIBUTE1,ATTRIBUTE2,ATTRIBUTE3,ATTRIBUTE4,ATTRIBUTE5,ATTRIBUTE6,ATTRIBUTE7,ATTRIBUTE8,INPUTUSER,INPUTORG,INPUTTIME,UPDATEUSER,UPDATETIME,REMARK,HELPTEXT) VALUES ('信用记录','5','近3年按揭贷款连续2期或累计2期发生拖欠记录，在评级之日起拖欠款项已还清','','5','1','5','','','','','','','','','','','SYS_Designer',null,'2015/11/25 11:19:37','SYS_Designer','2015/11/25 11:19:37','','');
INSERT INTO "DB2INST1"."CODE_LIBRARY" (CODENO,ITEMNO,ITEMNAME,BANKNO,SORTNO,ISINUSE,ITEMDESCRIBE,ITEMATTRIBUTE,RELATIVECODE,ATTRIBUTE1,ATTRIBUTE2,ATTRIBUTE3,ATTRIBUTE4,ATTRIBUTE5,ATTRIBUTE6,ATTRIBUTE7,ATTRIBUTE8,INPUTUSER,INPUTORG,INPUTTIME,UPDATEUSER,UPDATETIME,REMARK,HELPTEXT) VALUES ('信用记录','6','近3年按揭贷款连续3期或累计3期发生拖欠记录，在评级之日起拖欠款项已还清','','6','1','4','','','','','','','','','','','SYS_Designer',null,'2015/11/25 11:19:37','SYS_Designer','2015/11/25 11:19:37','','');
INSERT INTO "DB2INST1"."CODE_LIBRARY" (CODENO,ITEMNO,ITEMNAME,BANKNO,SORTNO,ISINUSE,ITEMDESCRIBE,ITEMATTRIBUTE,RELATIVECODE,ATTRIBUTE1,ATTRIBUTE2,ATTRIBUTE3,ATTRIBUTE4,ATTRIBUTE5,ATTRIBUTE6,ATTRIBUTE7,ATTRIBUTE8,INPUTUSER,INPUTORG,INPUTTIME,UPDATEUSER,UPDATETIME,REMARK,HELPTEXT) VALUES ('信用记录','7','非按揭贷款有拖欠记录，按揭贷款连续4期或累计超过4期发生拖欠记录，在评级之日起拖欠款项已还清','','7','1','0','','','','','','','','','','','SYS_Designer',null,'2015/11/25 11:19:37','SYS_Designer','2015/11/25 11:19:37','','');
INSERT INTO "DB2INST1"."CODE_LIBRARY" (CODENO,ITEMNO,ITEMNAME,BANKNO,SORTNO,ISINUSE,ITEMDESCRIBE,ITEMATTRIBUTE,RELATIVECODE,ATTRIBUTE1,ATTRIBUTE2,ATTRIBUTE3,ATTRIBUTE4,ATTRIBUTE5,ATTRIBUTE6,ATTRIBUTE7,ATTRIBUTE8,INPUTUSER,INPUTORG,INPUTTIME,UPDATEUSER,UPDATETIME,REMARK,HELPTEXT) VALUES ('信用记录','8','有拖欠款项记录（所欠款项未结清）','','8','1','-6','','','','','','','','','','','SYS_Designer',null,'2015/11/25 11:19:37','SYS_Designer','2015/11/25 11:19:37','','');
INSERT INTO "DB2INST1"."CODE_LIBRARY" (CODENO,ITEMNO,ITEMNAME,BANKNO,SORTNO,ISINUSE,ITEMDESCRIBE,ITEMATTRIBUTE,RELATIVECODE,ATTRIBUTE1,ATTRIBUTE2,ATTRIBUTE3,ATTRIBUTE4,ATTRIBUTE5,ATTRIBUTE6,ATTRIBUTE7,ATTRIBUTE8,INPUTUSER,INPUTORG,INPUTTIME,UPDATEUSER,UPDATETIME,REMARK,HELPTEXT) VALUES ('员工本科以上学历占比A','1','>50%','','1','1','','','','','','','','','','','','SYS_Designer',null,'2015/11/25 16:48:39','SYS_Designer','2015/11/25 16:49:23','','');
INSERT INTO "DB2INST1"."CODE_LIBRARY" (CODENO,ITEMNO,ITEMNAME,BANKNO,SORTNO,ISINUSE,ITEMDESCRIBE,ITEMATTRIBUTE,RELATIVECODE,ATTRIBUTE1,ATTRIBUTE2,ATTRIBUTE3,ATTRIBUTE4,ATTRIBUTE5,ATTRIBUTE6,ATTRIBUTE7,ATTRIBUTE8,INPUTUSER,INPUTORG,INPUTTIME,UPDATEUSER,UPDATETIME,REMARK,HELPTEXT) VALUES ('员工本科以上学历占比A','2','20%至50%','','2','1','','','','','','','','','','','','SYS_Designer',null,'2015/11/25 16:48:39','SYS_Designer','2015/11/25 16:49:23','','');
INSERT INTO "DB2INST1"."CODE_LIBRARY" (CODENO,ITEMNO,ITEMNAME,BANKNO,SORTNO,ISINUSE,ITEMDESCRIBE,ITEMATTRIBUTE,RELATIVECODE,ATTRIBUTE1,ATTRIBUTE2,ATTRIBUTE3,ATTRIBUTE4,ATTRIBUTE5,ATTRIBUTE6,ATTRIBUTE7,ATTRIBUTE8,INPUTUSER,INPUTORG,INPUTTIME,UPDATEUSER,UPDATETIME,REMARK,HELPTEXT) VALUES ('信用记录','9','按揭贷款连续拖欠6期以上或贷款逾期6个月以上','','9','1','-8','','','','','','','','','','','SYS_Designer',null,'2015/11/25 11:19:37','SYS_Designer','2015/11/25 11:19:37','','');
INSERT INTO "DB2INST1"."CODE_LIBRARY" (CODENO,ITEMNO,ITEMNAME,BANKNO,SORTNO,ISINUSE,ITEMDESCRIBE,ITEMATTRIBUTE,RELATIVECODE,ATTRIBUTE1,ATTRIBUTE2,ATTRIBUTE3,ATTRIBUTE4,ATTRIBUTE5,ATTRIBUTE6,ATTRIBUTE7,ATTRIBUTE8,INPUTUSER,INPUTORG,INPUTTIME,UPDATEUSER,UPDATETIME,REMARK,HELPTEXT) VALUES ('信用记录','10','因拖欠款项被银行起诉','','10','1','-10','','','','','','','','','','','SYS_Designer',null,'2015/11/25 11:19:37','SYS_Designer','2015/11/25 11:19:37','','');
INSERT INTO "DB2INST1"."CODE_LIBRARY" (CODENO,ITEMNO,ITEMNAME,BANKNO,SORTNO,ISINUSE,ITEMDESCRIBE,ITEMATTRIBUTE,RELATIVECODE,ATTRIBUTE1,ATTRIBUTE2,ATTRIBUTE3,ATTRIBUTE4,ATTRIBUTE5,ATTRIBUTE6,ATTRIBUTE7,ATTRIBUTE8,INPUTUSER,INPUTORG,INPUTTIME,UPDATEUSER,UPDATETIME,REMARK,HELPTEXT) VALUES ('员工本科以上学历占比A','3','小于20%','','3','1','','','','','','','','','','','','SYS_Designer',null,'2015/11/25 16:48:39','SYS_Designer','2015/11/25 16:49:23','','');
INSERT INTO "DB2INST1"."CODE_LIBRARY" (CODENO,ITEMNO,ITEMNAME,BANKNO,SORTNO,ISINUSE,ITEMDESCRIBE,ITEMATTRIBUTE,RELATIVECODE,ATTRIBUTE1,ATTRIBUTE2,ATTRIBUTE3,ATTRIBUTE4,ATTRIBUTE5,ATTRIBUTE6,ATTRIBUTE7,ATTRIBUTE8,INPUTUSER,INPUTORG,INPUTTIME,UPDATEUSER,UPDATETIME,REMARK,HELPTEXT) VALUES ('与我行往来情况','1','结算账户在我行，资金往来在350万元以上，或我行代发工资户或在我行定期存款5万元以上','','1','1','5','','','','','','','','','','','SYS_Designer',null,'2015/11/25 11:22:36','SYS_Designer','2015/11/25 11:22:36','','');
INSERT INTO "DB2INST1"."CODE_LIBRARY" (CODENO,ITEMNO,ITEMNAME,BANKNO,SORTNO,ISINUSE,ITEMDESCRIBE,ITEMATTRIBUTE,RELATIVECODE,ATTRIBUTE1,ATTRIBUTE2,ATTRIBUTE3,ATTRIBUTE4,ATTRIBUTE5,ATTRIBUTE6,ATTRIBUTE7,ATTRIBUTE8,INPUTUSER,INPUTORG,INPUTTIME,UPDATEUSER,UPDATETIME,REMARK,HELPTEXT) VALUES ('控股投资人与其关系','4','抽逃、侵占被投资人资金','','4','1','','','','','','','','','','','','SYS_Designer',null,'2015/11/25 17:21:11','SYS_Designer','2015/11/25 17:21:11','','');
INSERT INTO "DB2INST1"."CODE_LIBRARY" (CODENO,ITEMNO,ITEMNAME,BANKNO,SORTNO,ISINUSE,ITEMDESCRIBE,ITEMATTRIBUTE,RELATIVECODE,ATTRIBUTE1,ATTRIBUTE2,ATTRIBUTE3,ATTRIBUTE4,ATTRIBUTE5,ATTRIBUTE6,ATTRIBUTE7,ATTRIBUTE8,INPUTUSER,INPUTORG,INPUTTIME,UPDATEUSER,UPDATETIME,REMARK,HELPTEXT) VALUES ('与我行往来情况','2','结算账户在我行，资金往来在250－350万元（含）以下，或在我行定期存款4万元以上','','2','1','4','','','','','','','','','','','SYS_Designer',null,'2015/11/25 11:22:36','SYS_Designer','2015/11/25 11:22:36','','');
INSERT INTO "DB2INST1"."CODE_LIBRARY" (CODENO,ITEMNO,ITEMNAME,BANKNO,SORTNO,ISINUSE,ITEMDESCRIBE,ITEMATTRIBUTE,RELATIVECODE,ATTRIBUTE1,ATTRIBUTE2,ATTRIBUTE3,ATTRIBUTE4,ATTRIBUTE5,ATTRIBUTE6,ATTRIBUTE7,ATTRIBUTE8,INPUTUSER,INPUTORG,INPUTTIME,UPDATEUSER,UPDATETIME,REMARK,HELPTEXT) VALUES ('与我行往来情况','3','结算账户在我行，资金往来在150－250万元（含）以下，或在我行定期存款3万元以上','','3','1','3','','','','','','','','','','','SYS_Designer',null,'2015/11/25 11:22:36','SYS_Designer','2015/11/25 11:22:36','','');
INSERT INTO "DB2INST1"."CODE_LIBRARY" (CODENO,ITEMNO,ITEMNAME,BANKNO,SORTNO,ISINUSE,ITEMDESCRIBE,ITEMATTRIBUTE,RELATIVECODE,ATTRIBUTE1,ATTRIBUTE2,ATTRIBUTE3,ATTRIBUTE4,ATTRIBUTE5,ATTRIBUTE6,ATTRIBUTE7,ATTRIBUTE8,INPUTUSER,INPUTORG,INPUTTIME,UPDATEUSER,UPDATETIME,REMARK,HELPTEXT) VALUES ('与我行往来情况','4','结算账户在我行，资金往来在50－150万元（含）以下，或在我行定期存款2万元以上','','4','1','2','','','','','','','','','','','SYS_Designer',null,'2015/11/25 11:22:36','SYS_Designer','2015/11/25 11:22:36','','');
INSERT INTO "DB2INST1"."CODE_LIBRARY" (CODENO,ITEMNO,ITEMNAME,BANKNO,SORTNO,ISINUSE,ITEMDESCRIBE,ITEMATTRIBUTE,RELATIVECODE,ATTRIBUTE1,ATTRIBUTE2,ATTRIBUTE3,ATTRIBUTE4,ATTRIBUTE5,ATTRIBUTE6,ATTRIBUTE7,ATTRIBUTE8,INPUTUSER,INPUTORG,INPUTTIME,UPDATEUSER,UPDATETIME,REMARK,HELPTEXT) VALUES ('与我行往来情况','5','结算账户在我行，资金往来在50万元（含）以下，或在我行定期存款1万元以上','','5','1','1','','','','','','','','','','','SYS_Designer',null,'2015/11/25 11:22:36','SYS_Designer','2015/11/25 11:22:36','','');
INSERT INTO "DB2INST1"."CODE_LIBRARY" (CODENO,ITEMNO,ITEMNAME,BANKNO,SORTNO,ISINUSE,ITEMDESCRIBE,ITEMATTRIBUTE,RELATIVECODE,ATTRIBUTE1,ATTRIBUTE2,ATTRIBUTE3,ATTRIBUTE4,ATTRIBUTE5,ATTRIBUTE6,ATTRIBUTE7,ATTRIBUTE8,INPUTUSER,INPUTORG,INPUTTIME,UPDATEUSER,UPDATETIME,REMARK,HELPTEXT) VALUES ('纳税情况(练习)','1','未足额纳税及未纳税','','1','1','0','','','','','','','','','','','SYS_Designer',null,'2015/11/25 11:24:13','SYS_Designer','2015/11/25 11:24:13','','');
INSERT INTO "DB2INST1"."CODE_LIBRARY" (CODENO,ITEMNO,ITEMNAME,BANKNO,SORTNO,ISINUSE,ITEMDESCRIBE,ITEMATTRIBUTE,RELATIVECODE,ATTRIBUTE1,ATTRIBUTE2,ATTRIBUTE3,ATTRIBUTE4,ATTRIBUTE5,ATTRIBUTE6,ATTRIBUTE7,ATTRIBUTE8,INPUTUSER,INPUTORG,INPUTTIME,UPDATEUSER,UPDATETIME,REMARK,HELPTEXT) VALUES ('纳税情况(练习)','2','足额纳税','','2','1','1','','','','','','','','','','','SYS_Designer',null,'2015/11/25 11:24:13','SYS_Designer','2015/11/25 11:24:13','','');
INSERT INTO "DB2INST1"."CODE_LIBRARY" (CODENO,ITEMNO,ITEMNAME,BANKNO,SORTNO,ISINUSE,ITEMDESCRIBE,ITEMATTRIBUTE,RELATIVECODE,ATTRIBUTE1,ATTRIBUTE2,ATTRIBUTE3,ATTRIBUTE4,ATTRIBUTE5,ATTRIBUTE6,ATTRIBUTE7,ATTRIBUTE8,INPUTUSER,INPUTORG,INPUTTIME,UPDATEUSER,UPDATETIME,REMARK,HELPTEXT) VALUES ('社保投保情况','1','无社会保险','','1','1','0','','','','','','','','','','','SYS_Designer',null,'2015/11/25 11:27:25','SYS_Designer','2015/11/25 11:27:25','','');
INSERT INTO "DB2INST1"."CODE_LIBRARY" (CODENO,ITEMNO,ITEMNAME,BANKNO,SORTNO,ISINUSE,ITEMDESCRIBE,ITEMATTRIBUTE,RELATIVECODE,ATTRIBUTE1,ATTRIBUTE2,ATTRIBUTE3,ATTRIBUTE4,ATTRIBUTE5,ATTRIBUTE6,ATTRIBUTE7,ATTRIBUTE8,INPUTUSER,INPUTORG,INPUTTIME,UPDATEUSER,UPDATETIME,REMARK,HELPTEXT) VALUES ('社保投保情况','2','有社会保险','','2','1','1','','','','','','','','','','','SYS_Designer',null,'2015/11/25 11:27:25','SYS_Designer','2015/11/25 11:27:25','','');
INSERT INTO "DB2INST1"."CODE_LIBRARY" (CODENO,ITEMNO,ITEMNAME,BANKNO,SORTNO,ISINUSE,ITEMDESCRIBE,ITEMATTRIBUTE,RELATIVECODE,ATTRIBUTE1,ATTRIBUTE2,ATTRIBUTE3,ATTRIBUTE4,ATTRIBUTE5,ATTRIBUTE6,ATTRIBUTE7,ATTRIBUTE8,INPUTUSER,INPUTORG,INPUTTIME,UPDATEUSER,UPDATETIME,REMARK,HELPTEXT) VALUES ('商保投保情况','1','无商业保险','','1','1','0','','','','','','','','','','','SYS_Designer',null,'2015/11/25 11:28:23','SYS_Designer','2015/11/25 11:28:23','','');
INSERT INTO "DB2INST1"."CODE_LIBRARY" (CODENO,ITEMNO,ITEMNAME,BANKNO,SORTNO,ISINUSE,ITEMDESCRIBE,ITEMATTRIBUTE,RELATIVECODE,ATTRIBUTE1,ATTRIBUTE2,ATTRIBUTE3,ATTRIBUTE4,ATTRIBUTE5,ATTRIBUTE6,ATTRIBUTE7,ATTRIBUTE8,INPUTUSER,INPUTORG,INPUTTIME,UPDATEUSER,UPDATETIME,REMARK,HELPTEXT) VALUES ('商保投保情况','2','有商业保险','','2','1','1','','','','','','','','','','','SYS_Designer',null,'2015/11/25 11:28:23','SYS_Designer','2015/11/25 11:28:23','','');
INSERT INTO "DB2INST1"."CODE_LIBRARY" (CODENO,ITEMNO,ITEMNAME,BANKNO,SORTNO,ISINUSE,ITEMDESCRIBE,ITEMATTRIBUTE,RELATIVECODE,ATTRIBUTE1,ATTRIBUTE2,ATTRIBUTE3,ATTRIBUTE4,ATTRIBUTE5,ATTRIBUTE6,ATTRIBUTE7,ATTRIBUTE8,INPUTUSER,INPUTORG,INPUTTIME,UPDATEUSER,UPDATETIME,REMARK,HELPTEXT) VALUES ('个人信用民事纠纷状况','1','有与个人信用有关的民事纠纷','','1','1','0','','','','','','','','','','','SYS_Designer',null,'2015/11/25 11:31:06','SYS_Designer','2015/11/25 11:31:06','','');
INSERT INTO "DB2INST1"."CODE_LIBRARY" (CODENO,ITEMNO,ITEMNAME,BANKNO,SORTNO,ISINUSE,ITEMDESCRIBE,ITEMATTRIBUTE,RELATIVECODE,ATTRIBUTE1,ATTRIBUTE2,ATTRIBUTE3,ATTRIBUTE4,ATTRIBUTE5,ATTRIBUTE6,ATTRIBUTE7,ATTRIBUTE8,INPUTUSER,INPUTORG,INPUTTIME,UPDATEUSER,UPDATETIME,REMARK,HELPTEXT) VALUES ('个人信用民事纠纷状况','2','无与个人信用有关的民事纠纷','','2','1','1','','','','','','','','','','','SYS_Designer',null,'2015/11/25 11:31:25','SYS_Designer','2015/11/25 11:31:25','','');
INSERT INTO "DB2INST1"."CODE_LIBRARY" (CODENO,ITEMNO,ITEMNAME,BANKNO,SORTNO,ISINUSE,ITEMDESCRIBE,ITEMATTRIBUTE,RELATIVECODE,ATTRIBUTE1,ATTRIBUTE2,ATTRIBUTE3,ATTRIBUTE4,ATTRIBUTE5,ATTRIBUTE6,ATTRIBUTE7,ATTRIBUTE8,INPUTUSER,INPUTORG,INPUTTIME,UPDATEUSER,UPDATETIME,REMARK,HELPTEXT) VALUES ('个人信用行政处罚记录','1','有','','1','1','0','','','','','','','','','','','SYS_Designer',null,'2015/11/25 11:32:32','SYS_Designer','2015/11/25 11:32:32','','');
INSERT INTO "DB2INST1"."CODE_LIBRARY" (CODENO,ITEMNO,ITEMNAME,BANKNO,SORTNO,ISINUSE,ITEMDESCRIBE,ITEMATTRIBUTE,RELATIVECODE,ATTRIBUTE1,ATTRIBUTE2,ATTRIBUTE3,ATTRIBUTE4,ATTRIBUTE5,ATTRIBUTE6,ATTRIBUTE7,ATTRIBUTE8,INPUTUSER,INPUTORG,INPUTTIME,UPDATEUSER,UPDATETIME,REMARK,HELPTEXT) VALUES ('个人信用行政处罚记录','2','无','','2','1','1','','','','','','','','','','','SYS_Designer',null,'2015/11/25 11:32:32','SYS_Designer','2015/11/25 11:32:32','','');
INSERT INTO "DB2INST1"."CODE_LIBRARY" (CODENO,ITEMNO,ITEMNAME,BANKNO,SORTNO,ISINUSE,ITEMDESCRIBE,ITEMATTRIBUTE,RELATIVECODE,ATTRIBUTE1,ATTRIBUTE2,ATTRIBUTE3,ATTRIBUTE4,ATTRIBUTE5,ATTRIBUTE6,ATTRIBUTE7,ATTRIBUTE8,INPUTUSER,INPUTORG,INPUTTIME,UPDATEUSER,UPDATETIME,REMARK,HELPTEXT) VALUES ('董事长学历','1','研究生及研究生以上','','1','1','','','','','','','','','','','','SYS_Designer',null,'2015/11/25 14:34:42','SYS_Designer','2015/11/25 14:34:42','','');
INSERT INTO "DB2INST1"."CODE_LIBRARY" (CODENO,ITEMNO,ITEMNAME,BANKNO,SORTNO,ISINUSE,ITEMDESCRIBE,ITEMATTRIBUTE,RELATIVECODE,ATTRIBUTE1,ATTRIBUTE2,ATTRIBUTE3,ATTRIBUTE4,ATTRIBUTE5,ATTRIBUTE6,ATTRIBUTE7,ATTRIBUTE8,INPUTUSER,INPUTORG,INPUTTIME,UPDATEUSER,UPDATETIME,REMARK,HELPTEXT) VALUES ('董事长学历','2','本科','','2','1','','','','','','','','','','','','SYS_Designer',null,'2015/11/25 14:34:57','SYS_Designer','2015/11/25 14:34:57','','');
INSERT INTO "DB2INST1"."CODE_LIBRARY" (CODENO,ITEMNO,ITEMNAME,BANKNO,SORTNO,ISINUSE,ITEMDESCRIBE,ITEMATTRIBUTE,RELATIVECODE,ATTRIBUTE1,ATTRIBUTE2,ATTRIBUTE3,ATTRIBUTE4,ATTRIBUTE5,ATTRIBUTE6,ATTRIBUTE7,ATTRIBUTE8,INPUTUSER,INPUTORG,INPUTTIME,UPDATEUSER,UPDATETIME,REMARK,HELPTEXT) VALUES ('董事长学历','3','本科以下','','3','1','','','','','','','','','','','','SYS_Designer',null,'2015/11/25 14:35:09','SYS_Designer','2015/11/25 14:35:09','','');


/***************************Evaluate_Model 2015.11.25************************************/
--wche 2015-11-25 在个人评级模型中添加评级的指标
--SELECT * FROM Evaluate_Model where modelno= 'GRXYDJPG';
INSERT INTO "DB2INST1"."EVALUATE_MODEL" (MODELNO,ITEMNO,DISPLAYNO,ITEMNAME,ITEMATTRIBUTE,VALUEMETHOD,VALUECODE,VALUETYPE,EVALUATEMETHOD,COEFFICIENT,REMARK) VALUES ('GRXYDJPG','1','1','个人基本情况','','!公用方法.取得模型单项值(#SerialNo,1.1)+!公用方法.取得模型单项值(#SerialNo,1.2)+!公用方法.取得模型单项值(#SerialNo,1.3)+!公用方法.取得模型单项值(#SerialNo,1.4)+!公用方法.取得模型单项值(#SerialNo,1.5)+!公用方法.取得模型单项值(#SerialNo,1.6)+!公用方法.取得模型单项值(#SerialNo,1.7)','','number','#ItemValue',1.000000,'');
INSERT INTO "DB2INST1"."EVALUATE_MODEL" (MODELNO,ITEMNO,DISPLAYNO,ITEMNAME,ITEMATTRIBUTE,VALUEMETHOD,VALUECODE,VALUETYPE,EVALUATEMETHOD,COEFFICIENT,REMARK) VALUES ('GRXYDJPG','1.1','1.1','年龄','','','贷款申请人年龄','number','if(#ItemValue=1.0,1.0,if(#ItemValue=2.0,2.0,if(#ItemValue=3.0,3.0,if(#ItemValue=4.0,4.0,5.0))))',0.000000,'');
INSERT INTO "DB2INST1"."EVALUATE_MODEL" (MODELNO,ITEMNO,DISPLAYNO,ITEMNAME,ITEMATTRIBUTE,VALUEMETHOD,VALUECODE,VALUETYPE,EVALUATEMETHOD,COEFFICIENT,REMARK) VALUES ('GRXYDJPG','1.2','1.2','户口状况','','','户口状况','number','if(#ItemValue=2,0,3)',0.000000,'');
INSERT INTO "DB2INST1"."EVALUATE_MODEL" (MODELNO,ITEMNO,DISPLAYNO,ITEMNAME,ITEMATTRIBUTE,VALUEMETHOD,VALUECODE,VALUETYPE,EVALUATEMETHOD,COEFFICIENT,REMARK) VALUES ('GRXYDJPG','1.3','1.3','在本地居住时间','','','在本地居住时间','number','if(#ItemValue=2,1,if(#ItemValue=3,2,if(#ItemValue=4,3,0)))',0.000000,'');
INSERT INTO "DB2INST1"."EVALUATE_MODEL" (MODELNO,ITEMNO,DISPLAYNO,ITEMNAME,ITEMATTRIBUTE,VALUEMETHOD,VALUECODE,VALUETYPE,EVALUATEMETHOD,COEFFICIENT,REMARK) VALUES ('GRXYDJPG','1.4','1.4','学历','','','个人学历','number','if(#ItemValue=2,3,if(#ItemValue=3,2,if(#ItemValue=4,1,4)))',0.000000,'');
INSERT INTO "DB2INST1"."EVALUATE_MODEL" (MODELNO,ITEMNO,DISPLAYNO,ITEMNAME,ITEMATTRIBUTE,VALUEMETHOD,VALUECODE,VALUETYPE,EVALUATEMETHOD,COEFFICIENT,REMARK) VALUES ('GRXYDJPG','1.5','1.5','职称','','','职称','number','if(#ItemValue=2.0,2.0,if(#ItemValue=1.0,3,1))',0.000000,'');
INSERT INTO "DB2INST1"."EVALUATE_MODEL" (MODELNO,ITEMNO,DISPLAYNO,ITEMNAME,ITEMATTRIBUTE,VALUEMETHOD,VALUECODE,VALUETYPE,EVALUATEMETHOD,COEFFICIENT,REMARK) VALUES ('GRXYDJPG','1.6','1.6','婚姻状况','','','婚姻状况(练习)','number','if(#ItemValue=2.0,2.0,if(#ItemValue=1.0,3,1))',0.000000,'');
INSERT INTO "DB2INST1"."EVALUATE_MODEL" (MODELNO,ITEMNO,DISPLAYNO,ITEMNAME,ITEMATTRIBUTE,VALUEMETHOD,VALUECODE,VALUETYPE,EVALUATEMETHOD,COEFFICIENT,REMARK) VALUES ('GRXYDJPG','1.7','1.7','居住状况','','','居住状况','number','if(#ItemValue=2.0,2.0,if(#ItemValue=4,1.0,if(#ItemValue=3.0,-3.0,3.0)))',0.000000,'');
INSERT INTO "DB2INST1"."EVALUATE_MODEL" (MODELNO,ITEMNO,DISPLAYNO,ITEMNAME,ITEMATTRIBUTE,VALUEMETHOD,VALUECODE,VALUETYPE,EVALUATEMETHOD,COEFFICIENT,REMARK) VALUES ('GRXYDJPG','2','2','个人就业情况','','!公用方法.取得模型单项值(#SerialNo,2.1)+!公用方法.取得模型单项值(#SerialNo,2.2)+!公用方法.取得模型单项值(#SerialNo,2.3)','','number','#ItemValue',1.000000,'');
INSERT INTO "DB2INST1"."EVALUATE_MODEL" (MODELNO,ITEMNO,DISPLAYNO,ITEMNAME,ITEMATTRIBUTE,VALUEMETHOD,VALUECODE,VALUETYPE,EVALUATEMETHOD,COEFFICIENT,REMARK) VALUES ('GRXYDJPG','2.1','2.1','行业或企业类别','','','行业或企业类别','number','if(#ItemValue=2,8,if(#ItemValue=3,7,if(#ItemValue=4,6,if(#ItemValue=5,5,if(#ItemValue=6,4,if(#ItemValue=7,3,if(#ItemValue=8,2,if(#ItemValue=9,1,9))))))))',0.000000,'');
INSERT INTO "DB2INST1"."EVALUATE_MODEL" (MODELNO,ITEMNO,DISPLAYNO,ITEMNAME,ITEMATTRIBUTE,VALUEMETHOD,VALUECODE,VALUETYPE,EVALUATEMETHOD,COEFFICIENT,REMARK) VALUES ('GRXYDJPG','2.2','2.2','从事岗位','','','从事岗位','number','if(#ItemValue=2,6,if(#ItemValue=3,5,7))',0.000000,'');
INSERT INTO "DB2INST1"."EVALUATE_MODEL" (MODELNO,ITEMNO,DISPLAYNO,ITEMNAME,ITEMATTRIBUTE,VALUEMETHOD,VALUECODE,VALUETYPE,EVALUATEMETHOD,COEFFICIENT,REMARK) VALUES ('GRXYDJPG','2.3','2.3','从事目前行业年限或目前单位工作年限','','','现职业的从业年限','number','if(#ItemValue=2,2,if(#ItemValue=3,3,if(#ItemValue=4,5,if(#ItemValue=5,6,1))))',0.000000,'');
INSERT INTO "DB2INST1"."EVALUATE_MODEL" (MODELNO,ITEMNO,DISPLAYNO,ITEMNAME,ITEMATTRIBUTE,VALUEMETHOD,VALUECODE,VALUETYPE,EVALUATEMETHOD,COEFFICIENT,REMARK) VALUES ('GRXYDJPG','3','3','个人资产情况','','!公用方法.取得模型单项值(#SerialNo,3.1)+!公用方法.取得模型单项值(#SerialNo,3.2)+!公用方法.取得模型单项值(#SerialNo,3.3)','','number','#ItemValue',1.000000,'');
INSERT INTO "DB2INST1"."EVALUATE_MODEL" (MODELNO,ITEMNO,DISPLAYNO,ITEMNAME,ITEMATTRIBUTE,VALUEMETHOD,VALUECODE,VALUETYPE,EVALUATEMETHOD,COEFFICIENT,REMARK) VALUES ('GRXYDJPG','3.1','3.1','个人平均月收入','','','个人平均月收入','number','if(#ItemValue=2,10,if(#ItemValue=3,8,if(#ItemValue=4,6,if(#ItemValue=5,4,if(#ItemValue=6,2,if(#ItemValue=7,0,12))))))',0.000000,'');
INSERT INTO "DB2INST1"."EVALUATE_MODEL" (MODELNO,ITEMNO,DISPLAYNO,ITEMNAME,ITEMATTRIBUTE,VALUEMETHOD,VALUECODE,VALUETYPE,EVALUATEMETHOD,COEFFICIENT,REMARK) VALUES ('GRXYDJPG','3.2','3.2','家庭资产负债比率','','','家庭资产负债比率','number','if(#ItemValue=2,3,if(#ItemValue=3,0,6))',0.000000,'');
INSERT INTO "DB2INST1"."EVALUATE_MODEL" (MODELNO,ITEMNO,DISPLAYNO,ITEMNAME,ITEMATTRIBUTE,VALUEMETHOD,VALUECODE,VALUETYPE,EVALUATEMETHOD,COEFFICIENT,REMARK) VALUES ('GRXYDJPG','3.3','3.3','家庭资产总额','','',' 家庭资产总额','number','if(#ItemValue=2,14,if(#ItemValue=3,12,if(#ItemValue=4,10,if(#ItemValue=5,8,if(#ItemValue=6,6,if(#ItemValue=7,4,if(#ItemValue=8,2,if(#ItemValue=9,0,16))))))))',0.000000,'');
INSERT INTO "DB2INST1"."EVALUATE_MODEL" (MODELNO,ITEMNO,DISPLAYNO,ITEMNAME,ITEMATTRIBUTE,VALUEMETHOD,VALUECODE,VALUETYPE,EVALUATEMETHOD,COEFFICIENT,REMARK) VALUES ('GRXYDJPG','4','4','个人信用情况','','!公用方法.取得模型单项值(#SerialNo,4.1)+!公用方法.取得模型单项值(#SerialNo,4.2)','','number','#ItemValue',1.000000,'');
INSERT INTO "DB2INST1"."EVALUATE_MODEL" (MODELNO,ITEMNO,DISPLAYNO,ITEMNAME,ITEMATTRIBUTE,VALUEMETHOD,VALUECODE,VALUETYPE,EVALUATEMETHOD,COEFFICIENT,REMARK) VALUES ('GRXYDJPG','4.1','4.1','信用记录','','','信用记录','number','if(#ItemValue=2,9,if(#ItemValue=3,8,if(#ItemValue=4,6,if(#ItemValue=5,5,if(#ItemValue=6,4,if(#ItemValue=7,0,if(#ItemValue=8,-6,if(#ItemValue=9,-8,if(#ItemValue=10,-10,10)))))))))',0.000000,'');
INSERT INTO "DB2INST1"."EVALUATE_MODEL" (MODELNO,ITEMNO,DISPLAYNO,ITEMNAME,ITEMATTRIBUTE,VALUEMETHOD,VALUECODE,VALUETYPE,EVALUATEMETHOD,COEFFICIENT,REMARK) VALUES ('GRXYDJPG','4.2','4.2','与我行往来情况','','','与我行往来情况','number','if(#ItemValue=2,4,if(#ItemValue=3,3,if(#ItemValue=4,2,if(#ItemValue=5,1,5))))',0.000000,'');
INSERT INTO "DB2INST1"."EVALUATE_MODEL" (MODELNO,ITEMNO,DISPLAYNO,ITEMNAME,ITEMATTRIBUTE,VALUEMETHOD,VALUECODE,VALUETYPE,EVALUATEMETHOD,COEFFICIENT,REMARK) VALUES ('GRXYDJPG','5','5','社会公共信息记录','','!公用方法.取得模型单项值(#SerialNo,5.1)+!公用方法.取得模型单项值(#SerialNo,5.2)+!公用方法.取得模型单项值(#SerialNo,5.3)+!公用方法.取得模型单项值(#SerialNo,5.4)+!公用方法.取得模型单项值(#SerialNo,5.5)','','number','#ItemValue',1.000000,'');
INSERT INTO "DB2INST1"."EVALUATE_MODEL" (MODELNO,ITEMNO,DISPLAYNO,ITEMNAME,ITEMATTRIBUTE,VALUEMETHOD,VALUECODE,VALUETYPE,EVALUATEMETHOD,COEFFICIENT,REMARK) VALUES ('GRXYDJPG','5.1','5.1','纳税情况','','','纳税情况(练习)','number','if(#ItemValue=2,1,0)',0.000000,'');
INSERT INTO "DB2INST1"."EVALUATE_MODEL" (MODELNO,ITEMNO,DISPLAYNO,ITEMNAME,ITEMATTRIBUTE,VALUEMETHOD,VALUECODE,VALUETYPE,EVALUATEMETHOD,COEFFICIENT,REMARK) VALUES ('GRXYDJPG','5.2','5.2','社保投保情况','','','社保投保情况','number','if(#ItemValue=2,1,0)',0.000000,'');
INSERT INTO "DB2INST1"."EVALUATE_MODEL" (MODELNO,ITEMNO,DISPLAYNO,ITEMNAME,ITEMATTRIBUTE,VALUEMETHOD,VALUECODE,VALUETYPE,EVALUATEMETHOD,COEFFICIENT,REMARK) VALUES ('GRXYDJPG','5.3','5.3','商保投保情况','','','商保投保情况','number','if(#ItemValue=2.0,1,0)',0.000000,'');
INSERT INTO "DB2INST1"."EVALUATE_MODEL" (MODELNO,ITEMNO,DISPLAYNO,ITEMNAME,ITEMATTRIBUTE,VALUEMETHOD,VALUECODE,VALUETYPE,EVALUATEMETHOD,COEFFICIENT,REMARK) VALUES ('GRXYDJPG','5.4','5.4','个人信用民事纠纷状况','','','个人信用民事纠纷状况','number','if(#ItemValue=2,1,0)',0.000000,'');
INSERT INTO "DB2INST1"."EVALUATE_MODEL" (MODELNO,ITEMNO,DISPLAYNO,ITEMNAME,ITEMATTRIBUTE,VALUEMETHOD,VALUECODE,VALUETYPE,EVALUATEMETHOD,COEFFICIENT,REMARK) VALUES ('GRXYDJPG','5.5','5.5','个人信用行政处罚记录','','','个人信用行政处罚记录','number','if(#ItemValue=2,1,0)',0.000000,'');

