
/*********************在代码管理中插入个人信用评分表的取值代码***************分隔线*********************************/
--swan1  20151126 在code_catalog表中插入个人信用评分表的取值代码
--select * from code_catalog where sortno in ('00200247','00200248','00200248','00200249','00200250','00200251','00200252','00200253','00200254','00200255','00200256','00200257','00200258','00200259','00200260','00200261','00200262')


INSERT INTO code_catalog (CODENO,SORTNO,CODETYPEONE,CODETYPETWO,CODENAME,CODEDESCRIBE,CODEATTRIBUTE,INPUTUSER,INPUTORG,INPUTTIME,UPDATEUSER,UPDATETIME,REMARK) VALUES ('用户','00200247','2.信用评级','个人信用等级评估','用户','','','SYS_Designer',null,'2015/11/25 11:24:16','SYS_Designer','2015/11/25 11:24:16','');
INSERT INTO code_catalog (CODENO,SORTNO,CODETYPEONE,CODETYPETWO,CODENAME,CODEDESCRIBE,CODEATTRIBUTE,INPUTUSER,INPUTORG,INPUTTIME,UPDATEUSER,UPDATETIME,REMARK) VALUES ('在本地居住时间','00200248','2.信用评级','个人信用等级评估','在本地居住时间','','','SYS_Designer',null,'2015/11/25 11:24:16','SYS_Designer','2015/11/25 11:24:16','');
INSERT INTO code_catalog (CODENO,SORTNO,CODETYPEONE,CODETYPETWO,CODENAME,CODEDESCRIBE,CODEATTRIBUTE,INPUTUSER,INPUTORG,INPUTTIME,UPDATEUSER,UPDATETIME,REMARK) VALUES ('相关学历','00200249','2.信用评级','个人信用等级评估','相关学历','','','SYS_Designer',null,'2015/11/25 11:24:16','SYS_Designer','2015/11/25 11:24:16','');
INSERT INTO code_catalog (CODENO,SORTNO,CODETYPEONE,CODETYPETWO,CODENAME,CODEDESCRIBE,CODEATTRIBUTE,INPUTUSER,INPUTORG,INPUTTIME,UPDATEUSER,UPDATETIME,REMARK) VALUES ('职称','00200250','2.信用评级','个人信用等级评估','职称','','','SYS_Designer',null,'2015/11/25 11:24:16','SYS_Designer','2015/11/25 11:24:16','');
INSERT INTO code_catalog (CODENO,SORTNO,CODETYPEONE,CODETYPETWO,CODENAME,CODEDESCRIBE,CODEATTRIBUTE,INPUTUSER,INPUTORG,INPUTTIME,UPDATEUSER,UPDATETIME,REMARK) VALUES ('户口','00200248','2.信用评级','个人信用等级评估','户口','','','SYS_Designer',null,'2015/11/25 11:24:16','SYS_Designer','2015/11/25 11:24:16','');
INSERT INTO code_catalog (CODENO,SORTNO,CODETYPEONE,CODETYPETWO,CODENAME,CODEDESCRIBE,CODEATTRIBUTE,INPUTUSER,INPUTORG,INPUTTIME,UPDATEUSER,UPDATETIME,REMARK) VALUES ('a行业或企业类别','00200251','2.信用评级','个人信用等级评估','行业或企业类别','','','SYS_Designer',null,'2015/11/25 15:26:06','SYS_Designer','2015/11/25 15:31:39','');
INSERT INTO code_catalog (CODENO,SORTNO,CODETYPEONE,CODETYPETWO,CODENAME,CODEDESCRIBE,CODEATTRIBUTE,INPUTUSER,INPUTORG,INPUTTIME,UPDATEUSER,UPDATETIME,REMARK) VALUES ('a从事岗位','00200252','2.信用评级','个人信用等级评估','从事岗位','','','SYS_Designer',null,'2015/11/25 15:37:04','SYS_Designer','2015/11/25 15:37:04','');
INSERT INTO code_catalog (CODENO,SORTNO,CODETYPEONE,CODETYPETWO,CODENAME,CODEDESCRIBE,CODEATTRIBUTE,INPUTUSER,INPUTORG,INPUTTIME,UPDATEUSER,UPDATETIME,REMARK) VALUES ('a从事目前行业','00200253','2.信用评级','个人信用等级评估',' a从事目前行业年限或目前单位工作年限','','','SYS_Designer',null,'2015/11/25 15:41:48','SYS_Designer','2015/11/25 15:45:22','');
INSERT INTO code_catalog (CODENO,SORTNO,CODETYPEONE,CODETYPETWO,CODENAME,CODEDESCRIBE,CODEATTRIBUTE,INPUTUSER,INPUTORG,INPUTTIME,UPDATEUSER,UPDATETIME,REMARK) VALUES ('a个人平均月收入','00200254','2.信用评级','个人信用等级评估','个人平均月收入','','','SYS_Designer',null,'2015/11/25 15:48:57','SYS_Designer','2015/11/25 15:48:57','');
INSERT INTO code_catalog (CODENO,SORTNO,CODETYPEONE,CODETYPETWO,CODENAME,CODEDESCRIBE,CODEATTRIBUTE,INPUTUSER,INPUTORG,INPUTTIME,UPDATEUSER,UPDATETIME,REMARK) VALUES ('a家庭资产负债比率','00200255','2.信用评级','个人信用等级评估','家庭资产负债比率','','','SYS_Designer',null,'2015/11/25 15:53:15','SYS_Designer','2015/11/25 15:53:15','');
INSERT INTO code_catalog (CODENO,SORTNO,CODETYPEONE,CODETYPETWO,CODENAME,CODEDESCRIBE,CODEATTRIBUTE,INPUTUSER,INPUTORG,INPUTTIME,UPDATEUSER,UPDATETIME,REMARK) VALUES ('a 家庭资产总额','00200256','2.信用评级','个人信用等级评估',' 家庭资产总额','','','SYS_Designer',null,'2015/11/25 15:56:12','SYS_Designer','2015/11/25 15:56:12','');
INSERT INTO code_catalog (CODENO,SORTNO,CODETYPEONE,CODETYPETWO,CODENAME,CODEDESCRIBE,CODEATTRIBUTE,INPUTUSER,INPUTORG,INPUTTIME,UPDATEUSER,UPDATETIME,REMARK) VALUES ('a信用记录','00200257','2.信用评级','个人信用等级评估','信用记录','','','SYS_Designer',null,'2015/11/25 16:09:47','SYS_Designer','2015/11/25 16:09:47','');
INSERT INTO code_catalog (CODENO,SORTNO,CODETYPEONE,CODETYPETWO,CODENAME,CODEDESCRIBE,CODEATTRIBUTE,INPUTUSER,INPUTORG,INPUTTIME,UPDATEUSER,UPDATETIME,REMARK) VALUES ('a与我行往来情况','00200258','2.信用评级','个人信用等级评估','与我行往来情况','','','SYS_Designer',null,'2015/11/25 16:13:11','SYS_Designer','2015/11/25 16:13:11','');
INSERT INTO code_catalog (CODENO,SORTNO,CODETYPEONE,CODETYPETWO,CODENAME,CODEDESCRIBE,CODEATTRIBUTE,INPUTUSER,INPUTORG,INPUTTIME,UPDATEUSER,UPDATETIME,REMARK) VALUES ('a纳税情况','00200259','2.信用评级','个人信用等级评估','纳税情况','','','SYS_Designer',null,'2015/11/25 16:17:46','SYS_Designer','2015/11/25 16:17:46','');
INSERT INTO code_catalog (CODENO,SORTNO,CODETYPEONE,CODETYPETWO,CODENAME,CODEDESCRIBE,CODEATTRIBUTE,INPUTUSER,INPUTORG,INPUTTIME,UPDATEUSER,UPDATETIME,REMARK) VALUES ('a投保情况','00200260','2.信用评级','个人信用等级评估','投保情况','','','SYS_Designer',null,'2015/11/25 16:19:30','SYS_Designer','2015/11/25 16:19:30','');
INSERT INTO code_catalog (CODENO,SORTNO,CODETYPEONE,CODETYPETWO,CODENAME,CODEDESCRIBE,CODEATTRIBUTE,INPUTUSER,INPUTORG,INPUTTIME,UPDATEUSER,UPDATETIME,REMARK) VALUES ('a有无与个人信用','00200261','2.信用评级','个人信用等级评估','有无与个人信用有关的民事纠纷','','','SYS_Designer',null,'2015/11/25 16:21:55','SYS_Designer','2015/11/25 16:21:55','');
INSERT INTO code_catalog (CODENO,SORTNO,CODETYPEONE,CODETYPETWO,CODENAME,CODEDESCRIBE,CODEATTRIBUTE,INPUTUSER,INPUTORG,INPUTTIME,UPDATEUSER,UPDATETIME,REMARK) VALUES ('a有无','00200262','2.信用评级','个人信用等级评估','有无与个人信用有关的行政处罚记录','','','SYS_Designer',null,'2015/11/25 16:26:31','SYS_Designer','2015/11/25 16:26:31','');


/*********************设置取值代码的具体内容***************分隔线*********************************/
--swan1 20151126 在code_library中插入取值代码的具体内容
--select * from code_library where codeno in ('用户','在本地居住时间','户口','相关学历','职称','a行业或企业类别','a从事岗位','a从事目前行业','a个人平均月收入','a家庭资产负债比率','a 家庭资产总额','a信用记录','a与我行往来情况','a纳税情况','a投保情况','a有无与个人信用','a有无');

INSERT INTO code_library (CODENO,ITEMNO,ITEMNAME,BANKNO,SORTNO,ISINUSE,ITEMDESCRIBE,ITEMATTRIBUTE,RELATIVECODE,ATTRIBUTE1,ATTRIBUTE2,ATTRIBUTE3,ATTRIBUTE4,ATTRIBUTE5,ATTRIBUTE6,ATTRIBUTE7,ATTRIBUTE8,INPUTUSER,INPUTORG,INPUTTIME,UPDATEUSER,UPDATETIME,REMARK,HELPTEXT) VALUES ('用户','1','本地常住户口或有本地居住证','','1','1','','','','','','','','','','','','SYS_Designer',null,'2015/11/25 12:34:05','SYS_Designer','2015/11/25 12:38:02','','');
INSERT INTO code_library (CODENO,ITEMNO,ITEMNAME,BANKNO,SORTNO,ISINUSE,ITEMDESCRIBE,ITEMATTRIBUTE,RELATIVECODE,ATTRIBUTE1,ATTRIBUTE2,ATTRIBUTE3,ATTRIBUTE4,ATTRIBUTE5,ATTRIBUTE6,ATTRIBUTE7,ATTRIBUTE8,INPUTUSER,INPUTORG,INPUTTIME,UPDATEUSER,UPDATETIME,REMARK,HELPTEXT) VALUES ('用户','2','非本地户口','','2','1','','','','','','','','','','','','SYS_Designer',null,'2015/11/25 12:34:05','SYS_Designer','2015/11/25 12:38:02','','');
INSERT INTO code_library (CODENO,ITEMNO,ITEMNAME,BANKNO,SORTNO,ISINUSE,ITEMDESCRIBE,ITEMATTRIBUTE,RELATIVECODE,ATTRIBUTE1,ATTRIBUTE2,ATTRIBUTE3,ATTRIBUTE4,ATTRIBUTE5,ATTRIBUTE6,ATTRIBUTE7,ATTRIBUTE8,INPUTUSER,INPUTORG,INPUTTIME,UPDATEUSER,UPDATETIME,REMARK,HELPTEXT) VALUES ('在本地居住时间','3','3年－5年(含3年)',null,'3','1','3 ',null,null,null,null,null,null,null,null,null,null,'system','9900','2006/10/01 01:01:01','system','2006/10/01 01:01:01',null,null);
INSERT INTO code_library (CODENO,ITEMNO,ITEMNAME,BANKNO,SORTNO,ISINUSE,ITEMDESCRIBE,ITEMATTRIBUTE,RELATIVECODE,ATTRIBUTE1,ATTRIBUTE2,ATTRIBUTE3,ATTRIBUTE4,ATTRIBUTE5,ATTRIBUTE6,ATTRIBUTE7,ATTRIBUTE8,INPUTUSER,INPUTORG,INPUTTIME,UPDATEUSER,UPDATETIME,REMARK,HELPTEXT) VALUES ('在本地居住时间','1','2年以下',null,'1','1','1 ',null,null,null,null,null,null,null,null,null,null,'system','9900','2006/10/01 01:01:01','system','2006/10/01 01:01:01',null,null);
INSERT INTO code_library (CODENO,ITEMNO,ITEMNAME,BANKNO,SORTNO,ISINUSE,ITEMDESCRIBE,ITEMATTRIBUTE,RELATIVECODE,ATTRIBUTE1,ATTRIBUTE2,ATTRIBUTE3,ATTRIBUTE4,ATTRIBUTE5,ATTRIBUTE6,ATTRIBUTE7,ATTRIBUTE8,INPUTUSER,INPUTORG,INPUTTIME,UPDATEUSER,UPDATETIME,REMARK,HELPTEXT) VALUES ('在本地居住时间','2','2年－3年(含2年)',null,'2','1','2 ',null,null,null,null,null,null,null,null,null,null,'system','9900','2006/10/01 01:01:01','system','2006/10/01 01:01:01',null,null);
INSERT INTO code_library (CODENO,ITEMNO,ITEMNAME,BANKNO,SORTNO,ISINUSE,ITEMDESCRIBE,ITEMATTRIBUTE,RELATIVECODE,ATTRIBUTE1,ATTRIBUTE2,ATTRIBUTE3,ATTRIBUTE4,ATTRIBUTE5,ATTRIBUTE6,ATTRIBUTE7,ATTRIBUTE8,INPUTUSER,INPUTORG,INPUTTIME,UPDATEUSER,UPDATETIME,REMARK,HELPTEXT) VALUES ('在本地居住时间','4','5年以上(含5年)',null,'4','1','4 ',null,null,null,null,null,null,null,null,null,null,'system','9900','2006/10/01 01:01:01','system','2006/10/01 01:01:01',null,null);
INSERT INTO code_library (CODENO,ITEMNO,ITEMNAME,BANKNO,SORTNO,ISINUSE,ITEMDESCRIBE,ITEMATTRIBUTE,RELATIVECODE,ATTRIBUTE1,ATTRIBUTE2,ATTRIBUTE3,ATTRIBUTE4,ATTRIBUTE5,ATTRIBUTE6,ATTRIBUTE7,ATTRIBUTE8,INPUTUSER,INPUTORG,INPUTTIME,UPDATEUSER,UPDATETIME,REMARK,HELPTEXT) VALUES ('相关学历','1','硕士以上(含硕士)',null,'1','1','1 ',null,null,null,null,null,null,null,null,null,null,'system','9900','2006/10/01 01:01:01','system','2006/10/01 01:01:01',null,null);
INSERT INTO code_library (CODENO,ITEMNO,ITEMNAME,BANKNO,SORTNO,ISINUSE,ITEMDESCRIBE,ITEMATTRIBUTE,RELATIVECODE,ATTRIBUTE1,ATTRIBUTE2,ATTRIBUTE3,ATTRIBUTE4,ATTRIBUTE5,ATTRIBUTE6,ATTRIBUTE7,ATTRIBUTE8,INPUTUSER,INPUTORG,INPUTTIME,UPDATEUSER,UPDATETIME,REMARK,HELPTEXT) VALUES ('相关学历','2','大学本科',null,'2','1','2 ',null,null,null,null,null,null,null,null,null,null,'system','9900','2006/10/01 01:01:01','system','2006/10/01 01:01:01',null,null);
INSERT INTO code_library (CODENO,ITEMNO,ITEMNAME,BANKNO,SORTNO,ISINUSE,ITEMDESCRIBE,ITEMATTRIBUTE,RELATIVECODE,ATTRIBUTE1,ATTRIBUTE2,ATTRIBUTE3,ATTRIBUTE4,ATTRIBUTE5,ATTRIBUTE6,ATTRIBUTE7,ATTRIBUTE8,INPUTUSER,INPUTORG,INPUTTIME,UPDATEUSER,UPDATETIME,REMARK,HELPTEXT) VALUES ('相关学历','3','大专',null,'3','1','3 ',null,null,null,null,null,null,null,null,null,null,'system','9900','2006/10/01 01:01:01','system','2006/10/01 01:01:01',null,null);
INSERT INTO code_library (CODENO,ITEMNO,ITEMNAME,BANKNO,SORTNO,ISINUSE,ITEMDESCRIBE,ITEMATTRIBUTE,RELATIVECODE,ATTRIBUTE1,ATTRIBUTE2,ATTRIBUTE3,ATTRIBUTE4,ATTRIBUTE5,ATTRIBUTE6,ATTRIBUTE7,ATTRIBUTE8,INPUTUSER,INPUTORG,INPUTTIME,UPDATEUSER,UPDATETIME,REMARK,HELPTEXT) VALUES ('相关学历','4','高中或其他',null,'4','1','4 ',null,null,null,null,null,null,null,null,null,null,'system','9900','2006/10/01 01:01:01','system','2006/10/01 01:01:01',null,null);
INSERT INTO code_library (CODENO,ITEMNO,ITEMNAME,BANKNO,SORTNO,ISINUSE,ITEMDESCRIBE,ITEMATTRIBUTE,RELATIVECODE,ATTRIBUTE1,ATTRIBUTE2,ATTRIBUTE3,ATTRIBUTE4,ATTRIBUTE5,ATTRIBUTE6,ATTRIBUTE7,ATTRIBUTE8,INPUTUSER,INPUTORG,INPUTTIME,UPDATEUSER,UPDATETIME,REMARK,HELPTEXT) VALUES ('职称','1','高级职称',null,'1','1','1 ',null,null,null,null,null,null,null,null,null,null,'system','9900','2006/10/01 01:01:01','system','2006/10/01 01:01:01',null,null);
INSERT INTO code_library (CODENO,ITEMNO,ITEMNAME,BANKNO,SORTNO,ISINUSE,ITEMDESCRIBE,ITEMATTRIBUTE,RELATIVECODE,ATTRIBUTE1,ATTRIBUTE2,ATTRIBUTE3,ATTRIBUTE4,ATTRIBUTE5,ATTRIBUTE6,ATTRIBUTE7,ATTRIBUTE8,INPUTUSER,INPUTORG,INPUTTIME,UPDATEUSER,UPDATETIME,REMARK,HELPTEXT) VALUES ('职称','2','中级职称',null,'2','1','2 ',null,null,null,null,null,null,null,null,null,null,'system','9900','2006/10/01 01:01:01','system','2006/10/01 01:01:01',null,null);
INSERT INTO code_library (CODENO,ITEMNO,ITEMNAME,BANKNO,SORTNO,ISINUSE,ITEMDESCRIBE,ITEMATTRIBUTE,RELATIVECODE,ATTRIBUTE1,ATTRIBUTE2,ATTRIBUTE3,ATTRIBUTE4,ATTRIBUTE5,ATTRIBUTE6,ATTRIBUTE7,ATTRIBUTE8,INPUTUSER,INPUTORG,INPUTTIME,UPDATEUSER,UPDATETIME,REMARK,HELPTEXT) VALUES ('职称','3','初级职称',null,'3','1','3 ',null,null,null,null,null,null,null,null,null,null,'system','9900','2006/10/01 01:01:01','system','2006/10/01 01:01:01',null,null);
INSERT INTO code_library (CODENO,ITEMNO,ITEMNAME,BANKNO,SORTNO,ISINUSE,ITEMDESCRIBE,ITEMATTRIBUTE,RELATIVECODE,ATTRIBUTE1,ATTRIBUTE2,ATTRIBUTE3,ATTRIBUTE4,ATTRIBUTE5,ATTRIBUTE6,ATTRIBUTE7,ATTRIBUTE8,INPUTUSER,INPUTORG,INPUTTIME,UPDATEUSER,UPDATETIME,REMARK,HELPTEXT) VALUES ('户口','1','本地常住户口或有本地居住证','','1','1','','','','','','','','','','','','SYS_Designer',null,'2015/11/25 12:34:05','SYS_Designer','2015/11/25 12:38:02','','');
INSERT INTO code_library (CODENO,ITEMNO,ITEMNAME,BANKNO,SORTNO,ISINUSE,ITEMDESCRIBE,ITEMATTRIBUTE,RELATIVECODE,ATTRIBUTE1,ATTRIBUTE2,ATTRIBUTE3,ATTRIBUTE4,ATTRIBUTE5,ATTRIBUTE6,ATTRIBUTE7,ATTRIBUTE8,INPUTUSER,INPUTORG,INPUTTIME,UPDATEUSER,UPDATETIME,REMARK,HELPTEXT) VALUES ('户口','2','非本地户口','','2','1','','','','','','','','','','','','SYS_Designer',null,'2015/11/25 12:34:05','SYS_Designer','2015/11/25 12:38:02','','');
INSERT INTO code_library (CODENO,ITEMNO,ITEMNAME,BANKNO,SORTNO,ISINUSE,ITEMDESCRIBE,ITEMATTRIBUTE,RELATIVECODE,ATTRIBUTE1,ATTRIBUTE2,ATTRIBUTE3,ATTRIBUTE4,ATTRIBUTE5,ATTRIBUTE6,ATTRIBUTE7,ATTRIBUTE8,INPUTUSER,INPUTORG,INPUTTIME,UPDATEUSER,UPDATETIME,REMARK,HELPTEXT) VALUES ('a行业或企业类别','1','公务员、全额拨款事业单位、银行、电力、电信、石油、烟草行业中由国有资本出资或控股企业、单位的正式职工','','1','1','','','','','','','','','','','','SYS_Designer',null,'2015/11/25 15:26:06','SYS_Designer','2015/11/25 15:31:31','','');
INSERT INTO code_library (CODENO,ITEMNO,ITEMNAME,BANKNO,SORTNO,ISINUSE,ITEMDESCRIBE,ITEMATTRIBUTE,RELATIVECODE,ATTRIBUTE1,ATTRIBUTE2,ATTRIBUTE3,ATTRIBUTE4,ATTRIBUTE5,ATTRIBUTE6,ATTRIBUTE7,ATTRIBUTE8,INPUTUSER,INPUTORG,INPUTTIME,UPDATEUSER,UPDATETIME,REMARK,HELPTEXT) VALUES ('a行业或企业类别','2','国有资本出资或控股大中型企业、上市公司','','2','1','','','','','','','','','','','','SYS_Designer',null,'2015/11/25 15:26:06','SYS_Designer','2015/11/25 15:31:31','','');
INSERT INTO code_library (CODENO,ITEMNO,ITEMNAME,BANKNO,SORTNO,ISINUSE,ITEMDESCRIBE,ITEMATTRIBUTE,RELATIVECODE,ATTRIBUTE1,ATTRIBUTE2,ATTRIBUTE3,ATTRIBUTE4,ATTRIBUTE5,ATTRIBUTE6,ATTRIBUTE7,ATTRIBUTE8,INPUTUSER,INPUTORG,INPUTTIME,UPDATEUSER,UPDATETIME,REMARK,HELPTEXT) VALUES ('a行业或企业类别','3','企业产值在7000万元以上或个体经营户销售收入在350万元以上','','3','1','','','','','','','','','','','','SYS_Designer',null,'2015/11/25 15:26:06','SYS_Designer','2015/11/25 15:31:32','','');
INSERT INTO code_library (CODENO,ITEMNO,ITEMNAME,BANKNO,SORTNO,ISINUSE,ITEMDESCRIBE,ITEMATTRIBUTE,RELATIVECODE,ATTRIBUTE1,ATTRIBUTE2,ATTRIBUTE3,ATTRIBUTE4,ATTRIBUTE5,ATTRIBUTE6,ATTRIBUTE7,ATTRIBUTE8,INPUTUSER,INPUTORG,INPUTTIME,UPDATEUSER,UPDATETIME,REMARK,HELPTEXT) VALUES ('a行业或企业类别','4','企业产值在6000万元以上或个体经营户销售收入在300万元以上','','4','1','','','','','','','','','','','','SYS_Designer',null,'2015/11/25 15:26:06','SYS_Designer','2015/11/25 15:31:32','','');
INSERT INTO code_library (CODENO,ITEMNO,ITEMNAME,BANKNO,SORTNO,ISINUSE,ITEMDESCRIBE,ITEMATTRIBUTE,RELATIVECODE,ATTRIBUTE1,ATTRIBUTE2,ATTRIBUTE3,ATTRIBUTE4,ATTRIBUTE5,ATTRIBUTE6,ATTRIBUTE7,ATTRIBUTE8,INPUTUSER,INPUTORG,INPUTTIME,UPDATEUSER,UPDATETIME,REMARK,HELPTEXT) VALUES ('a行业或企业类别','5','企业产值在5000万元以上或个体经营户销售收入在250万元以上','','5','1','','','','','','','','','','','','SYS_Designer',null,'2015/11/25 15:26:06','SYS_Designer','2015/11/25 15:31:32','','');
INSERT INTO code_library (CODENO,ITEMNO,ITEMNAME,BANKNO,SORTNO,ISINUSE,ITEMDESCRIBE,ITEMATTRIBUTE,RELATIVECODE,ATTRIBUTE1,ATTRIBUTE2,ATTRIBUTE3,ATTRIBUTE4,ATTRIBUTE5,ATTRIBUTE6,ATTRIBUTE7,ATTRIBUTE8,INPUTUSER,INPUTORG,INPUTTIME,UPDATEUSER,UPDATETIME,REMARK,HELPTEXT) VALUES ('a行业或企业类别','6','企业产值在4000万元以上或个体经营户销售收入在200万元以上','','6','1','','','','','','','','','','','','SYS_Designer',null,'2015/11/25 15:26:06','SYS_Designer','2015/11/25 15:31:32','','');
INSERT INTO code_library (CODENO,ITEMNO,ITEMNAME,BANKNO,SORTNO,ISINUSE,ITEMDESCRIBE,ITEMATTRIBUTE,RELATIVECODE,ATTRIBUTE1,ATTRIBUTE2,ATTRIBUTE3,ATTRIBUTE4,ATTRIBUTE5,ATTRIBUTE6,ATTRIBUTE7,ATTRIBUTE8,INPUTUSER,INPUTORG,INPUTTIME,UPDATEUSER,UPDATETIME,REMARK,HELPTEXT) VALUES ('a行业或企业类别','7','企业产值在3000万元以上或个体经营户销售收入在150万元以上','','7','1','','','','','','','','','','','','SYS_Designer',null,'2015/11/25 15:26:06','SYS_Designer','2015/11/25 15:31:32','','');
INSERT INTO code_library (CODENO,ITEMNO,ITEMNAME,BANKNO,SORTNO,ISINUSE,ITEMDESCRIBE,ITEMATTRIBUTE,RELATIVECODE,ATTRIBUTE1,ATTRIBUTE2,ATTRIBUTE3,ATTRIBUTE4,ATTRIBUTE5,ATTRIBUTE6,ATTRIBUTE7,ATTRIBUTE8,INPUTUSER,INPUTORG,INPUTTIME,UPDATEUSER,UPDATETIME,REMARK,HELPTEXT) VALUES ('a行业或企业类别','8','企业产值在2000万元以上或个体经营户销售收入在100万元以上','','8','1','','','','','','','','','','','','SYS_Designer',null,'2015/11/25 15:26:06','SYS_Designer','2015/11/25 15:31:32','','');
INSERT INTO code_library (CODENO,ITEMNO,ITEMNAME,BANKNO,SORTNO,ISINUSE,ITEMDESCRIBE,ITEMATTRIBUTE,RELATIVECODE,ATTRIBUTE1,ATTRIBUTE2,ATTRIBUTE3,ATTRIBUTE4,ATTRIBUTE5,ATTRIBUTE6,ATTRIBUTE7,ATTRIBUTE8,INPUTUSER,INPUTORG,INPUTTIME,UPDATEUSER,UPDATETIME,REMARK,HELPTEXT) VALUES ('a行业或企业类别','9','企业产值1000万元以上或个体经营户销售收入在50万元以上','','9','1','','','','','','','','','','','','SYS_Designer',null,'2015/11/25 15:26:06','SYS_Designer','2015/11/25 15:31:32','','');
INSERT INTO code_library (CODENO,ITEMNO,ITEMNAME,BANKNO,SORTNO,ISINUSE,ITEMDESCRIBE,ITEMATTRIBUTE,RELATIVECODE,ATTRIBUTE1,ATTRIBUTE2,ATTRIBUTE3,ATTRIBUTE4,ATTRIBUTE5,ATTRIBUTE6,ATTRIBUTE7,ATTRIBUTE8,INPUTUSER,INPUTORG,INPUTTIME,UPDATEUSER,UPDATETIME,REMARK,HELPTEXT) VALUES ('a从事岗位','1','行政事业单位处级以上或企业高级管理人员及个体经营业主','','1','1','','','','','','','','','','','','SYS_Designer',null,'2015/11/25 15:37:04','SYS_Designer','2015/11/25 15:37:04','','');
INSERT INTO code_library (CODENO,ITEMNO,ITEMNAME,BANKNO,SORTNO,ISINUSE,ITEMDESCRIBE,ITEMATTRIBUTE,RELATIVECODE,ATTRIBUTE1,ATTRIBUTE2,ATTRIBUTE3,ATTRIBUTE4,ATTRIBUTE5,ATTRIBUTE6,ATTRIBUTE7,ATTRIBUTE8,INPUTUSER,INPUTORG,INPUTTIME,UPDATEUSER,UPDATETIME,REMARK,HELPTEXT) VALUES ('a从事岗位','2','行政事业单位科级以上或企业中级管理人员','','2','1','','','','','','','','','','','','SYS_Designer',null,'2015/11/25 15:37:04','SYS_Designer','2015/11/25 15:37:04','','');
INSERT INTO code_library (CODENO,ITEMNO,ITEMNAME,BANKNO,SORTNO,ISINUSE,ITEMDESCRIBE,ITEMATTRIBUTE,RELATIVECODE,ATTRIBUTE1,ATTRIBUTE2,ATTRIBUTE3,ATTRIBUTE4,ATTRIBUTE5,ATTRIBUTE6,ATTRIBUTE7,ATTRIBUTE8,INPUTUSER,INPUTORG,INPUTTIME,UPDATEUSER,UPDATETIME,REMARK,HELPTEXT) VALUES ('a从事岗位','3','行政事业单位或企业一般员工','','3','1','','','','','','','','','','','','SYS_Designer',null,'2015/11/25 15:37:04','SYS_Designer','2015/11/25 15:37:04','','');
INSERT INTO code_library (CODENO,ITEMNO,ITEMNAME,BANKNO,SORTNO,ISINUSE,ITEMDESCRIBE,ITEMATTRIBUTE,RELATIVECODE,ATTRIBUTE1,ATTRIBUTE2,ATTRIBUTE3,ATTRIBUTE4,ATTRIBUTE5,ATTRIBUTE6,ATTRIBUTE7,ATTRIBUTE8,INPUTUSER,INPUTORG,INPUTTIME,UPDATEUSER,UPDATETIME,REMARK,HELPTEXT) VALUES ('a从事目前行业','1','1年以下（含1年）','','1','1','','','','','','','','','','','','SYS_Designer',null,'2015/11/25 15:41:48','SYS_Designer','2015/11/25 15:45:22','','');
INSERT INTO code_library (CODENO,ITEMNO,ITEMNAME,BANKNO,SORTNO,ISINUSE,ITEMDESCRIBE,ITEMATTRIBUTE,RELATIVECODE,ATTRIBUTE1,ATTRIBUTE2,ATTRIBUTE3,ATTRIBUTE4,ATTRIBUTE5,ATTRIBUTE6,ATTRIBUTE7,ATTRIBUTE8,INPUTUSER,INPUTORG,INPUTTIME,UPDATEUSER,UPDATETIME,REMARK,HELPTEXT) VALUES ('a从事目前行业','2','2年－3年（含3年)','','2','1','','','','','','','','','','','','SYS_Designer',null,'2015/11/25 15:41:48','SYS_Designer','2015/11/25 15:45:22','','');
INSERT INTO code_library (CODENO,ITEMNO,ITEMNAME,BANKNO,SORTNO,ISINUSE,ITEMDESCRIBE,ITEMATTRIBUTE,RELATIVECODE,ATTRIBUTE1,ATTRIBUTE2,ATTRIBUTE3,ATTRIBUTE4,ATTRIBUTE5,ATTRIBUTE6,ATTRIBUTE7,ATTRIBUTE8,INPUTUSER,INPUTORG,INPUTTIME,UPDATEUSER,UPDATETIME,REMARK,HELPTEXT) VALUES ('a从事目前行业','3','3年－5年(含5年)','','3','1','','','','','','','','','','','','SYS_Designer',null,'2015/11/25 15:41:48','SYS_Designer','2015/11/25 15:45:22','','');
INSERT INTO code_library (CODENO,ITEMNO,ITEMNAME,BANKNO,SORTNO,ISINUSE,ITEMDESCRIBE,ITEMATTRIBUTE,RELATIVECODE,ATTRIBUTE1,ATTRIBUTE2,ATTRIBUTE3,ATTRIBUTE4,ATTRIBUTE5,ATTRIBUTE6,ATTRIBUTE7,ATTRIBUTE8,INPUTUSER,INPUTORG,INPUTTIME,UPDATEUSER,UPDATETIME,REMARK,HELPTEXT) VALUES ('a从事目前行业','4','5年－10年（含10年）','','4','1','','','','','','','','','','','','SYS_Designer',null,'2015/11/25 15:41:48','SYS_Designer','2015/11/25 15:45:22','','');
INSERT INTO code_library (CODENO,ITEMNO,ITEMNAME,BANKNO,SORTNO,ISINUSE,ITEMDESCRIBE,ITEMATTRIBUTE,RELATIVECODE,ATTRIBUTE1,ATTRIBUTE2,ATTRIBUTE3,ATTRIBUTE4,ATTRIBUTE5,ATTRIBUTE6,ATTRIBUTE7,ATTRIBUTE8,INPUTUSER,INPUTORG,INPUTTIME,UPDATEUSER,UPDATETIME,REMARK,HELPTEXT) VALUES ('a从事目前行业','5','10年以上','','5','1','','','','','','','','','','','','SYS_Designer',null,'2015/11/25 15:41:48','SYS_Designer','2015/11/25 15:45:22','','');
INSERT INTO code_library (CODENO,ITEMNO,ITEMNAME,BANKNO,SORTNO,ISINUSE,ITEMDESCRIBE,ITEMATTRIBUTE,RELATIVECODE,ATTRIBUTE1,ATTRIBUTE2,ATTRIBUTE3,ATTRIBUTE4,ATTRIBUTE5,ATTRIBUTE6,ATTRIBUTE7,ATTRIBUTE8,INPUTUSER,INPUTORG,INPUTTIME,UPDATEUSER,UPDATETIME,REMARK,HELPTEXT) VALUES ('a个人平均月收入','1','10000元（含）以上','','1','1','','','','','','','','','','','','SYS_Designer',null,'2015/11/25 15:48:57','SYS_Designer','2015/11/25 15:48:57','','');
INSERT INTO code_library (CODENO,ITEMNO,ITEMNAME,BANKNO,SORTNO,ISINUSE,ITEMDESCRIBE,ITEMATTRIBUTE,RELATIVECODE,ATTRIBUTE1,ATTRIBUTE2,ATTRIBUTE3,ATTRIBUTE4,ATTRIBUTE5,ATTRIBUTE6,ATTRIBUTE7,ATTRIBUTE8,INPUTUSER,INPUTORG,INPUTTIME,UPDATEUSER,UPDATETIME,REMARK,HELPTEXT) VALUES ('a个人平均月收入','2','8000（含）－10000元','','2','1','','','','','','','','','','','','SYS_Designer',null,'2015/11/25 15:48:57','SYS_Designer','2015/11/25 15:48:57','','');
INSERT INTO code_library (CODENO,ITEMNO,ITEMNAME,BANKNO,SORTNO,ISINUSE,ITEMDESCRIBE,ITEMATTRIBUTE,RELATIVECODE,ATTRIBUTE1,ATTRIBUTE2,ATTRIBUTE3,ATTRIBUTE4,ATTRIBUTE5,ATTRIBUTE6,ATTRIBUTE7,ATTRIBUTE8,INPUTUSER,INPUTORG,INPUTTIME,UPDATEUSER,UPDATETIME,REMARK,HELPTEXT) VALUES ('a个人平均月收入','3','6000（含）－8000元','','3','1','','','','','','','','','','','','SYS_Designer',null,'2015/11/25 15:48:57','SYS_Designer','2015/11/25 15:48:57','','');
INSERT INTO code_library (CODENO,ITEMNO,ITEMNAME,BANKNO,SORTNO,ISINUSE,ITEMDESCRIBE,ITEMATTRIBUTE,RELATIVECODE,ATTRIBUTE1,ATTRIBUTE2,ATTRIBUTE3,ATTRIBUTE4,ATTRIBUTE5,ATTRIBUTE6,ATTRIBUTE7,ATTRIBUTE8,INPUTUSER,INPUTORG,INPUTTIME,UPDATEUSER,UPDATETIME,REMARK,HELPTEXT) VALUES ('a个人平均月收入','4','4000（含）－6000元','','4','1','','','','','','','','','','','','SYS_Designer',null,'2015/11/25 15:48:57','SYS_Designer','2015/11/25 15:48:57','','');
INSERT INTO code_library (CODENO,ITEMNO,ITEMNAME,BANKNO,SORTNO,ISINUSE,ITEMDESCRIBE,ITEMATTRIBUTE,RELATIVECODE,ATTRIBUTE1,ATTRIBUTE2,ATTRIBUTE3,ATTRIBUTE4,ATTRIBUTE5,ATTRIBUTE6,ATTRIBUTE7,ATTRIBUTE8,INPUTUSER,INPUTORG,INPUTTIME,UPDATEUSER,UPDATETIME,REMARK,HELPTEXT) VALUES ('a个人平均月收入','5','2000（含）－4000元','','5','1','','','','','','','','','','','','SYS_Designer',null,'2015/11/25 15:48:57','SYS_Designer','2015/11/25 15:48:57','','');
INSERT INTO code_library (CODENO,ITEMNO,ITEMNAME,BANKNO,SORTNO,ISINUSE,ITEMDESCRIBE,ITEMATTRIBUTE,RELATIVECODE,ATTRIBUTE1,ATTRIBUTE2,ATTRIBUTE3,ATTRIBUTE4,ATTRIBUTE5,ATTRIBUTE6,ATTRIBUTE7,ATTRIBUTE8,INPUTUSER,INPUTORG,INPUTTIME,UPDATEUSER,UPDATETIME,REMARK,HELPTEXT) VALUES ('a个人平均月收入','6','1000（含）－2000元','','6','1','','','','','','','','','','','','SYS_Designer',null,'2015/11/25 15:48:57','SYS_Designer','2015/11/25 15:48:57','','');
INSERT INTO code_library (CODENO,ITEMNO,ITEMNAME,BANKNO,SORTNO,ISINUSE,ITEMDESCRIBE,ITEMATTRIBUTE,RELATIVECODE,ATTRIBUTE1,ATTRIBUTE2,ATTRIBUTE3,ATTRIBUTE4,ATTRIBUTE5,ATTRIBUTE6,ATTRIBUTE7,ATTRIBUTE8,INPUTUSER,INPUTORG,INPUTTIME,UPDATEUSER,UPDATETIME,REMARK,HELPTEXT) VALUES ('a个人平均月收入','7','不足1000元','','7','1','','','','','','','','','','','','SYS_Designer',null,'2015/11/25 15:48:57','SYS_Designer','2015/11/25 15:48:57','','');
INSERT INTO code_library (CODENO,ITEMNO,ITEMNAME,BANKNO,SORTNO,ISINUSE,ITEMDESCRIBE,ITEMATTRIBUTE,RELATIVECODE,ATTRIBUTE1,ATTRIBUTE2,ATTRIBUTE3,ATTRIBUTE4,ATTRIBUTE5,ATTRIBUTE6,ATTRIBUTE7,ATTRIBUTE8,INPUTUSER,INPUTORG,INPUTTIME,UPDATEUSER,UPDATETIME,REMARK,HELPTEXT) VALUES ('a家庭资产负债比率','1','≤30%','','1','1','','','','','','','','','','','','SYS_Designer',null,'2015/11/25 15:53:15','SYS_Designer','2015/11/25 15:53:15','','');
INSERT INTO code_library (CODENO,ITEMNO,ITEMNAME,BANKNO,SORTNO,ISINUSE,ITEMDESCRIBE,ITEMATTRIBUTE,RELATIVECODE,ATTRIBUTE1,ATTRIBUTE2,ATTRIBUTE3,ATTRIBUTE4,ATTRIBUTE5,ATTRIBUTE6,ATTRIBUTE7,ATTRIBUTE8,INPUTUSER,INPUTORG,INPUTTIME,UPDATEUSER,UPDATETIME,REMARK,HELPTEXT) VALUES ('a家庭资产负债比率','2','≤60%','','2','1','','','','','','','','','','','','SYS_Designer',null,'2015/11/25 15:53:15','SYS_Designer','2015/11/25 15:53:15','','');
INSERT INTO code_library (CODENO,ITEMNO,ITEMNAME,BANKNO,SORTNO,ISINUSE,ITEMDESCRIBE,ITEMATTRIBUTE,RELATIVECODE,ATTRIBUTE1,ATTRIBUTE2,ATTRIBUTE3,ATTRIBUTE4,ATTRIBUTE5,ATTRIBUTE6,ATTRIBUTE7,ATTRIBUTE8,INPUTUSER,INPUTORG,INPUTTIME,UPDATEUSER,UPDATETIME,REMARK,HELPTEXT) VALUES ('a家庭资产负债比率','3','＞60%','','3','1','','','','','','','','','','','','SYS_Designer',null,'2015/11/25 15:53:15','SYS_Designer','2015/11/25 15:53:15','','');
INSERT INTO code_library (CODENO,ITEMNO,ITEMNAME,BANKNO,SORTNO,ISINUSE,ITEMDESCRIBE,ITEMATTRIBUTE,RELATIVECODE,ATTRIBUTE1,ATTRIBUTE2,ATTRIBUTE3,ATTRIBUTE4,ATTRIBUTE5,ATTRIBUTE6,ATTRIBUTE7,ATTRIBUTE8,INPUTUSER,INPUTORG,INPUTTIME,UPDATEUSER,UPDATETIME,REMARK,HELPTEXT) VALUES ('a 家庭资产总额','1','资产总额在100（含）万元以上','','1','1','','','','','','','','','','','','SYS_Designer',null,'2015/11/25 15:56:12','SYS_Designer','2015/11/25 15:56:12','','');
INSERT INTO code_library (CODENO,ITEMNO,ITEMNAME,BANKNO,SORTNO,ISINUSE,ITEMDESCRIBE,ITEMATTRIBUTE,RELATIVECODE,ATTRIBUTE1,ATTRIBUTE2,ATTRIBUTE3,ATTRIBUTE4,ATTRIBUTE5,ATTRIBUTE6,ATTRIBUTE7,ATTRIBUTE8,INPUTUSER,INPUTORG,INPUTTIME,UPDATEUSER,UPDATETIME,REMARK,HELPTEXT) VALUES ('a 家庭资产总额','2','资产总额在80（含）万元－100万元','','2','1','','','','','','','','','','','','SYS_Designer',null,'2015/11/25 15:56:12','SYS_Designer','2015/11/25 15:56:12','','');
INSERT INTO code_library (CODENO,ITEMNO,ITEMNAME,BANKNO,SORTNO,ISINUSE,ITEMDESCRIBE,ITEMATTRIBUTE,RELATIVECODE,ATTRIBUTE1,ATTRIBUTE2,ATTRIBUTE3,ATTRIBUTE4,ATTRIBUTE5,ATTRIBUTE6,ATTRIBUTE7,ATTRIBUTE8,INPUTUSER,INPUTORG,INPUTTIME,UPDATEUSER,UPDATETIME,REMARK,HELPTEXT) VALUES ('a 家庭资产总额','3','资产总额在60（含）万元－80万元','','3','1','','','','','','','','','','','','SYS_Designer',null,'2015/11/25 15:56:12','SYS_Designer','2015/11/25 15:56:12','','');
INSERT INTO code_library (CODENO,ITEMNO,ITEMNAME,BANKNO,SORTNO,ISINUSE,ITEMDESCRIBE,ITEMATTRIBUTE,RELATIVECODE,ATTRIBUTE1,ATTRIBUTE2,ATTRIBUTE3,ATTRIBUTE4,ATTRIBUTE5,ATTRIBUTE6,ATTRIBUTE7,ATTRIBUTE8,INPUTUSER,INPUTORG,INPUTTIME,UPDATEUSER,UPDATETIME,REMARK,HELPTEXT) VALUES ('a 家庭资产总额','4','资产总额在50（含）万元－60万元以上','','4','1','','','','','','','','','','','','SYS_Designer',null,'2015/11/25 15:56:12','SYS_Designer','2015/11/25 15:56:12','','');
INSERT INTO code_library (CODENO,ITEMNO,ITEMNAME,BANKNO,SORTNO,ISINUSE,ITEMDESCRIBE,ITEMATTRIBUTE,RELATIVECODE,ATTRIBUTE1,ATTRIBUTE2,ATTRIBUTE3,ATTRIBUTE4,ATTRIBUTE5,ATTRIBUTE6,ATTRIBUTE7,ATTRIBUTE8,INPUTUSER,INPUTORG,INPUTTIME,UPDATEUSER,UPDATETIME,REMARK,HELPTEXT) VALUES ('a 家庭资产总额','5','资产总额在40（含）万元－50万元以上','','5','1','','','','','','','','','','','','SYS_Designer',null,'2015/11/25 15:56:12','SYS_Designer','2015/11/25 15:56:12','','');
INSERT INTO code_library (CODENO,ITEMNO,ITEMNAME,BANKNO,SORTNO,ISINUSE,ITEMDESCRIBE,ITEMATTRIBUTE,RELATIVECODE,ATTRIBUTE1,ATTRIBUTE2,ATTRIBUTE3,ATTRIBUTE4,ATTRIBUTE5,ATTRIBUTE6,ATTRIBUTE7,ATTRIBUTE8,INPUTUSER,INPUTORG,INPUTTIME,UPDATEUSER,UPDATETIME,REMARK,HELPTEXT) VALUES ('a 家庭资产总额','6','资产总额在30（含）万元－40万元以上','','6','1','','','','','','','','','','','','SYS_Designer',null,'2015/11/25 15:56:12','SYS_Designer','2015/11/25 15:56:12','','');
INSERT INTO code_library (CODENO,ITEMNO,ITEMNAME,BANKNO,SORTNO,ISINUSE,ITEMDESCRIBE,ITEMATTRIBUTE,RELATIVECODE,ATTRIBUTE1,ATTRIBUTE2,ATTRIBUTE3,ATTRIBUTE4,ATTRIBUTE5,ATTRIBUTE6,ATTRIBUTE7,ATTRIBUTE8,INPUTUSER,INPUTORG,INPUTTIME,UPDATEUSER,UPDATETIME,REMARK,HELPTEXT) VALUES ('a 家庭资产总额','7','资产总额在20（含）万元－30万元以上','','7','1','','','','','','','','','','','','SYS_Designer',null,'2015/11/25 15:56:12','SYS_Designer','2015/11/25 15:56:12','','');
INSERT INTO code_library (CODENO,ITEMNO,ITEMNAME,BANKNO,SORTNO,ISINUSE,ITEMDESCRIBE,ITEMATTRIBUTE,RELATIVECODE,ATTRIBUTE1,ATTRIBUTE2,ATTRIBUTE3,ATTRIBUTE4,ATTRIBUTE5,ATTRIBUTE6,ATTRIBUTE7,ATTRIBUTE8,INPUTUSER,INPUTORG,INPUTTIME,UPDATEUSER,UPDATETIME,REMARK,HELPTEXT) VALUES ('a 家庭资产总额','8','资产总额在10（含）万元－20万元以上','','8','1','','','','','','','','','','','','SYS_Designer',null,'2015/11/25 15:56:12','SYS_Designer','2015/11/25 15:56:12','','');
INSERT INTO code_library (CODENO,ITEMNO,ITEMNAME,BANKNO,SORTNO,ISINUSE,ITEMDESCRIBE,ITEMATTRIBUTE,RELATIVECODE,ATTRIBUTE1,ATTRIBUTE2,ATTRIBUTE3,ATTRIBUTE4,ATTRIBUTE5,ATTRIBUTE6,ATTRIBUTE7,ATTRIBUTE8,INPUTUSER,INPUTORG,INPUTTIME,UPDATEUSER,UPDATETIME,REMARK,HELPTEXT) VALUES ('a 家庭资产总额','9','资产总额在10万元以下','','9','1','','','','','','','','','','','','SYS_Designer',null,'2015/11/25 15:56:12','SYS_Designer','2015/11/25 15:56:12','','');
INSERT INTO code_library (CODENO,ITEMNO,ITEMNAME,BANKNO,SORTNO,ISINUSE,ITEMDESCRIBE,ITEMATTRIBUTE,RELATIVECODE,ATTRIBUTE1,ATTRIBUTE2,ATTRIBUTE3,ATTRIBUTE4,ATTRIBUTE5,ATTRIBUTE6,ATTRIBUTE7,ATTRIBUTE8,INPUTUSER,INPUTORG,INPUTTIME,UPDATEUSER,UPDATETIME,REMARK,HELPTEXT) VALUES ('a信用记录','1','有3年（含3年）以上信贷记录，信用记录良好，无任何拖欠贷款本息记录','','1','1','','','','','','','','','','','','SYS_Designer',null,'2015/11/25 16:09:47','SYS_Designer','2015/11/25 16:09:47','','');
INSERT INTO code_library (CODENO,ITEMNO,ITEMNAME,BANKNO,SORTNO,ISINUSE,ITEMDESCRIBE,ITEMATTRIBUTE,RELATIVECODE,ATTRIBUTE1,ATTRIBUTE2,ATTRIBUTE3,ATTRIBUTE4,ATTRIBUTE5,ATTRIBUTE6,ATTRIBUTE7,ATTRIBUTE8,INPUTUSER,INPUTORG,INPUTTIME,UPDATEUSER,UPDATETIME,REMARK,HELPTEXT) VALUES ('a信用记录','2','近3年无任何拖欠贷款本息记录','','2','1','','','','','','','','','','','','SYS_Designer',null,'2015/11/25 16:09:47','SYS_Designer','2015/11/25 16:09:47','','');
INSERT INTO code_library (CODENO,ITEMNO,ITEMNAME,BANKNO,SORTNO,ISINUSE,ITEMDESCRIBE,ITEMATTRIBUTE,RELATIVECODE,ATTRIBUTE1,ATTRIBUTE2,ATTRIBUTE3,ATTRIBUTE4,ATTRIBUTE5,ATTRIBUTE6,ATTRIBUTE7,ATTRIBUTE8,INPUTUSER,INPUTORG,INPUTTIME,UPDATEUSER,UPDATETIME,REMARK,HELPTEXT) VALUES ('a信用记录','3','无贷款纪录','','3','1','','','','','','','','','','','','SYS_Designer',null,'2015/11/25 16:09:47','SYS_Designer','2015/11/25 16:09:47','','');
INSERT INTO code_library (CODENO,ITEMNO,ITEMNAME,BANKNO,SORTNO,ISINUSE,ITEMDESCRIBE,ITEMATTRIBUTE,RELATIVECODE,ATTRIBUTE1,ATTRIBUTE2,ATTRIBUTE3,ATTRIBUTE4,ATTRIBUTE5,ATTRIBUTE6,ATTRIBUTE7,ATTRIBUTE8,INPUTUSER,INPUTORG,INPUTTIME,UPDATEUSER,UPDATETIME,REMARK,HELPTEXT) VALUES ('a信用记录','4','近3年按揭贷款1期或累计1期发生拖欠记录，在评级之日起拖欠款项已还清','','4','1','','','','','','','','','','','','SYS_Designer',null,'2015/11/25 16:09:47','SYS_Designer','2015/11/25 16:09:47','','');
INSERT INTO code_library (CODENO,ITEMNO,ITEMNAME,BANKNO,SORTNO,ISINUSE,ITEMDESCRIBE,ITEMATTRIBUTE,RELATIVECODE,ATTRIBUTE1,ATTRIBUTE2,ATTRIBUTE3,ATTRIBUTE4,ATTRIBUTE5,ATTRIBUTE6,ATTRIBUTE7,ATTRIBUTE8,INPUTUSER,INPUTORG,INPUTTIME,UPDATEUSER,UPDATETIME,REMARK,HELPTEXT) VALUES ('a信用记录','5','近3年按揭贷款连续2期或累计2期发生拖欠记录，在评级之日起拖欠款项已还清','','5','1','','','','','','','','','','','','SYS_Designer',null,'2015/11/25 16:09:47','SYS_Designer','2015/11/25 16:09:47','','');
INSERT INTO code_library (CODENO,ITEMNO,ITEMNAME,BANKNO,SORTNO,ISINUSE,ITEMDESCRIBE,ITEMATTRIBUTE,RELATIVECODE,ATTRIBUTE1,ATTRIBUTE2,ATTRIBUTE3,ATTRIBUTE4,ATTRIBUTE5,ATTRIBUTE6,ATTRIBUTE7,ATTRIBUTE8,INPUTUSER,INPUTORG,INPUTTIME,UPDATEUSER,UPDATETIME,REMARK,HELPTEXT) VALUES ('a信用记录','6','近3年按揭贷款连续3期或累计3期发生拖欠记录，在评级之日起拖欠款项已还清','','6','1','','','','','','','','','','','','SYS_Designer',null,'2015/11/25 16:09:47','SYS_Designer','2015/11/25 16:09:47','','');
INSERT INTO code_library (CODENO,ITEMNO,ITEMNAME,BANKNO,SORTNO,ISINUSE,ITEMDESCRIBE,ITEMATTRIBUTE,RELATIVECODE,ATTRIBUTE1,ATTRIBUTE2,ATTRIBUTE3,ATTRIBUTE4,ATTRIBUTE5,ATTRIBUTE6,ATTRIBUTE7,ATTRIBUTE8,INPUTUSER,INPUTORG,INPUTTIME,UPDATEUSER,UPDATETIME,REMARK,HELPTEXT) VALUES ('a信用记录','7','非按揭贷款有拖欠记录，按揭贷款连续4期或累计超过4期发生拖欠记录，在评级之日起拖欠款项已还清','','7','1','','','','','','','','','','','','SYS_Designer',null,'2015/11/25 16:09:47','SYS_Designer','2015/11/25 16:09:47','','');
INSERT INTO code_library (CODENO,ITEMNO,ITEMNAME,BANKNO,SORTNO,ISINUSE,ITEMDESCRIBE,ITEMATTRIBUTE,RELATIVECODE,ATTRIBUTE1,ATTRIBUTE2,ATTRIBUTE3,ATTRIBUTE4,ATTRIBUTE5,ATTRIBUTE6,ATTRIBUTE7,ATTRIBUTE8,INPUTUSER,INPUTORG,INPUTTIME,UPDATEUSER,UPDATETIME,REMARK,HELPTEXT) VALUES ('a信用记录','8','有拖欠款项记录（所欠款项未结清）','','8','1','','','','','','','','','','','','SYS_Designer',null,'2015/11/25 16:09:47','SYS_Designer','2015/11/25 16:09:47','','');
INSERT INTO code_library (CODENO,ITEMNO,ITEMNAME,BANKNO,SORTNO,ISINUSE,ITEMDESCRIBE,ITEMATTRIBUTE,RELATIVECODE,ATTRIBUTE1,ATTRIBUTE2,ATTRIBUTE3,ATTRIBUTE4,ATTRIBUTE5,ATTRIBUTE6,ATTRIBUTE7,ATTRIBUTE8,INPUTUSER,INPUTORG,INPUTTIME,UPDATEUSER,UPDATETIME,REMARK,HELPTEXT) VALUES ('a信用记录','9','按揭贷款连续拖欠6期以上或贷款逾期6个月以上','','9','1','','','','','','','','','','','','SYS_Designer',null,'2015/11/25 16:09:47','SYS_Designer','2015/11/25 16:09:47','','');
INSERT INTO code_library (CODENO,ITEMNO,ITEMNAME,BANKNO,SORTNO,ISINUSE,ITEMDESCRIBE,ITEMATTRIBUTE,RELATIVECODE,ATTRIBUTE1,ATTRIBUTE2,ATTRIBUTE3,ATTRIBUTE4,ATTRIBUTE5,ATTRIBUTE6,ATTRIBUTE7,ATTRIBUTE8,INPUTUSER,INPUTORG,INPUTTIME,UPDATEUSER,UPDATETIME,REMARK,HELPTEXT) VALUES ('a信用记录','10','因拖欠款项被银行起诉','','10','1','','','','','','','','','','','','SYS_Designer',null,'2015/11/25 16:09:47','SYS_Designer','2015/11/25 16:09:47','','');
INSERT INTO code_library (CODENO,ITEMNO,ITEMNAME,BANKNO,SORTNO,ISINUSE,ITEMDESCRIBE,ITEMATTRIBUTE,RELATIVECODE,ATTRIBUTE1,ATTRIBUTE2,ATTRIBUTE3,ATTRIBUTE4,ATTRIBUTE5,ATTRIBUTE6,ATTRIBUTE7,ATTRIBUTE8,INPUTUSER,INPUTORG,INPUTTIME,UPDATEUSER,UPDATETIME,REMARK,HELPTEXT) VALUES ('a与我行往来情况','1','结算账户在我行，资金往来在350万元以上，或我行代发工资户或在我行定期存款5万元以上','','1','1','','','','','','','','','','','','SYS_Designer',null,'2015/11/25 16:13:11','SYS_Designer','2015/11/25 16:13:11','','');
INSERT INTO code_library (CODENO,ITEMNO,ITEMNAME,BANKNO,SORTNO,ISINUSE,ITEMDESCRIBE,ITEMATTRIBUTE,RELATIVECODE,ATTRIBUTE1,ATTRIBUTE2,ATTRIBUTE3,ATTRIBUTE4,ATTRIBUTE5,ATTRIBUTE6,ATTRIBUTE7,ATTRIBUTE8,INPUTUSER,INPUTORG,INPUTTIME,UPDATEUSER,UPDATETIME,REMARK,HELPTEXT) VALUES ('a与我行往来情况','2','结算账户在我行，资金往来在250－350万元（含）以下，或在我行定期存款4万元以上','','2','1','','','','','','','','','','','','SYS_Designer',null,'2015/11/25 16:13:11','SYS_Designer','2015/11/25 16:13:11','','');
INSERT INTO code_library (CODENO,ITEMNO,ITEMNAME,BANKNO,SORTNO,ISINUSE,ITEMDESCRIBE,ITEMATTRIBUTE,RELATIVECODE,ATTRIBUTE1,ATTRIBUTE2,ATTRIBUTE3,ATTRIBUTE4,ATTRIBUTE5,ATTRIBUTE6,ATTRIBUTE7,ATTRIBUTE8,INPUTUSER,INPUTORG,INPUTTIME,UPDATEUSER,UPDATETIME,REMARK,HELPTEXT) VALUES ('a与我行往来情况','3','结算账户在我行，资金往来在150－250万元（含）以下，或在我行定期存款3万元以上','','3','1','','','','','','','','','','','','SYS_Designer',null,'2015/11/25 16:13:11','SYS_Designer','2015/11/25 16:13:11','','');
INSERT INTO code_library (CODENO,ITEMNO,ITEMNAME,BANKNO,SORTNO,ISINUSE,ITEMDESCRIBE,ITEMATTRIBUTE,RELATIVECODE,ATTRIBUTE1,ATTRIBUTE2,ATTRIBUTE3,ATTRIBUTE4,ATTRIBUTE5,ATTRIBUTE6,ATTRIBUTE7,ATTRIBUTE8,INPUTUSER,INPUTORG,INPUTTIME,UPDATEUSER,UPDATETIME,REMARK,HELPTEXT) VALUES ('a与我行往来情况','4','结算账户在我行，资金往来在50－150万元（含）以下，或在我行定期存款2万元以上','','4','1','','','','','','','','','','','','SYS_Designer',null,'2015/11/25 16:13:11','SYS_Designer','2015/11/25 16:13:11','','');
INSERT INTO code_library (CODENO,ITEMNO,ITEMNAME,BANKNO,SORTNO,ISINUSE,ITEMDESCRIBE,ITEMATTRIBUTE,RELATIVECODE,ATTRIBUTE1,ATTRIBUTE2,ATTRIBUTE3,ATTRIBUTE4,ATTRIBUTE5,ATTRIBUTE6,ATTRIBUTE7,ATTRIBUTE8,INPUTUSER,INPUTORG,INPUTTIME,UPDATEUSER,UPDATETIME,REMARK,HELPTEXT) VALUES ('a与我行往来情况','5','结算账户在我行，资金往来在50万元（含）以下，或在我行定期存款1万元以上','','5','1','','','','','','','','','','','','SYS_Designer',null,'2015/11/25 16:13:11','SYS_Designer','2015/11/25 16:13:11','','');
INSERT INTO code_library (CODENO,ITEMNO,ITEMNAME,BANKNO,SORTNO,ISINUSE,ITEMDESCRIBE,ITEMATTRIBUTE,RELATIVECODE,ATTRIBUTE1,ATTRIBUTE2,ATTRIBUTE3,ATTRIBUTE4,ATTRIBUTE5,ATTRIBUTE6,ATTRIBUTE7,ATTRIBUTE8,INPUTUSER,INPUTORG,INPUTTIME,UPDATEUSER,UPDATETIME,REMARK,HELPTEXT) VALUES ('a纳税情况','1','未足额纳税及未纳税','','1','1','','','','','','','','','','','','SYS_Designer',null,'2015/11/25 16:17:46','SYS_Designer','2015/11/25 16:17:46','','');
INSERT INTO code_library (CODENO,ITEMNO,ITEMNAME,BANKNO,SORTNO,ISINUSE,ITEMDESCRIBE,ITEMATTRIBUTE,RELATIVECODE,ATTRIBUTE1,ATTRIBUTE2,ATTRIBUTE3,ATTRIBUTE4,ATTRIBUTE5,ATTRIBUTE6,ATTRIBUTE7,ATTRIBUTE8,INPUTUSER,INPUTORG,INPUTTIME,UPDATEUSER,UPDATETIME,REMARK,HELPTEXT) VALUES ('a纳税情况','2','足额纳税','','2','1','','','','','','','','','','','','SYS_Designer',null,'2015/11/25 16:17:46','SYS_Designer','2015/11/25 16:17:46','','');
INSERT INTO code_library (CODENO,ITEMNO,ITEMNAME,BANKNO,SORTNO,ISINUSE,ITEMDESCRIBE,ITEMATTRIBUTE,RELATIVECODE,ATTRIBUTE1,ATTRIBUTE2,ATTRIBUTE3,ATTRIBUTE4,ATTRIBUTE5,ATTRIBUTE6,ATTRIBUTE7,ATTRIBUTE8,INPUTUSER,INPUTORG,INPUTTIME,UPDATEUSER,UPDATETIME,REMARK,HELPTEXT) VALUES ('a投保情况','1','无社会保险','','1','1','','','','','','','','','','','','SYS_Designer',null,'2015/11/25 16:19:30','SYS_Designer','2015/11/25 16:19:30','','');
INSERT INTO code_library (CODENO,ITEMNO,ITEMNAME,BANKNO,SORTNO,ISINUSE,ITEMDESCRIBE,ITEMATTRIBUTE,RELATIVECODE,ATTRIBUTE1,ATTRIBUTE2,ATTRIBUTE3,ATTRIBUTE4,ATTRIBUTE5,ATTRIBUTE6,ATTRIBUTE7,ATTRIBUTE8,INPUTUSER,INPUTORG,INPUTTIME,UPDATEUSER,UPDATETIME,REMARK,HELPTEXT) VALUES ('a投保情况','2','社会保险','','2','1','','','','','','','','','','','','SYS_Designer',null,'2015/11/25 16:19:30','SYS_Designer','2015/11/25 16:19:30','','');
INSERT INTO code_library (CODENO,ITEMNO,ITEMNAME,BANKNO,SORTNO,ISINUSE,ITEMDESCRIBE,ITEMATTRIBUTE,RELATIVECODE,ATTRIBUTE1,ATTRIBUTE2,ATTRIBUTE3,ATTRIBUTE4,ATTRIBUTE5,ATTRIBUTE6,ATTRIBUTE7,ATTRIBUTE8,INPUTUSER,INPUTORG,INPUTTIME,UPDATEUSER,UPDATETIME,REMARK,HELPTEXT) VALUES ('a投保情况','3','无商业保险','','3','1','','','','','','','','','','','','SYS_Designer',null,'2015/11/25 16:19:30','SYS_Designer','2015/11/25 16:19:30','','');
INSERT INTO code_library (CODENO,ITEMNO,ITEMNAME,BANKNO,SORTNO,ISINUSE,ITEMDESCRIBE,ITEMATTRIBUTE,RELATIVECODE,ATTRIBUTE1,ATTRIBUTE2,ATTRIBUTE3,ATTRIBUTE4,ATTRIBUTE5,ATTRIBUTE6,ATTRIBUTE7,ATTRIBUTE8,INPUTUSER,INPUTORG,INPUTTIME,UPDATEUSER,UPDATETIME,REMARK,HELPTEXT) VALUES ('a投保情况','4','商业保险','','4','1','','','','','','','','','','','','SYS_Designer',null,'2015/11/25 16:19:30','SYS_Designer','2015/11/25 16:19:30','','');
INSERT INTO code_library (CODENO,ITEMNO,ITEMNAME,BANKNO,SORTNO,ISINUSE,ITEMDESCRIBE,ITEMATTRIBUTE,RELATIVECODE,ATTRIBUTE1,ATTRIBUTE2,ATTRIBUTE3,ATTRIBUTE4,ATTRIBUTE5,ATTRIBUTE6,ATTRIBUTE7,ATTRIBUTE8,INPUTUSER,INPUTORG,INPUTTIME,UPDATEUSER,UPDATETIME,REMARK,HELPTEXT) VALUES ('a有无与个人信用','1','有','','1','1','','','','','','','','','','','','SYS_Designer',null,'2015/11/25 16:21:55','SYS_Designer','2015/11/25 16:21:55','','');
INSERT INTO code_library (CODENO,ITEMNO,ITEMNAME,BANKNO,SORTNO,ISINUSE,ITEMDESCRIBE,ITEMATTRIBUTE,RELATIVECODE,ATTRIBUTE1,ATTRIBUTE2,ATTRIBUTE3,ATTRIBUTE4,ATTRIBUTE5,ATTRIBUTE6,ATTRIBUTE7,ATTRIBUTE8,INPUTUSER,INPUTORG,INPUTTIME,UPDATEUSER,UPDATETIME,REMARK,HELPTEXT) VALUES ('a有无与个人信用','2','无','','2','1','','','','','','','','','','','','SYS_Designer',null,'2015/11/25 16:21:55','SYS_Designer','2015/11/25 16:21:55','','');
INSERT INTO code_library (CODENO,ITEMNO,ITEMNAME,BANKNO,SORTNO,ISINUSE,ITEMDESCRIBE,ITEMATTRIBUTE,RELATIVECODE,ATTRIBUTE1,ATTRIBUTE2,ATTRIBUTE3,ATTRIBUTE4,ATTRIBUTE5,ATTRIBUTE6,ATTRIBUTE7,ATTRIBUTE8,INPUTUSER,INPUTORG,INPUTTIME,UPDATEUSER,UPDATETIME,REMARK,HELPTEXT) VALUES ('a有无','1','有','','1','1','','','','','','','','','','','','SYS_Designer',null,'2015/11/25 16:26:49','SYS_Designer','2015/11/25 16:26:49','','');
INSERT INTO code_library (CODENO,ITEMNO,ITEMNAME,BANKNO,SORTNO,ISINUSE,ITEMDESCRIBE,ITEMATTRIBUTE,RELATIVECODE,ATTRIBUTE1,ATTRIBUTE2,ATTRIBUTE3,ATTRIBUTE4,ATTRIBUTE5,ATTRIBUTE6,ATTRIBUTE7,ATTRIBUTE8,INPUTUSER,INPUTORG,INPUTTIME,UPDATEUSER,UPDATETIME,REMARK,HELPTEXT) VALUES ('a有无','2','无','','2','1','','','','','','','','','','','','SYS_Designer',null,'2015/11/25 16:26:49','SYS_Designer','2015/11/25 16:26:49','','');


/*********************个人信用等级评分表***************分隔线*********************************/
--swan1 20151126 在Evaluate_catalog表中加入个人信用等级评分表
--select * from Evaluate_catalog where modelno = '011'

INSERT INTO Evaluate_catalog (MODELNO,MODELNAME,MODELTYPE,MODELDESCRIBE,TRANSFORMMETHOD,REMARK) VALUES ('011','个人信用等级评分表','015',null,'if(#TotalScore<40,"D",if(#TotalScore<45,"C",if(#TotalScore<50,"CC",if(#TotalScore<60,"CCC",if(#TotalScore<65,"B",if(#TotalScore<70,"BB",if(#TotalScore<80,"BBB",if(#TotalScore<88,"A",if(#TotalScore<96,"AA","AAA")))))))))','fas');

/*********************个人信用等级评分表模型设置***************分隔线*********************************/
--swan1  20151126 在Evaluate_model表中建立个人信用等级评分表模型
--select * from Evaluate_model where modelno = '011'

INSERT INTO Evaluate_model (MODELNO,ITEMNO,DISPLAYNO,ITEMNAME,ITEMATTRIBUTE,VALUEMETHOD,VALUECODE,VALUETYPE,EVALUATEMETHOD,COEFFICIENT,REMARK) VALUES ('011','1','1','个人基本情况','','','','','',0.000000,'');
INSERT INTO Evaluate_model (MODELNO,ITEMNO,DISPLAYNO,ITEMNAME,ITEMATTRIBUTE,VALUEMETHOD,VALUECODE,VALUETYPE,EVALUATEMETHOD,COEFFICIENT,REMARK) VALUES ('011','10','2.1','行业或企业类别','','','a行业或企业类别','Number','if(#ItemValue=2,8,if(#ItemValue=3,7,if(#ItemValue=4,6,if(#ItemValue=5,5,if(#ItemValue=6,4,if(#ItemValue=7,3,if(#ItemValue=8,2,if(#ItemValue=9,1,9))))))))',1.000000,'');
INSERT INTO Evaluate_model (MODELNO,ITEMNO,DISPLAYNO,ITEMNAME,ITEMATTRIBUTE,VALUEMETHOD,VALUECODE,VALUETYPE,EVALUATEMETHOD,COEFFICIENT,REMARK) VALUES ('011','11','2.2','从事岗位','','','a从事岗位','Number','if(#ItemValue=2,6,if(#ItemValue=3,5,7))',1.000000,'');
INSERT INTO Evaluate_model (MODELNO,ITEMNO,DISPLAYNO,ITEMNAME,ITEMATTRIBUTE,VALUEMETHOD,VALUECODE,VALUETYPE,EVALUATEMETHOD,COEFFICIENT,REMARK) VALUES ('011','12','2.3','从事目前行业年限或目前单位工作年限','','','a从事目前行业','Number','if(#ItemValue=2,2,if(#ItemValue=3,3,if(#ItemValue=4,5,if(#ItemValue=5,6,1))))',1.000000,'');
INSERT INTO Evaluate_model (MODELNO,ITEMNO,DISPLAYNO,ITEMNAME,ITEMATTRIBUTE,VALUEMETHOD,VALUECODE,VALUETYPE,EVALUATEMETHOD,COEFFICIENT,REMARK) VALUES ('011','13','3','个人资产情况','','','','','',0.000000,'');
INSERT INTO Evaluate_model (MODELNO,ITEMNO,DISPLAYNO,ITEMNAME,ITEMATTRIBUTE,VALUEMETHOD,VALUECODE,VALUETYPE,EVALUATEMETHOD,COEFFICIENT,REMARK) VALUES ('011','14','3.1','个人平均月收入','','','a个人平均月收入','Number','if(#ItemValue=2,10,if(#ItemValue=3,8,if(#ItemValue=4,6,if(#ItemValue=5,4,if(#ItemValue=6,2,if(#ItemValue=7,0,12))))))',1.000000,'');
INSERT INTO Evaluate_model (MODELNO,ITEMNO,DISPLAYNO,ITEMNAME,ITEMATTRIBUTE,VALUEMETHOD,VALUECODE,VALUETYPE,EVALUATEMETHOD,COEFFICIENT,REMARK) VALUES ('011','15','3.2','家庭资产负债比率','','','a家庭资产负债比率','Number','if(#ItemValue=2,3,if(#ItemValue=3,0,6))',1.000000,'');
INSERT INTO Evaluate_model (MODELNO,ITEMNO,DISPLAYNO,ITEMNAME,ITEMATTRIBUTE,VALUEMETHOD,VALUECODE,VALUETYPE,EVALUATEMETHOD,COEFFICIENT,REMARK) VALUES ('011','16','3.3','家庭资产总额','','','a 家庭资产总额','Number','if(#ItemValue=2,14,if(#ItemValue=3,12,if(#ItemValue=4,10,if(#ItemValue=5,8,if(#ItemValue=6,6,if(#ItemValue=7,4,if(#ItemValue=8,2,if(#ItemValue=9,0,16))))))))',1.000000,'');
INSERT INTO Evaluate_model (MODELNO,ITEMNO,DISPLAYNO,ITEMNAME,ITEMATTRIBUTE,VALUEMETHOD,VALUECODE,VALUETYPE,EVALUATEMETHOD,COEFFICIENT,REMARK) VALUES ('011','17','4','个人信用情况','','','','','',0.000000,'');
INSERT INTO Evaluate_model (MODELNO,ITEMNO,DISPLAYNO,ITEMNAME,ITEMATTRIBUTE,VALUEMETHOD,VALUECODE,VALUETYPE,EVALUATEMETHOD,COEFFICIENT,REMARK) VALUES ('011','18','4.1','信用记录','','','a信用记录','Number','if(#ItemValue=2,9,if(#ItemValue=3,8,if(#ItemValue=4,6,if(#ItemValue=5,5,if(#ItemValue=6,4,if(#ItemValue=7,0,if(#ItemValue=8,-6,if(#ItemValue=9,-8,if(#ItemValue=10,-10,10)))))))))',1.000000,'');
INSERT INTO Evaluate_model (MODELNO,ITEMNO,DISPLAYNO,ITEMNAME,ITEMATTRIBUTE,VALUEMETHOD,VALUECODE,VALUETYPE,EVALUATEMETHOD,COEFFICIENT,REMARK) VALUES ('011','19','4.2','与我行往来情况','','','a与我行往来情况','Number','if(#ItemValue=2,4,if(#ItemValue=3,3,if(#ItemValue=4,2,if(#ItemValue=5,1,5))))',1.000000,'');
INSERT INTO Evaluate_model (MODELNO,ITEMNO,DISPLAYNO,ITEMNAME,ITEMATTRIBUTE,VALUEMETHOD,VALUECODE,VALUETYPE,EVALUATEMETHOD,COEFFICIENT,REMARK) VALUES ('011','2','1.1','年龄','','','贷款申请人年龄','Number','if(#ItemValue=1,1,if(#ItemValue=2,2,if(#ItemValue=3,3,if(#ItemValue=4,4,5))))',1.000000,'');
INSERT INTO Evaluate_model (MODELNO,ITEMNO,DISPLAYNO,ITEMNAME,ITEMATTRIBUTE,VALUEMETHOD,VALUECODE,VALUETYPE,EVALUATEMETHOD,COEFFICIENT,REMARK) VALUES ('011','20','5','社会公共信息记录','','','','','',0.000000,'');
INSERT INTO Evaluate_model (MODELNO,ITEMNO,DISPLAYNO,ITEMNAME,ITEMATTRIBUTE,VALUEMETHOD,VALUECODE,VALUETYPE,EVALUATEMETHOD,COEFFICIENT,REMARK) VALUES ('011','21','5.1','纳税情况','','','a纳税情况','Number','if(#ItemValue=1,1,0)',1.000000,'');
INSERT INTO Evaluate_model (MODELNO,ITEMNO,DISPLAYNO,ITEMNAME,ITEMATTRIBUTE,VALUEMETHOD,VALUECODE,VALUETYPE,EVALUATEMETHOD,COEFFICIENT,REMARK) VALUES ('011','22','5.2','投保情况','','','a投保情况','Number','if(#ItemValue=2,1,if(#ItemValue=3,0,if(#ItemValue=4,1,0)))',1.000000,'');
INSERT INTO Evaluate_model (MODELNO,ITEMNO,DISPLAYNO,ITEMNAME,ITEMATTRIBUTE,VALUEMETHOD,VALUECODE,VALUETYPE,EVALUATEMETHOD,COEFFICIENT,REMARK) VALUES ('011','23','5.3','有无与个人信用有关的民事纠纷','','','a有无与个人信用','Number','if(#ItemValue=2,1,0)',1.000000,'');
INSERT INTO Evaluate_model (MODELNO,ITEMNO,DISPLAYNO,ITEMNAME,ITEMATTRIBUTE,VALUEMETHOD,VALUECODE,VALUETYPE,EVALUATEMETHOD,COEFFICIENT,REMARK) VALUES ('011','24','5.4','有无与个人信用有关的行政处罚记录','','','a有无','Number','if(#ItemValue=2,1,0)',1.000000,'');
INSERT INTO Evaluate_model (MODELNO,ITEMNO,DISPLAYNO,ITEMNAME,ITEMATTRIBUTE,VALUEMETHOD,VALUECODE,VALUETYPE,EVALUATEMETHOD,COEFFICIENT,REMARK) VALUES ('011','3','1.2','户口','','','户口','Number','if(#ItemValue=2,0,3)',1.000000,'');
INSERT INTO Evaluate_model (MODELNO,ITEMNO,DISPLAYNO,ITEMNAME,ITEMATTRIBUTE,VALUEMETHOD,VALUECODE,VALUETYPE,EVALUATEMETHOD,COEFFICIENT,REMARK) VALUES ('011','4','1.3','在本地居住时间','','','在本地居住时间','Number','if(#ItemValue=2,1,if(#ItemValue=3,2,if(#ItemValue=4,3,0)))',1.000000,'');
INSERT INTO Evaluate_model (MODELNO,ITEMNO,DISPLAYNO,ITEMNAME,ITEMATTRIBUTE,VALUEMETHOD,VALUECODE,VALUETYPE,EVALUATEMETHOD,COEFFICIENT,REMARK) VALUES ('011','5','1.4','学历','','','相关学历','Number','if(#ItemValue=2,3,if(#ItemValue=3,2,if(#ItemValue=4,1,4)))',1.000000,'');
INSERT INTO Evaluate_model (MODELNO,ITEMNO,DISPLAYNO,ITEMNAME,ITEMATTRIBUTE,VALUEMETHOD,VALUECODE,VALUETYPE,EVALUATEMETHOD,COEFFICIENT,REMARK) VALUES ('011','6','1.5','职称','','','职称','Number','if(#ItemValue=2,2,if(#ItemValue=3,1,3))',1.000000,'');
INSERT INTO Evaluate_model (MODELNO,ITEMNO,DISPLAYNO,ITEMNAME,ITEMATTRIBUTE,VALUEMETHOD,VALUECODE,VALUETYPE,EVALUATEMETHOD,COEFFICIENT,REMARK) VALUES ('011','7','1.6','婚姻状况','','','婚姻状况','NUmber','if(#ItemValue=2,2,if(#ItemValue=3,3,1))',1.000000,'');
INSERT INTO Evaluate_model (MODELNO,ITEMNO,DISPLAYNO,ITEMNAME,ITEMATTRIBUTE,VALUEMETHOD,VALUECODE,VALUETYPE,EVALUATEMETHOD,COEFFICIENT,REMARK) VALUES ('011','8','1.7','居住状况','','','经营者居住状况','Number','if(#ItemValue=2,1,if(#ItemValue=3,-3,if(#ItemValue=4,2,3)))',1.000000,'');
INSERT INTO Evaluate_model (MODELNO,ITEMNO,DISPLAYNO,ITEMNAME,ITEMATTRIBUTE,VALUEMETHOD,VALUECODE,VALUETYPE,EVALUATEMETHOD,COEFFICIENT,REMARK) VALUES ('011','9','2','个人就业情况','','','','','',0.000000,'');


/*********************在代码管理中插入企业信用等级评分表的取值代码***************分隔线*********************************/
--swan1  20151126 在code_catalog表中插入企业信用等级评分表的取值代码
--select * from code_catalog where codeno in ('b董事长学历','b企业决策经营','b法人','b总经理是全国劳模','b6个部门','b家族企业','b财务制度','b供产销制度','b企业经营年限','b控股投资人背景','b控股投资人与其关系','c企业取得公开授信额度','c有无欠息','c有无逾期','c有无退票','c贷款中有无','c产销率','c通过ISO','c行业排名全国前五','c重大事项');

INSERT INTO code_catalog (CODENO,SORTNO,CODETYPEONE,CODETYPETWO,CODENAME,CODEDESCRIBE,CODEATTRIBUTE,INPUTUSER,INPUTORG,INPUTTIME,UPDATEUSER,UPDATETIME,REMARK) VALUES ('b董事长学历','00200263','2.信用评级','企业信用等级评估','董事长学历','','','SYS_Designer',null,'2015/11/25 16:42:02','SYS_Designer','2015/11/25 16:42:02','');
INSERT INTO code_catalog (CODENO,SORTNO,CODETYPEONE,CODETYPETWO,CODENAME,CODEDESCRIBE,CODEATTRIBUTE,INPUTUSER,INPUTORG,INPUTTIME,UPDATEUSER,UPDATETIME,REMARK) VALUES ('b企业决策经营','00200264','2.信用评级','企业信用等级评估','企业决策经营班子学历综合测评','','','SYS_Designer',null,'2015/11/25 17:40:25','SYS_Designer','2015/11/25 17:40:25','');
INSERT INTO code_catalog (CODENO,SORTNO,CODETYPEONE,CODETYPETWO,CODENAME,CODEDESCRIBE,CODEATTRIBUTE,INPUTUSER,INPUTORG,INPUTTIME,UPDATEUSER,UPDATETIME,REMARK) VALUES ('b法人','00200265','2.信用评级','企业信用等级评估','法人代表有无逃废债记录','','','SYS_Designer',null,'2015/11/25 20:24:04','SYS_Designer','2015/11/25 20:24:04','');
INSERT INTO code_catalog (CODENO,SORTNO,CODETYPEONE,CODETYPETWO,CODENAME,CODEDESCRIBE,CODEATTRIBUTE,INPUTUSER,INPUTORG,INPUTTIME,UPDATEUSER,UPDATETIME,REMARK) VALUES ('b总经理是全国劳模','00200266','2.信用评级','企业信用等级评估','总经理是全国劳模','','','SYS_Designer',null,'2015/11/25 20:27:57','SYS_Designer','2015/11/25 20:27:57','');
INSERT INTO code_catalog (CODENO,SORTNO,CODETYPEONE,CODETYPETWO,CODENAME,CODEDESCRIBE,CODEATTRIBUTE,INPUTUSER,INPUTORG,INPUTTIME,UPDATEUSER,UPDATETIME,REMARK) VALUES ('b6个部门','00200267','2.信用评级','企业信用等级评估','人、财、物、产、供、销6个部门','','','SYS_Designer',null,'2015/11/25 20:54:00','SYS_Designer','2015/11/25 21:18:04','');
INSERT INTO code_catalog (CODENO,SORTNO,CODETYPEONE,CODETYPETWO,CODENAME,CODEDESCRIBE,CODEATTRIBUTE,INPUTUSER,INPUTORG,INPUTTIME,UPDATEUSER,UPDATETIME,REMARK) VALUES ('b家族企业','00200268','2.信用评级','企业信用等级评估','家族企业','','','SYS_Designer',null,'2015/11/25 21:16:19','SYS_Designer','2015/11/25 21:16:19','');
INSERT INTO code_catalog (CODENO,SORTNO,CODETYPEONE,CODETYPETWO,CODENAME,CODEDESCRIBE,CODEATTRIBUTE,INPUTUSER,INPUTORG,INPUTTIME,UPDATEUSER,UPDATETIME,REMARK) VALUES ('b财务制度','00200269','2.信用评级','企业信用等级评估','财务制度','','','SYS_Designer',null,'2015/11/25 21:18:04','SYS_Designer','2015/11/25 21:18:04','');
INSERT INTO code_catalog (CODENO,SORTNO,CODETYPEONE,CODETYPETWO,CODENAME,CODEDESCRIBE,CODEATTRIBUTE,INPUTUSER,INPUTORG,INPUTTIME,UPDATEUSER,UPDATETIME,REMARK) VALUES ('b供产销制度','00200270','2.信用评级','企业信用等级评估','供产销制度','','','SYS_Designer',null,'2015/11/25 21:20:14','SYS_Designer','2015/11/25 21:20:14','');
INSERT INTO code_catalog (CODENO,SORTNO,CODETYPEONE,CODETYPETWO,CODENAME,CODEDESCRIBE,CODEATTRIBUTE,INPUTUSER,INPUTORG,INPUTTIME,UPDATEUSER,UPDATETIME,REMARK) VALUES ('b企业经营年限','00200271','2.信用评级','企业信用等级评估','企业经营年限','','','SYS_Designer',null,'2015/11/25 21:22:55','SYS_Designer','2015/11/25 21:22:55','');
INSERT INTO code_catalog (CODENO,SORTNO,CODETYPEONE,CODETYPETWO,CODENAME,CODEDESCRIBE,CODEATTRIBUTE,INPUTUSER,INPUTORG,INPUTTIME,UPDATEUSER,UPDATETIME,REMARK) VALUES ('b控股投资人背景','00200272','2.信用评级','企业信用等级评估','控股投资人背景','','','SYS_Designer',null,'2015/11/25 21:27:05','SYS_Designer','2015/11/25 21:27:05','');
INSERT INTO code_catalog (CODENO,SORTNO,CODETYPEONE,CODETYPETWO,CODENAME,CODEDESCRIBE,CODEATTRIBUTE,INPUTUSER,INPUTORG,INPUTTIME,UPDATEUSER,UPDATETIME,REMARK) VALUES ('b控股投资人与其关系','00200273','2.信用评级','企业信用等级评估','控股投资人与其关系','','','SYS_Designer',null,'2015/11/26 08:35:36','SYS_Designer','2015/11/26 08:35:36','');
INSERT INTO code_catalog (CODENO,SORTNO,CODETYPEONE,CODETYPETWO,CODENAME,CODEDESCRIBE,CODEATTRIBUTE,INPUTUSER,INPUTORG,INPUTTIME,UPDATEUSER,UPDATETIME,REMARK) VALUES ('c企业取得公开授信额度','00200274','2.信用评级','企业信用等级评估','企业取得公开授信额度','','','SYS_Designer',null,'2015/11/26 08:52:33','SYS_Designer','2015/11/26 08:52:33','');
INSERT INTO code_catalog (CODENO,SORTNO,CODETYPEONE,CODETYPETWO,CODENAME,CODEDESCRIBE,CODEATTRIBUTE,INPUTUSER,INPUTORG,INPUTTIME,UPDATEUSER,UPDATETIME,REMARK) VALUES ('c有无欠息','00200275','2.信用评级','企业信用等级评估','有无欠息','','','SYS_Designer',null,'2015/11/26 09:50:43','SYS_Designer','2015/11/26 09:50:43','');
INSERT INTO code_catalog (CODENO,SORTNO,CODETYPEONE,CODETYPETWO,CODENAME,CODEDESCRIBE,CODEATTRIBUTE,INPUTUSER,INPUTORG,INPUTTIME,UPDATEUSER,UPDATETIME,REMARK) VALUES ('c有无逾期','00200276','2.信用评级','企业信用等级评估','有无逾期','','','SYS_Designer',null,'2015/11/26 09:02:50','SYS_Designer','2015/11/26 09:02:50','');
INSERT INTO code_catalog (CODENO,SORTNO,CODETYPEONE,CODETYPETWO,CODENAME,CODEDESCRIBE,CODEATTRIBUTE,INPUTUSER,INPUTORG,INPUTTIME,UPDATEUSER,UPDATETIME,REMARK) VALUES ('c有无退票','00200277','2.信用评级','企业信用等级评估','有无退票','','','SYS_Designer',null,'2015/11/26 09:11:03','SYS_Designer','2015/11/26 09:11:03','');
INSERT INTO code_catalog (CODENO,SORTNO,CODETYPEONE,CODETYPETWO,CODENAME,CODEDESCRIBE,CODEATTRIBUTE,INPUTUSER,INPUTORG,INPUTTIME,UPDATEUSER,UPDATETIME,REMARK) VALUES ('c贷款中有无','00200278','2.信用评级','企业信用等级评估','贷款中有无借新还旧或展期','','','SYS_Designer',null,'2015/11/26 09:12:57','SYS_Designer','2015/11/26 09:13:15','');
INSERT INTO code_catalog (CODENO,SORTNO,CODETYPEONE,CODETYPETWO,CODENAME,CODEDESCRIBE,CODEATTRIBUTE,INPUTUSER,INPUTORG,INPUTTIME,UPDATEUSER,UPDATETIME,REMARK) VALUES ('c产销率','00200279','2.信用评级','企业信用等级评估','产销率','','','SYS_Designer',null,'2015/11/26 09:19:01','SYS_Designer','2015/11/26 09:19:01','');
INSERT INTO code_catalog (CODENO,SORTNO,CODETYPEONE,CODETYPETWO,CODENAME,CODEDESCRIBE,CODEATTRIBUTE,INPUTUSER,INPUTORG,INPUTTIME,UPDATEUSER,UPDATETIME,REMARK) VALUES ('c通过ISO','00200280','2.信用评级','企业信用等级评估','通过ISO系列质量管理认证','','','SYS_Designer',null,'2015/11/26 09:27:43','SYS_Designer','2015/11/26 09:27:43','');
INSERT INTO code_catalog (CODENO,SORTNO,CODETYPEONE,CODETYPETWO,CODENAME,CODEDESCRIBE,CODEATTRIBUTE,INPUTUSER,INPUTORG,INPUTTIME,UPDATEUSER,UPDATETIME,REMARK) VALUES ('c行业排名全国前五','00200281','2.信用评级','企业信用等级评估','行业排名全国前五','','','SYS_Designer',null,'2015/11/26 10:18:40','SYS_Designer','2015/11/26 10:18:40','');
INSERT INTO code_catalog (CODENO,SORTNO,CODETYPEONE,CODETYPETWO,CODENAME,CODEDESCRIBE,CODEATTRIBUTE,INPUTUSER,INPUTORG,INPUTTIME,UPDATEUSER,UPDATETIME,REMARK) VALUES ('c重大事项','00200282','2.信用评级','企业信用等级评估','重大事项','','','SYS_Designer',null,'2015/11/26 10:21:09','SYS_Designer','2015/11/26 10:21:09','');


/*********************设置取值代码的具体内容***************分隔线*********************************/
--swan1 20151126 在code_library中插入取值代码的具体内容
--select * from code_library where codeno in ('b董事长学历','b企业决策经营','b法人','b总经理是全国劳模','b6个部门','b家族企业','b财务制度','b供产销制度','b企业经营年限','b控股投资人背景','b控股投资人与其关系','c企业取得公开授信额度','c有无欠息','c有无逾期','c有无退票','c贷款中有无','c产销率','c通过ISO','c行业排名全国前五','c重大事项');

INSERT INTO code_library (CODENO,ITEMNO,ITEMNAME,BANKNO,SORTNO,ISINUSE,ITEMDESCRIBE,ITEMATTRIBUTE,RELATIVECODE,ATTRIBUTE1,ATTRIBUTE2,ATTRIBUTE3,ATTRIBUTE4,ATTRIBUTE5,ATTRIBUTE6,ATTRIBUTE7,ATTRIBUTE8,INPUTUSER,INPUTORG,INPUTTIME,UPDATEUSER,UPDATETIME,REMARK,HELPTEXT) VALUES ('b董事长学历','1','研究生及研究生以上','','1','1','','','','','','','','','','','','SYS_Designer',null,'2015/11/25 16:42:02','SYS_Designer','2015/11/25 16:42:02','','');
INSERT INTO code_library (CODENO,ITEMNO,ITEMNAME,BANKNO,SORTNO,ISINUSE,ITEMDESCRIBE,ITEMATTRIBUTE,RELATIVECODE,ATTRIBUTE1,ATTRIBUTE2,ATTRIBUTE3,ATTRIBUTE4,ATTRIBUTE5,ATTRIBUTE6,ATTRIBUTE7,ATTRIBUTE8,INPUTUSER,INPUTORG,INPUTTIME,UPDATEUSER,UPDATETIME,REMARK,HELPTEXT) VALUES ('b董事长学历','2','本科','','2','1','','','','','','','','','','','','SYS_Designer',null,'2015/11/25 16:42:02','SYS_Designer','2015/11/25 16:42:02','','');
INSERT INTO code_library (CODENO,ITEMNO,ITEMNAME,BANKNO,SORTNO,ISINUSE,ITEMDESCRIBE,ITEMATTRIBUTE,RELATIVECODE,ATTRIBUTE1,ATTRIBUTE2,ATTRIBUTE3,ATTRIBUTE4,ATTRIBUTE5,ATTRIBUTE6,ATTRIBUTE7,ATTRIBUTE8,INPUTUSER,INPUTORG,INPUTTIME,UPDATEUSER,UPDATETIME,REMARK,HELPTEXT) VALUES ('b董事长学历','3','本科以下','','3','1','','','','','','','','','','','','SYS_Designer',null,'2015/11/25 16:42:02','SYS_Designer','2015/11/25 16:42:02','','');
INSERT INTO code_library (CODENO,ITEMNO,ITEMNAME,BANKNO,SORTNO,ISINUSE,ITEMDESCRIBE,ITEMATTRIBUTE,RELATIVECODE,ATTRIBUTE1,ATTRIBUTE2,ATTRIBUTE3,ATTRIBUTE4,ATTRIBUTE5,ATTRIBUTE6,ATTRIBUTE7,ATTRIBUTE8,INPUTUSER,INPUTORG,INPUTTIME,UPDATEUSER,UPDATETIME,REMARK,HELPTEXT) VALUES ('b企业决策经营','1','研究生及研究生以上','','1','1','','','','','','','','','','','','SYS_Designer',null,'2015/11/25 17:40:25','SYS_Designer','2015/11/25 17:40:25','','');
INSERT INTO code_library (CODENO,ITEMNO,ITEMNAME,BANKNO,SORTNO,ISINUSE,ITEMDESCRIBE,ITEMATTRIBUTE,RELATIVECODE,ATTRIBUTE1,ATTRIBUTE2,ATTRIBUTE3,ATTRIBUTE4,ATTRIBUTE5,ATTRIBUTE6,ATTRIBUTE7,ATTRIBUTE8,INPUTUSER,INPUTORG,INPUTTIME,UPDATEUSER,UPDATETIME,REMARK,HELPTEXT) VALUES ('b企业决策经营','2','本科生','','2','1','','','','','','','','','','','','SYS_Designer',null,'2015/11/25 17:40:25','SYS_Designer','2015/11/25 17:40:25','','');
INSERT INTO code_library (CODENO,ITEMNO,ITEMNAME,BANKNO,SORTNO,ISINUSE,ITEMDESCRIBE,ITEMATTRIBUTE,RELATIVECODE,ATTRIBUTE1,ATTRIBUTE2,ATTRIBUTE3,ATTRIBUTE4,ATTRIBUTE5,ATTRIBUTE6,ATTRIBUTE7,ATTRIBUTE8,INPUTUSER,INPUTORG,INPUTTIME,UPDATEUSER,UPDATETIME,REMARK,HELPTEXT) VALUES ('b企业决策经营','3','大专','','3','1','','','','','','','','','','','','SYS_Designer',null,'2015/11/25 17:40:25','SYS_Designer','2015/11/25 17:40:25','','');
INSERT INTO code_library (CODENO,ITEMNO,ITEMNAME,BANKNO,SORTNO,ISINUSE,ITEMDESCRIBE,ITEMATTRIBUTE,RELATIVECODE,ATTRIBUTE1,ATTRIBUTE2,ATTRIBUTE3,ATTRIBUTE4,ATTRIBUTE5,ATTRIBUTE6,ATTRIBUTE7,ATTRIBUTE8,INPUTUSER,INPUTORG,INPUTTIME,UPDATEUSER,UPDATETIME,REMARK,HELPTEXT) VALUES ('b法人','1','有','','1','1','','','','','','','','','','','','SYS_Designer',null,'2015/11/25 20:24:04','SYS_Designer','2015/11/25 20:24:04','','');
INSERT INTO code_library (CODENO,ITEMNO,ITEMNAME,BANKNO,SORTNO,ISINUSE,ITEMDESCRIBE,ITEMATTRIBUTE,RELATIVECODE,ATTRIBUTE1,ATTRIBUTE2,ATTRIBUTE3,ATTRIBUTE4,ATTRIBUTE5,ATTRIBUTE6,ATTRIBUTE7,ATTRIBUTE8,INPUTUSER,INPUTORG,INPUTTIME,UPDATEUSER,UPDATETIME,REMARK,HELPTEXT) VALUES ('b法人','2','无','','2','1','','','','','','','','','','','','SYS_Designer',null,'2015/11/25 20:24:04','SYS_Designer','2015/11/25 20:24:04','','');
INSERT INTO code_library (CODENO,ITEMNO,ITEMNAME,BANKNO,SORTNO,ISINUSE,ITEMDESCRIBE,ITEMATTRIBUTE,RELATIVECODE,ATTRIBUTE1,ATTRIBUTE2,ATTRIBUTE3,ATTRIBUTE4,ATTRIBUTE5,ATTRIBUTE6,ATTRIBUTE7,ATTRIBUTE8,INPUTUSER,INPUTORG,INPUTTIME,UPDATEUSER,UPDATETIME,REMARK,HELPTEXT) VALUES ('b总经理是全国劳模','1','是','','1','1','','','','','','','','','','','','SYS_Designer',null,'2015/11/25 20:27:57','SYS_Designer','2015/11/25 20:27:57','','');
INSERT INTO code_library (CODENO,ITEMNO,ITEMNAME,BANKNO,SORTNO,ISINUSE,ITEMDESCRIBE,ITEMATTRIBUTE,RELATIVECODE,ATTRIBUTE1,ATTRIBUTE2,ATTRIBUTE3,ATTRIBUTE4,ATTRIBUTE5,ATTRIBUTE6,ATTRIBUTE7,ATTRIBUTE8,INPUTUSER,INPUTORG,INPUTTIME,UPDATEUSER,UPDATETIME,REMARK,HELPTEXT) VALUES ('b总经理是全国劳模','2','否','','2','1','','','','','','','','','','','','SYS_Designer',null,'2015/11/25 20:27:57','SYS_Designer','2015/11/25 20:27:57','','');
INSERT INTO code_library (CODENO,ITEMNO,ITEMNAME,BANKNO,SORTNO,ISINUSE,ITEMDESCRIBE,ITEMATTRIBUTE,RELATIVECODE,ATTRIBUTE1,ATTRIBUTE2,ATTRIBUTE3,ATTRIBUTE4,ATTRIBUTE5,ATTRIBUTE6,ATTRIBUTE7,ATTRIBUTE8,INPUTUSER,INPUTORG,INPUTTIME,UPDATEUSER,UPDATETIME,REMARK,HELPTEXT) VALUES ('b6个部门','1','6个部门齐全','','1','1','','','','','','','','','','','','SYS_Designer',null,'2015/11/25 20:54:35','SYS_Designer','2015/11/25 20:55:26','','');
INSERT INTO code_library (CODENO,ITEMNO,ITEMNAME,BANKNO,SORTNO,ISINUSE,ITEMDESCRIBE,ITEMATTRIBUTE,RELATIVECODE,ATTRIBUTE1,ATTRIBUTE2,ATTRIBUTE3,ATTRIBUTE4,ATTRIBUTE5,ATTRIBUTE6,ATTRIBUTE7,ATTRIBUTE8,INPUTUSER,INPUTORG,INPUTTIME,UPDATEUSER,UPDATETIME,REMARK,HELPTEXT) VALUES ('b6个部门','2','3个至5个','','2','1','','','','','','','','','','','','SYS_Designer',null,'2015/11/25 20:54:35','SYS_Designer','2015/11/25 20:55:26','','');
INSERT INTO code_library (CODENO,ITEMNO,ITEMNAME,BANKNO,SORTNO,ISINUSE,ITEMDESCRIBE,ITEMATTRIBUTE,RELATIVECODE,ATTRIBUTE1,ATTRIBUTE2,ATTRIBUTE3,ATTRIBUTE4,ATTRIBUTE5,ATTRIBUTE6,ATTRIBUTE7,ATTRIBUTE8,INPUTUSER,INPUTORG,INPUTTIME,UPDATEUSER,UPDATETIME,REMARK,HELPTEXT) VALUES ('b6个部门','3','3个以下','','3','1','','','','','','','','','','','','SYS_Designer',null,'2015/11/25 20:54:35','SYS_Designer','2015/11/25 20:55:26','','');
INSERT INTO code_library (CODENO,ITEMNO,ITEMNAME,BANKNO,SORTNO,ISINUSE,ITEMDESCRIBE,ITEMATTRIBUTE,RELATIVECODE,ATTRIBUTE1,ATTRIBUTE2,ATTRIBUTE3,ATTRIBUTE4,ATTRIBUTE5,ATTRIBUTE6,ATTRIBUTE7,ATTRIBUTE8,INPUTUSER,INPUTORG,INPUTTIME,UPDATEUSER,UPDATETIME,REMARK,HELPTEXT) VALUES ('b家族企业','1','是','','0010','1','','','','','','','','','','','','SYS_Designer',null,'2015/11/25 21:16:19','SYS_Designer','2015/11/25 21:16:19','','');
INSERT INTO code_library (CODENO,ITEMNO,ITEMNAME,BANKNO,SORTNO,ISINUSE,ITEMDESCRIBE,ITEMATTRIBUTE,RELATIVECODE,ATTRIBUTE1,ATTRIBUTE2,ATTRIBUTE3,ATTRIBUTE4,ATTRIBUTE5,ATTRIBUTE6,ATTRIBUTE7,ATTRIBUTE8,INPUTUSER,INPUTORG,INPUTTIME,UPDATEUSER,UPDATETIME,REMARK,HELPTEXT) VALUES ('b家族企业','2','否','','2','1','','','','','','','','','','','','SYS_Designer',null,'2015/11/25 21:16:19','SYS_Designer','2015/11/25 21:16:19','','');
INSERT INTO code_library (CODENO,ITEMNO,ITEMNAME,BANKNO,SORTNO,ISINUSE,ITEMDESCRIBE,ITEMATTRIBUTE,RELATIVECODE,ATTRIBUTE1,ATTRIBUTE2,ATTRIBUTE3,ATTRIBUTE4,ATTRIBUTE5,ATTRIBUTE6,ATTRIBUTE7,ATTRIBUTE8,INPUTUSER,INPUTORG,INPUTTIME,UPDATEUSER,UPDATETIME,REMARK,HELPTEXT) VALUES ('b财务制度','1','有','','1','1','','','','','','','','','','','','SYS_Designer',null,'2015/11/25 21:18:04','SYS_Designer','2015/11/25 21:18:04','','');
INSERT INTO code_library (CODENO,ITEMNO,ITEMNAME,BANKNO,SORTNO,ISINUSE,ITEMDESCRIBE,ITEMATTRIBUTE,RELATIVECODE,ATTRIBUTE1,ATTRIBUTE2,ATTRIBUTE3,ATTRIBUTE4,ATTRIBUTE5,ATTRIBUTE6,ATTRIBUTE7,ATTRIBUTE8,INPUTUSER,INPUTORG,INPUTTIME,UPDATEUSER,UPDATETIME,REMARK,HELPTEXT) VALUES ('b财务制度','2','无','','2','1','','','','','','','','','','','','SYS_Designer',null,'2015/11/25 21:18:04','SYS_Designer','2015/11/25 21:18:04','','');
INSERT INTO code_library (CODENO,ITEMNO,ITEMNAME,BANKNO,SORTNO,ISINUSE,ITEMDESCRIBE,ITEMATTRIBUTE,RELATIVECODE,ATTRIBUTE1,ATTRIBUTE2,ATTRIBUTE3,ATTRIBUTE4,ATTRIBUTE5,ATTRIBUTE6,ATTRIBUTE7,ATTRIBUTE8,INPUTUSER,INPUTORG,INPUTTIME,UPDATEUSER,UPDATETIME,REMARK,HELPTEXT) VALUES ('b供产销制度','1','有','','1','1','','','','','','','','','','','','SYS_Designer',null,'2015/11/25 21:20:14','SYS_Designer','2015/11/25 21:20:14','','');
INSERT INTO code_library (CODENO,ITEMNO,ITEMNAME,BANKNO,SORTNO,ISINUSE,ITEMDESCRIBE,ITEMATTRIBUTE,RELATIVECODE,ATTRIBUTE1,ATTRIBUTE2,ATTRIBUTE3,ATTRIBUTE4,ATTRIBUTE5,ATTRIBUTE6,ATTRIBUTE7,ATTRIBUTE8,INPUTUSER,INPUTORG,INPUTTIME,UPDATEUSER,UPDATETIME,REMARK,HELPTEXT) VALUES ('b供产销制度','2','无','','2','1','','','','','','','','','','','','SYS_Designer',null,'2015/11/25 21:20:14','SYS_Designer','2015/11/25 21:20:14','','');
INSERT INTO code_library (CODENO,ITEMNO,ITEMNAME,BANKNO,SORTNO,ISINUSE,ITEMDESCRIBE,ITEMATTRIBUTE,RELATIVECODE,ATTRIBUTE1,ATTRIBUTE2,ATTRIBUTE3,ATTRIBUTE4,ATTRIBUTE5,ATTRIBUTE6,ATTRIBUTE7,ATTRIBUTE8,INPUTUSER,INPUTORG,INPUTTIME,UPDATEUSER,UPDATETIME,REMARK,HELPTEXT) VALUES ('b企业经营年限','1','一年以内','','1','1','','','','','','','','','','','','SYS_Designer',null,'2015/11/25 21:22:56','SYS_Designer','2015/11/25 21:22:56','','');
INSERT INTO code_library (CODENO,ITEMNO,ITEMNAME,BANKNO,SORTNO,ISINUSE,ITEMDESCRIBE,ITEMATTRIBUTE,RELATIVECODE,ATTRIBUTE1,ATTRIBUTE2,ATTRIBUTE3,ATTRIBUTE4,ATTRIBUTE5,ATTRIBUTE6,ATTRIBUTE7,ATTRIBUTE8,INPUTUSER,INPUTORG,INPUTTIME,UPDATEUSER,UPDATETIME,REMARK,HELPTEXT) VALUES ('b企业经营年限','2','其他','','2','1','','','','','','','','','','','','SYS_Designer',null,'2015/11/25 21:22:56','SYS_Designer','2015/11/25 21:22:56','','');
INSERT INTO code_library (CODENO,ITEMNO,ITEMNAME,BANKNO,SORTNO,ISINUSE,ITEMDESCRIBE,ITEMATTRIBUTE,RELATIVECODE,ATTRIBUTE1,ATTRIBUTE2,ATTRIBUTE3,ATTRIBUTE4,ATTRIBUTE5,ATTRIBUTE6,ATTRIBUTE7,ATTRIBUTE8,INPUTUSER,INPUTORG,INPUTTIME,UPDATEUSER,UPDATETIME,REMARK,HELPTEXT) VALUES ('b控股投资人背景','1','世界500强企业','','1','1','','','','','','','','','','','','SYS_Designer',null,'2015/11/25 21:27:05','SYS_Designer','2015/11/25 21:27:05','','');
INSERT INTO code_library (CODENO,ITEMNO,ITEMNAME,BANKNO,SORTNO,ISINUSE,ITEMDESCRIBE,ITEMATTRIBUTE,RELATIVECODE,ATTRIBUTE1,ATTRIBUTE2,ATTRIBUTE3,ATTRIBUTE4,ATTRIBUTE5,ATTRIBUTE6,ATTRIBUTE7,ATTRIBUTE8,INPUTUSER,INPUTORG,INPUTTIME,UPDATEUSER,UPDATETIME,REMARK,HELPTEXT) VALUES ('b控股投资人背景','2','中央级企业','','2','1','','','','','','','','','','','','SYS_Designer',null,'2015/11/25 21:27:05','SYS_Designer','2015/11/25 21:27:05','','');
INSERT INTO code_library (CODENO,ITEMNO,ITEMNAME,BANKNO,SORTNO,ISINUSE,ITEMDESCRIBE,ITEMATTRIBUTE,RELATIVECODE,ATTRIBUTE1,ATTRIBUTE2,ATTRIBUTE3,ATTRIBUTE4,ATTRIBUTE5,ATTRIBUTE6,ATTRIBUTE7,ATTRIBUTE8,INPUTUSER,INPUTORG,INPUTTIME,UPDATEUSER,UPDATETIME,REMARK,HELPTEXT) VALUES ('b控股投资人背景','3','欧美合资企业','','3','1','','','','','','','','','','','','SYS_Designer',null,'2015/11/25 21:27:05','SYS_Designer','2015/11/25 21:27:05','','');
INSERT INTO code_library (CODENO,ITEMNO,ITEMNAME,BANKNO,SORTNO,ISINUSE,ITEMDESCRIBE,ITEMATTRIBUTE,RELATIVECODE,ATTRIBUTE1,ATTRIBUTE2,ATTRIBUTE3,ATTRIBUTE4,ATTRIBUTE5,ATTRIBUTE6,ATTRIBUTE7,ATTRIBUTE8,INPUTUSER,INPUTORG,INPUTTIME,UPDATEUSER,UPDATETIME,REMARK,HELPTEXT) VALUES ('b控股投资人背景','4','其他外商','','4','1','','','','','','','','','','','','SYS_Designer',null,'2015/11/25 21:27:05','SYS_Designer','2015/11/25 21:27:05','','');
INSERT INTO code_library (CODENO,ITEMNO,ITEMNAME,BANKNO,SORTNO,ISINUSE,ITEMDESCRIBE,ITEMATTRIBUTE,RELATIVECODE,ATTRIBUTE1,ATTRIBUTE2,ATTRIBUTE3,ATTRIBUTE4,ATTRIBUTE5,ATTRIBUTE6,ATTRIBUTE7,ATTRIBUTE8,INPUTUSER,INPUTORG,INPUTTIME,UPDATEUSER,UPDATETIME,REMARK,HELPTEXT) VALUES ('b控股投资人背景','5','上市公司','','5','1','','','','','','','','','','','','SYS_Designer',null,'2015/11/25 21:27:05','SYS_Designer','2015/11/25 21:27:05','','');
INSERT INTO code_library (CODENO,ITEMNO,ITEMNAME,BANKNO,SORTNO,ISINUSE,ITEMDESCRIBE,ITEMATTRIBUTE,RELATIVECODE,ATTRIBUTE1,ATTRIBUTE2,ATTRIBUTE3,ATTRIBUTE4,ATTRIBUTE5,ATTRIBUTE6,ATTRIBUTE7,ATTRIBUTE8,INPUTUSER,INPUTORG,INPUTTIME,UPDATEUSER,UPDATETIME,REMARK,HELPTEXT) VALUES ('b控股投资人背景','6','其他','','6','1','','','','','','','','','','','','SYS_Designer',null,'2015/11/25 21:27:05','SYS_Designer','2015/11/25 21:27:05','','');
INSERT INTO code_library (CODENO,ITEMNO,ITEMNAME,BANKNO,SORTNO,ISINUSE,ITEMDESCRIBE,ITEMATTRIBUTE,RELATIVECODE,ATTRIBUTE1,ATTRIBUTE2,ATTRIBUTE3,ATTRIBUTE4,ATTRIBUTE5,ATTRIBUTE6,ATTRIBUTE7,ATTRIBUTE8,INPUTUSER,INPUTORG,INPUTTIME,UPDATEUSER,UPDATETIME,REMARK,HELPTEXT) VALUES ('b控股投资人背景','7','全部由私人出资，股东人数小于等于4人、且净资产在500万以下','','7','1','','','','','','','','','','','','SYS_Designer',null,'2015/11/25 21:27:05','SYS_Designer','2015/11/25 21:27:05','','');
INSERT INTO code_library (CODENO,ITEMNO,ITEMNAME,BANKNO,SORTNO,ISINUSE,ITEMDESCRIBE,ITEMATTRIBUTE,RELATIVECODE,ATTRIBUTE1,ATTRIBUTE2,ATTRIBUTE3,ATTRIBUTE4,ATTRIBUTE5,ATTRIBUTE6,ATTRIBUTE7,ATTRIBUTE8,INPUTUSER,INPUTORG,INPUTTIME,UPDATEUSER,UPDATETIME,REMARK,HELPTEXT) VALUES ('b控股投资人与其关系','1','为其贷款提供担保','','1','1','','','','','','','','','','','','SYS_Designer',null,'2015/11/26 08:35:36','SYS_Designer','2015/11/26 08:35:36','','');
INSERT INTO code_library (CODENO,ITEMNO,ITEMNAME,BANKNO,SORTNO,ISINUSE,ITEMDESCRIBE,ITEMATTRIBUTE,RELATIVECODE,ATTRIBUTE1,ATTRIBUTE2,ATTRIBUTE3,ATTRIBUTE4,ATTRIBUTE5,ATTRIBUTE6,ATTRIBUTE7,ATTRIBUTE8,INPUTUSER,INPUTORG,INPUTTIME,UPDATEUSER,UPDATETIME,REMARK,HELPTEXT) VALUES ('b控股投资人与其关系','2','为生产、销售提供支持','','2','1','','','','','','','','','','','','SYS_Designer',null,'2015/11/26 08:35:36','SYS_Designer','2015/11/26 08:35:36','','');
INSERT INTO code_library (CODENO,ITEMNO,ITEMNAME,BANKNO,SORTNO,ISINUSE,ITEMDESCRIBE,ITEMATTRIBUTE,RELATIVECODE,ATTRIBUTE1,ATTRIBUTE2,ATTRIBUTE3,ATTRIBUTE4,ATTRIBUTE5,ATTRIBUTE6,ATTRIBUTE7,ATTRIBUTE8,INPUTUSER,INPUTORG,INPUTTIME,UPDATEUSER,UPDATETIME,REMARK,HELPTEXT) VALUES ('b控股投资人与其关系','3','与其关系松散 ','','3','1','','','','','','','','','','','','SYS_Designer',null,'2015/11/26 08:35:36','SYS_Designer','2015/11/26 08:35:36','','');
INSERT INTO code_library (CODENO,ITEMNO,ITEMNAME,BANKNO,SORTNO,ISINUSE,ITEMDESCRIBE,ITEMATTRIBUTE,RELATIVECODE,ATTRIBUTE1,ATTRIBUTE2,ATTRIBUTE3,ATTRIBUTE4,ATTRIBUTE5,ATTRIBUTE6,ATTRIBUTE7,ATTRIBUTE8,INPUTUSER,INPUTORG,INPUTTIME,UPDATEUSER,UPDATETIME,REMARK,HELPTEXT) VALUES ('b控股投资人与其关系','4','抽逃、侵占被投资人资金','','4','1','','','','','','','','','','','','SYS_Designer',null,'2015/11/26 08:35:36','SYS_Designer','2015/11/26 08:35:36','','');
INSERT INTO code_library (CODENO,ITEMNO,ITEMNAME,BANKNO,SORTNO,ISINUSE,ITEMDESCRIBE,ITEMATTRIBUTE,RELATIVECODE,ATTRIBUTE1,ATTRIBUTE2,ATTRIBUTE3,ATTRIBUTE4,ATTRIBUTE5,ATTRIBUTE6,ATTRIBUTE7,ATTRIBUTE8,INPUTUSER,INPUTORG,INPUTTIME,UPDATEUSER,UPDATETIME,REMARK,HELPTEXT) VALUES ('c企业取得公开授信额度','1','是','','1','1','','','','','','','','','','','','SYS_Designer',null,'2015/11/26 08:52:33','SYS_Designer','2015/11/26 08:52:33','','');
INSERT INTO code_library (CODENO,ITEMNO,ITEMNAME,BANKNO,SORTNO,ISINUSE,ITEMDESCRIBE,ITEMATTRIBUTE,RELATIVECODE,ATTRIBUTE1,ATTRIBUTE2,ATTRIBUTE3,ATTRIBUTE4,ATTRIBUTE5,ATTRIBUTE6,ATTRIBUTE7,ATTRIBUTE8,INPUTUSER,INPUTORG,INPUTTIME,UPDATEUSER,UPDATETIME,REMARK,HELPTEXT) VALUES ('c企业取得公开授信额度','2','否','','2','1','','','','','','','','','','','','SYS_Designer',null,'2015/11/26 08:52:33','SYS_Designer','2015/11/26 08:52:33','','');
INSERT INTO code_library (CODENO,ITEMNO,ITEMNAME,BANKNO,SORTNO,ISINUSE,ITEMDESCRIBE,ITEMATTRIBUTE,RELATIVECODE,ATTRIBUTE1,ATTRIBUTE2,ATTRIBUTE3,ATTRIBUTE4,ATTRIBUTE5,ATTRIBUTE6,ATTRIBUTE7,ATTRIBUTE8,INPUTUSER,INPUTORG,INPUTTIME,UPDATEUSER,UPDATETIME,REMARK,HELPTEXT) VALUES ('c有无欠息','1','1年度内，无欠息','','1','1','','','','','','','','','','','','SYS_Designer',null,'2015/11/26 09:00:19','SYS_Designer','2015/11/26 09:52:15','','');
INSERT INTO code_library (CODENO,ITEMNO,ITEMNAME,BANKNO,SORTNO,ISINUSE,ITEMDESCRIBE,ITEMATTRIBUTE,RELATIVECODE,ATTRIBUTE1,ATTRIBUTE2,ATTRIBUTE3,ATTRIBUTE4,ATTRIBUTE5,ATTRIBUTE6,ATTRIBUTE7,ATTRIBUTE8,INPUTUSER,INPUTORG,INPUTTIME,UPDATEUSER,UPDATETIME,REMARK,HELPTEXT) VALUES ('c有无欠息','2','曾有欠息而目前没有','','2','1','','','','','','','','','','','','SYS_Designer',null,'2015/11/26 09:00:47','SYS_Designer','2015/11/26 09:52:15','','');
INSERT INTO code_library (CODENO,ITEMNO,ITEMNAME,BANKNO,SORTNO,ISINUSE,ITEMDESCRIBE,ITEMATTRIBUTE,RELATIVECODE,ATTRIBUTE1,ATTRIBUTE2,ATTRIBUTE3,ATTRIBUTE4,ATTRIBUTE5,ATTRIBUTE6,ATTRIBUTE7,ATTRIBUTE8,INPUTUSER,INPUTORG,INPUTTIME,UPDATEUSER,UPDATETIME,REMARK,HELPTEXT) VALUES ('c有无欠息','3','目前有欠息','','3','1','','','','','','','','','','','','SYS_Designer',null,'2015/11/26 09:52:15','SYS_Designer','2015/11/26 09:52:15','','');
INSERT INTO code_library (CODENO,ITEMNO,ITEMNAME,BANKNO,SORTNO,ISINUSE,ITEMDESCRIBE,ITEMATTRIBUTE,RELATIVECODE,ATTRIBUTE1,ATTRIBUTE2,ATTRIBUTE3,ATTRIBUTE4,ATTRIBUTE5,ATTRIBUTE6,ATTRIBUTE7,ATTRIBUTE8,INPUTUSER,INPUTORG,INPUTTIME,UPDATEUSER,UPDATETIME,REMARK,HELPTEXT) VALUES ('c有无欠息','4','连续2个季度欠息','','4','1','','','','','','','','','','','','SYS_Designer',null,'2015/11/26 09:52:15','SYS_Designer','2015/11/26 09:52:15','','');
INSERT INTO code_library (CODENO,ITEMNO,ITEMNAME,BANKNO,SORTNO,ISINUSE,ITEMDESCRIBE,ITEMATTRIBUTE,RELATIVECODE,ATTRIBUTE1,ATTRIBUTE2,ATTRIBUTE3,ATTRIBUTE4,ATTRIBUTE5,ATTRIBUTE6,ATTRIBUTE7,ATTRIBUTE8,INPUTUSER,INPUTORG,INPUTTIME,UPDATEUSER,UPDATETIME,REMARK,HELPTEXT) VALUES ('c有无欠息','5','连续1年以上欠息','','5','1','','','','','','','','','','','','SYS_Designer',null,'2015/11/26 09:53:00','SYS_Designer','2015/11/26 09:53:00','','');
INSERT INTO code_library (CODENO,ITEMNO,ITEMNAME,BANKNO,SORTNO,ISINUSE,ITEMDESCRIBE,ITEMATTRIBUTE,RELATIVECODE,ATTRIBUTE1,ATTRIBUTE2,ATTRIBUTE3,ATTRIBUTE4,ATTRIBUTE5,ATTRIBUTE6,ATTRIBUTE7,ATTRIBUTE8,INPUTUSER,INPUTORG,INPUTTIME,UPDATEUSER,UPDATETIME,REMARK,HELPTEXT) VALUES ('c有无逾期','1','无逾期','','1','1','','','','','','','','','','','','SYS_Designer',null,'2015/11/26 09:02:50','SYS_Designer','2015/11/26 09:02:50','','');
INSERT INTO code_library (CODENO,ITEMNO,ITEMNAME,BANKNO,SORTNO,ISINUSE,ITEMDESCRIBE,ITEMATTRIBUTE,RELATIVECODE,ATTRIBUTE1,ATTRIBUTE2,ATTRIBUTE3,ATTRIBUTE4,ATTRIBUTE5,ATTRIBUTE6,ATTRIBUTE7,ATTRIBUTE8,INPUTUSER,INPUTORG,INPUTTIME,UPDATEUSER,UPDATETIME,REMARK,HELPTEXT) VALUES ('c有无逾期','2','曾有逾期而目前没有','','2','1','','','','','','','','','','','','SYS_Designer',null,'2015/11/26 09:02:50','SYS_Designer','2015/11/26 09:02:50','','');
INSERT INTO code_library (CODENO,ITEMNO,ITEMNAME,BANKNO,SORTNO,ISINUSE,ITEMDESCRIBE,ITEMATTRIBUTE,RELATIVECODE,ATTRIBUTE1,ATTRIBUTE2,ATTRIBUTE3,ATTRIBUTE4,ATTRIBUTE5,ATTRIBUTE6,ATTRIBUTE7,ATTRIBUTE8,INPUTUSER,INPUTORG,INPUTTIME,UPDATEUSER,UPDATETIME,REMARK,HELPTEXT) VALUES ('c有无逾期','3','逾期1年以内','','3','1','','','','','','','','','','','','SYS_Designer',null,'2015/11/26 09:02:50','SYS_Designer','2015/11/26 09:02:50','','');
INSERT INTO code_library (CODENO,ITEMNO,ITEMNAME,BANKNO,SORTNO,ISINUSE,ITEMDESCRIBE,ITEMATTRIBUTE,RELATIVECODE,ATTRIBUTE1,ATTRIBUTE2,ATTRIBUTE3,ATTRIBUTE4,ATTRIBUTE5,ATTRIBUTE6,ATTRIBUTE7,ATTRIBUTE8,INPUTUSER,INPUTORG,INPUTTIME,UPDATEUSER,UPDATETIME,REMARK,HELPTEXT) VALUES ('c有无逾期','4','在两家及两家以上银行逾期','','4','1','','','','','','','','','','','','SYS_Designer',null,'2015/11/26 09:02:50','SYS_Designer','2015/11/26 09:02:50','','');
INSERT INTO code_library (CODENO,ITEMNO,ITEMNAME,BANKNO,SORTNO,ISINUSE,ITEMDESCRIBE,ITEMATTRIBUTE,RELATIVECODE,ATTRIBUTE1,ATTRIBUTE2,ATTRIBUTE3,ATTRIBUTE4,ATTRIBUTE5,ATTRIBUTE6,ATTRIBUTE7,ATTRIBUTE8,INPUTUSER,INPUTORG,INPUTTIME,UPDATEUSER,UPDATETIME,REMARK,HELPTEXT) VALUES ('c有无逾期','5','逾期1年以上','','5','1','','','','','','','','','','','','SYS_Designer',null,'2015/11/26 09:02:50','SYS_Designer','2015/11/26 09:02:50','','');
INSERT INTO code_library (CODENO,ITEMNO,ITEMNAME,BANKNO,SORTNO,ISINUSE,ITEMDESCRIBE,ITEMATTRIBUTE,RELATIVECODE,ATTRIBUTE1,ATTRIBUTE2,ATTRIBUTE3,ATTRIBUTE4,ATTRIBUTE5,ATTRIBUTE6,ATTRIBUTE7,ATTRIBUTE8,INPUTUSER,INPUTORG,INPUTTIME,UPDATEUSER,UPDATETIME,REMARK,HELPTEXT) VALUES ('c有无退票','1','有过退票','','1','1','','','','','','','','','','','','SYS_Designer',null,'2015/11/26 09:11:03','SYS_Designer','2015/11/26 09:11:03','','');
INSERT INTO code_library (CODENO,ITEMNO,ITEMNAME,BANKNO,SORTNO,ISINUSE,ITEMDESCRIBE,ITEMATTRIBUTE,RELATIVECODE,ATTRIBUTE1,ATTRIBUTE2,ATTRIBUTE3,ATTRIBUTE4,ATTRIBUTE5,ATTRIBUTE6,ATTRIBUTE7,ATTRIBUTE8,INPUTUSER,INPUTORG,INPUTTIME,UPDATEUSER,UPDATETIME,REMARK,HELPTEXT) VALUES ('c有无退票','2','无退票','','2','1','','','','','','','','','','','','SYS_Designer',null,'2015/11/26 09:11:03','SYS_Designer','2015/11/26 09:11:03','','');
INSERT INTO code_library (CODENO,ITEMNO,ITEMNAME,BANKNO,SORTNO,ISINUSE,ITEMDESCRIBE,ITEMATTRIBUTE,RELATIVECODE,ATTRIBUTE1,ATTRIBUTE2,ATTRIBUTE3,ATTRIBUTE4,ATTRIBUTE5,ATTRIBUTE6,ATTRIBUTE7,ATTRIBUTE8,INPUTUSER,INPUTORG,INPUTTIME,UPDATEUSER,UPDATETIME,REMARK,HELPTEXT) VALUES ('c贷款中有无','1','有','','1','1','','','','','','','','','','','','SYS_Designer',null,'2015/11/26 09:13:15','SYS_Designer','2015/11/26 09:13:15','','');
INSERT INTO code_library (CODENO,ITEMNO,ITEMNAME,BANKNO,SORTNO,ISINUSE,ITEMDESCRIBE,ITEMATTRIBUTE,RELATIVECODE,ATTRIBUTE1,ATTRIBUTE2,ATTRIBUTE3,ATTRIBUTE4,ATTRIBUTE5,ATTRIBUTE6,ATTRIBUTE7,ATTRIBUTE8,INPUTUSER,INPUTORG,INPUTTIME,UPDATEUSER,UPDATETIME,REMARK,HELPTEXT) VALUES ('c贷款中有无','2','无','','2','1','','','','','','','','','','','','SYS_Designer',null,'2015/11/26 09:13:15','SYS_Designer','2015/11/26 09:13:15','','');
INSERT INTO code_library (CODENO,ITEMNO,ITEMNAME,BANKNO,SORTNO,ISINUSE,ITEMDESCRIBE,ITEMATTRIBUTE,RELATIVECODE,ATTRIBUTE1,ATTRIBUTE2,ATTRIBUTE3,ATTRIBUTE4,ATTRIBUTE5,ATTRIBUTE6,ATTRIBUTE7,ATTRIBUTE8,INPUTUSER,INPUTORG,INPUTTIME,UPDATEUSER,UPDATETIME,REMARK,HELPTEXT) VALUES ('c产销率','1','产销率在98%以上','','1','1','','','','','','','','','','','','SYS_Designer',null,'2015/11/26 09:19:01','SYS_Designer','2015/11/26 09:19:01','','');
INSERT INTO code_library (CODENO,ITEMNO,ITEMNAME,BANKNO,SORTNO,ISINUSE,ITEMDESCRIBE,ITEMATTRIBUTE,RELATIVECODE,ATTRIBUTE1,ATTRIBUTE2,ATTRIBUTE3,ATTRIBUTE4,ATTRIBUTE5,ATTRIBUTE6,ATTRIBUTE7,ATTRIBUTE8,INPUTUSER,INPUTORG,INPUTTIME,UPDATEUSER,UPDATETIME,REMARK,HELPTEXT) VALUES ('c产销率','2','95%--98%','','2','1','','','','','','','','','','','','SYS_Designer',null,'2015/11/26 09:19:01','SYS_Designer','2015/11/26 09:19:01','','');
INSERT INTO code_library (CODENO,ITEMNO,ITEMNAME,BANKNO,SORTNO,ISINUSE,ITEMDESCRIBE,ITEMATTRIBUTE,RELATIVECODE,ATTRIBUTE1,ATTRIBUTE2,ATTRIBUTE3,ATTRIBUTE4,ATTRIBUTE5,ATTRIBUTE6,ATTRIBUTE7,ATTRIBUTE8,INPUTUSER,INPUTORG,INPUTTIME,UPDATEUSER,UPDATETIME,REMARK,HELPTEXT) VALUES ('c产销率','3','92%--95%','','3','1','','','','','','','','','','','','SYS_Designer',null,'2015/11/26 09:19:01','SYS_Designer','2015/11/26 09:19:01','','');
INSERT INTO code_library (CODENO,ITEMNO,ITEMNAME,BANKNO,SORTNO,ISINUSE,ITEMDESCRIBE,ITEMATTRIBUTE,RELATIVECODE,ATTRIBUTE1,ATTRIBUTE2,ATTRIBUTE3,ATTRIBUTE4,ATTRIBUTE5,ATTRIBUTE6,ATTRIBUTE7,ATTRIBUTE8,INPUTUSER,INPUTORG,INPUTTIME,UPDATEUSER,UPDATETIME,REMARK,HELPTEXT) VALUES ('c产销率','4','92%以下','','4','1','','','','','','','','','','','','SYS_Designer',null,'2015/11/26 09:19:01','SYS_Designer','2015/11/26 09:19:01','','');
INSERT INTO code_library (CODENO,ITEMNO,ITEMNAME,BANKNO,SORTNO,ISINUSE,ITEMDESCRIBE,ITEMATTRIBUTE,RELATIVECODE,ATTRIBUTE1,ATTRIBUTE2,ATTRIBUTE3,ATTRIBUTE4,ATTRIBUTE5,ATTRIBUTE6,ATTRIBUTE7,ATTRIBUTE8,INPUTUSER,INPUTORG,INPUTTIME,UPDATEUSER,UPDATETIME,REMARK,HELPTEXT) VALUES ('c通过ISO','1','通过','','1','1','','','','','','','','','','','','SYS_Designer',null,'2015/11/26 09:27:43','SYS_Designer','2015/11/26 09:27:43','','');
INSERT INTO code_library (CODENO,ITEMNO,ITEMNAME,BANKNO,SORTNO,ISINUSE,ITEMDESCRIBE,ITEMATTRIBUTE,RELATIVECODE,ATTRIBUTE1,ATTRIBUTE2,ATTRIBUTE3,ATTRIBUTE4,ATTRIBUTE5,ATTRIBUTE6,ATTRIBUTE7,ATTRIBUTE8,INPUTUSER,INPUTORG,INPUTTIME,UPDATEUSER,UPDATETIME,REMARK,HELPTEXT) VALUES ('c通过ISO','2','未通过','','2','1','','','','','','','','','','','','SYS_Designer',null,'2015/11/26 09:27:43','SYS_Designer','2015/11/26 09:27:43','','');
INSERT INTO code_library (CODENO,ITEMNO,ITEMNAME,BANKNO,SORTNO,ISINUSE,ITEMDESCRIBE,ITEMATTRIBUTE,RELATIVECODE,ATTRIBUTE1,ATTRIBUTE2,ATTRIBUTE3,ATTRIBUTE4,ATTRIBUTE5,ATTRIBUTE6,ATTRIBUTE7,ATTRIBUTE8,INPUTUSER,INPUTORG,INPUTTIME,UPDATEUSER,UPDATETIME,REMARK,HELPTEXT) VALUES ('c行业排名全国前五','1','是','','1','1','','','','','','','','','','','','SYS_Designer',null,'2015/11/26 10:18:40','SYS_Designer','2015/11/26 10:18:40','','');
INSERT INTO code_library (CODENO,ITEMNO,ITEMNAME,BANKNO,SORTNO,ISINUSE,ITEMDESCRIBE,ITEMATTRIBUTE,RELATIVECODE,ATTRIBUTE1,ATTRIBUTE2,ATTRIBUTE3,ATTRIBUTE4,ATTRIBUTE5,ATTRIBUTE6,ATTRIBUTE7,ATTRIBUTE8,INPUTUSER,INPUTORG,INPUTTIME,UPDATEUSER,UPDATETIME,REMARK,HELPTEXT) VALUES ('c行业排名全国前五','2','否','','2','1','','','','','','','','','','','','SYS_Designer',null,'2015/11/26 10:18:40','SYS_Designer','2015/11/26 10:18:40','','');
INSERT INTO code_library (CODENO,ITEMNO,ITEMNAME,BANKNO,SORTNO,ISINUSE,ITEMDESCRIBE,ITEMATTRIBUTE,RELATIVECODE,ATTRIBUTE1,ATTRIBUTE2,ATTRIBUTE3,ATTRIBUTE4,ATTRIBUTE5,ATTRIBUTE6,ATTRIBUTE7,ATTRIBUTE8,INPUTUSER,INPUTORG,INPUTTIME,UPDATEUSER,UPDATETIME,REMARK,HELPTEXT) VALUES ('c重大事项','1','有重大诉讼纠纷（合计净资产10%以上）','','1','1','','','','','','','','','','','','SYS_Designer',null,'2015/11/26 10:21:09','SYS_Designer','2015/11/26 10:21:09','','');
INSERT INTO code_library (CODENO,ITEMNO,ITEMNAME,BANKNO,SORTNO,ISINUSE,ITEMDESCRIBE,ITEMATTRIBUTE,RELATIVECODE,ATTRIBUTE1,ATTRIBUTE2,ATTRIBUTE3,ATTRIBUTE4,ATTRIBUTE5,ATTRIBUTE6,ATTRIBUTE7,ATTRIBUTE8,INPUTUSER,INPUTORG,INPUTTIME,UPDATEUSER,UPDATETIME,REMARK,HELPTEXT) VALUES ('c重大事项','2','主要经营管理人员的经济犯罪','','2','1','','','','','','','','','','','','SYS_Designer',null,'2015/11/26 10:21:09','SYS_Designer','2015/11/26 10:21:09','','');
INSERT INTO code_library (CODENO,ITEMNO,ITEMNAME,BANKNO,SORTNO,ISINUSE,ITEMDESCRIBE,ITEMATTRIBUTE,RELATIVECODE,ATTRIBUTE1,ATTRIBUTE2,ATTRIBUTE3,ATTRIBUTE4,ATTRIBUTE5,ATTRIBUTE6,ATTRIBUTE7,ATTRIBUTE8,INPUTUSER,INPUTORG,INPUTTIME,UPDATEUSER,UPDATETIME,REMARK,HELPTEXT) VALUES ('c重大事项','3','重大违规经营（走私、偷漏税、骗取银行贷款等）','','3','1','','','','','','','','','','','','SYS_Designer',null,'2015/11/26 10:21:09','SYS_Designer','2015/11/26 10:21:09','','');
INSERT INTO code_library (CODENO,ITEMNO,ITEMNAME,BANKNO,SORTNO,ISINUSE,ITEMDESCRIBE,ITEMATTRIBUTE,RELATIVECODE,ATTRIBUTE1,ATTRIBUTE2,ATTRIBUTE3,ATTRIBUTE4,ATTRIBUTE5,ATTRIBUTE6,ATTRIBUTE7,ATTRIBUTE8,INPUTUSER,INPUTORG,INPUTTIME,UPDATEUSER,UPDATETIME,REMARK,HELPTEXT) VALUES ('c重大事项','4','重大事故造成重大损失（超过净资产20%以上）','','4','1','','','','','','','','','','','','SYS_Designer',null,'2015/11/26 10:21:09','SYS_Designer','2015/11/26 10:21:09','','');
INSERT INTO code_library (CODENO,ITEMNO,ITEMNAME,BANKNO,SORTNO,ISINUSE,ITEMDESCRIBE,ITEMATTRIBUTE,RELATIVECODE,ATTRIBUTE1,ATTRIBUTE2,ATTRIBUTE3,ATTRIBUTE4,ATTRIBUTE5,ATTRIBUTE6,ATTRIBUTE7,ATTRIBUTE8,INPUTUSER,INPUTORG,INPUTTIME,UPDATEUSER,UPDATETIME,REMARK,HELPTEXT) VALUES ('c重大事项','5','重大投资失败（超过净资产20%以上）','','5','1','','','','','','','','','','','','SYS_Designer',null,'2015/11/26 10:21:09','SYS_Designer','2015/11/26 10:21:09','','');


/*********************企业信用等级评分表***************分隔线*********************************/
--swan1 20151126 在Evaluate_catalog表中加入企业信用等级评分表
--select * from Evaluate_catalog where modelno = '012'

INSERT INTO Evaluate_catalog (MODELNO,MODELNAME,MODELTYPE,MODELDESCRIBE,TRANSFORMMETHOD,REMARK) VALUES ('012','企业信用等级评分表','010',null,'if(#TotalScore<40,"D",if(#TotalScore<45,"C",if(#TotalScore<50,"CC",if(#TotalScore<60,"CCC",if(#TotalScore<65,"B",if(#TotalScore<70,"BB",if(#TotalScore<80,"BBB",if(#TotalScore<88,"A",if(#TotalScore<96,"AA","AAA"))))))))) ','fas');


/*********************企业信用等级评分表模型设置***************分隔线*********************************/
--swan1  20151126 在Evaluate_model表中建立企业信用等级评分表模型
--select * from Evaluate_model where modelno = '012'

INSERT INTO Evaluate_model (MODELNO,ITEMNO,DISPLAYNO,ITEMNAME,ITEMATTRIBUTE,VALUEMETHOD,VALUECODE,VALUETYPE,EVALUATEMETHOD,COEFFICIENT,REMARK) VALUES ('012','1','1','主要经营管理者素质','','!公用方法.取得模型单项值(#SerialNo,2)+!公用方法.取得模型单项值(#SerialNo,7)','','Number','#ItemValue',0.000000,'');
INSERT INTO Evaluate_model (MODELNO,ITEMNO,DISPLAYNO,ITEMNAME,ITEMATTRIBUTE,VALUEMETHOD,VALUECODE,VALUETYPE,EVALUATEMETHOD,COEFFICIENT,REMARK) VALUES ('012','10','1.3','法人代表有无逃废债记录','','','b法人','Number','if(#ItemValue=2,0,-10)',1.000000,'');
INSERT INTO Evaluate_model (MODELNO,ITEMNO,DISPLAYNO,ITEMNAME,ITEMATTRIBUTE,VALUEMETHOD,VALUECODE,VALUETYPE,EVALUATEMETHOD,COEFFICIENT,REMARK) VALUES ('012','11','1.4','总经理是全国劳模','','','b总经理是全国劳模','Number','if(#ItemValue=2,0,1)',1.000000,'');
INSERT INTO Evaluate_model (MODELNO,ITEMNO,DISPLAYNO,ITEMNAME,ITEMATTRIBUTE,VALUEMETHOD,VALUECODE,VALUETYPE,EVALUATEMETHOD,COEFFICIENT,REMARK) VALUES ('012','12','2','企业经营管理素质','','!公用方法.取得模型单项值(#SerialNo,13)+!公用方法.取得模型单项值(#SerialNo,14)+!公用方法.取得模型单项值(#SerialNo,19)+!公用方法.取得模型单项值(#SerialNo,22)+!公用方法.取得模型单项值(#SerialNo,23)+!公用方法.取得模型单项值(#SerialNo,24)+!公用方法.取得模型单项值(#SerialNo,25)+!公用方法.取得模型单项值(#SerialNo,26)+!公用方法.取得模型单项值(#SerialNo,27)+!公用方法.取得模型单项值(#SerialNo,33)+!公用方法.取得模型单项值(#SerialNo,34)+!公用方法.取得模型单项值(#SerialNo,39)','','Number','#ItemValue',0.000000,'');
INSERT INTO Evaluate_model (MODELNO,ITEMNO,DISPLAYNO,ITEMNAME,ITEMATTRIBUTE,VALUEMETHOD,VALUECODE,VALUETYPE,EVALUATEMETHOD,COEFFICIENT,REMARK) VALUES ('012','13','2.1','企业产权制度','','','施工企业产权制度','Number','if(#ItemValue=2,2.5,if(#ItemValue=3,2,if(#ItemValue=4,1.5,if(#ItemValue=5,1,if(#ItemValue=6,0,3.5)))))',1.000000,'');
INSERT INTO Evaluate_model (MODELNO,ITEMNO,DISPLAYNO,ITEMNAME,ITEMATTRIBUTE,VALUEMETHOD,VALUECODE,VALUETYPE,EVALUATEMETHOD,COEFFICIENT,REMARK) VALUES ('012','14','2.2','企业组织机构设置','','!公用方法.取得模型单项值(#SerialNo,15)+!公用方法.取得模型单项值(#SerialNo,16)+!公用方法.取得模型单项值(#SerialNo,17)+!公用方法.取得模型单项值(#SerialNo,18)','','Number','#ItemValue',0.000000,'');
INSERT INTO Evaluate_model (MODELNO,ITEMNO,DISPLAYNO,ITEMNAME,ITEMATTRIBUTE,VALUEMETHOD,VALUECODE,VALUETYPE,EVALUATEMETHOD,COEFFICIENT,REMARK) VALUES ('012','15','2.2.1','董事会','','','董事会设置','Number','if(#ItemValue=2,0.2,if(#ItemValue=3,0,0.4))',1.000000,'');
INSERT INTO Evaluate_model (MODELNO,ITEMNO,DISPLAYNO,ITEMNAME,ITEMATTRIBUTE,VALUEMETHOD,VALUECODE,VALUETYPE,EVALUATEMETHOD,COEFFICIENT,REMARK) VALUES ('012','16','2.2.1.1','监事会','','','监事会设置','Number','if(#ItemValue=2,0.1,if(#ItemValue=3,0,0.2))',1.000000,'');
INSERT INTO Evaluate_model (MODELNO,ITEMNO,DISPLAYNO,ITEMNAME,ITEMATTRIBUTE,VALUEMETHOD,VALUECODE,VALUETYPE,EVALUATEMETHOD,COEFFICIENT,REMARK) VALUES ('012','17','2.2.2','人、财、物、产、供、销6个部门','','','b6个部门','Number','if(#ItemValue=2,0.6,if(#ItemValue=3,0,0.9))',1.000000,'');
INSERT INTO Evaluate_model (MODELNO,ITEMNO,DISPLAYNO,ITEMNAME,ITEMATTRIBUTE,VALUEMETHOD,VALUECODE,VALUETYPE,EVALUATEMETHOD,COEFFICIENT,REMARK) VALUES ('012','18','2.2.3','家族企业','','','b家族企业','Number','if(#ItemValue=2,0,-1.5)',1.000000,'');
INSERT INTO Evaluate_model (MODELNO,ITEMNO,DISPLAYNO,ITEMNAME,ITEMATTRIBUTE,VALUEMETHOD,VALUECODE,VALUETYPE,EVALUATEMETHOD,COEFFICIENT,REMARK) VALUES ('012','19','2.3','管理制度','','!公用方法.取得模型单项值(#SerialNo,20)+!公用方法.取得模型单项值(#SerialNo,21)','','Number','#ItemValue',0.000000,'');
INSERT INTO Evaluate_model (MODELNO,ITEMNO,DISPLAYNO,ITEMNAME,ITEMATTRIBUTE,VALUEMETHOD,VALUECODE,VALUETYPE,EVALUATEMETHOD,COEFFICIENT,REMARK) VALUES ('012','2','1.1','学历','','!公用方法.取得模型单项值(#SerialNo,3)+!公用方法.取得模型单项值(#SerialNo,4)+!公用方法.取得模型单项值(#SerialNo,5)+!公用方法.取得模型单项值(#SerialNo,6)','','Number','#ItemValue',0.000000,'');
INSERT INTO Evaluate_model (MODELNO,ITEMNO,DISPLAYNO,ITEMNAME,ITEMATTRIBUTE,VALUEMETHOD,VALUECODE,VALUETYPE,EVALUATEMETHOD,COEFFICIENT,REMARK) VALUES ('012','20','2.3.1','财务制度','','','b财务制度','Number','if(#ItemValue=2,0,0.25)',1.000000,'');
INSERT INTO Evaluate_model (MODELNO,ITEMNO,DISPLAYNO,ITEMNAME,ITEMATTRIBUTE,VALUEMETHOD,VALUECODE,VALUETYPE,EVALUATEMETHOD,COEFFICIENT,REMARK) VALUES ('012','21','2.3.2','供产销制度','','','b供产销制度','Number','if(#ItemValue=2,0,0.25)',1.000000,'');
INSERT INTO Evaluate_model (MODELNO,ITEMNO,DISPLAYNO,ITEMNAME,ITEMATTRIBUTE,VALUEMETHOD,VALUECODE,VALUETYPE,EVALUATEMETHOD,COEFFICIENT,REMARK) VALUES ('012','22','2.4','企业经营年限','','','b企业经营年限','Number','if(#ItemValue=2,0,-2)',1.000000,'');
INSERT INTO Evaluate_model (MODELNO,ITEMNO,DISPLAYNO,ITEMNAME,ITEMATTRIBUTE,VALUEMETHOD,VALUECODE,VALUETYPE,EVALUATEMETHOD,COEFFICIENT,REMARK) VALUES ('012','23','2.5','控股投资人背景','','','b控股投资人背景','Number','if(#ItemValue=2,2,if(#ItemValue=3,2,if(#ItemValue=4,1,if(#ItemValue=5,1,if(#ItemValue=6,0,if(#ItemValue=7,-2,3))))))',1.000000,'');
INSERT INTO Evaluate_model (MODELNO,ITEMNO,DISPLAYNO,ITEMNAME,ITEMATTRIBUTE,VALUEMETHOD,VALUECODE,VALUETYPE,EVALUATEMETHOD,COEFFICIENT,REMARK) VALUES ('012','24','2.6','控股投资人与其关系','','','b控股投资人与其关系','Number','if(#ItemValue=2,1.5,if(#ItemValue=3,0,if(#ItemValue=4,-2,2)))',1.000000,'');
INSERT INTO Evaluate_model (MODELNO,ITEMNO,DISPLAYNO,ITEMNAME,ITEMATTRIBUTE,VALUEMETHOD,VALUECODE,VALUETYPE,EVALUATEMETHOD,COEFFICIENT,REMARK) VALUES ('012','25','2.7','经营管理目标','','','经营管理目标','Number','if(#ItemValue=2,0,0.5)',1.000000,'');
INSERT INTO Evaluate_model (MODELNO,ITEMNO,DISPLAYNO,ITEMNAME,ITEMATTRIBUTE,VALUEMETHOD,VALUECODE,VALUETYPE,EVALUATEMETHOD,COEFFICIENT,REMARK) VALUES ('012','26','2.8','营销策略及措施','','','营销策略及措施','Number','if(#ItemValue=2,0,0.5)',1.000000,'');
INSERT INTO Evaluate_model (MODELNO,ITEMNO,DISPLAYNO,ITEMNAME,ITEMATTRIBUTE,VALUEMETHOD,VALUECODE,VALUETYPE,EVALUATEMETHOD,COEFFICIENT,REMARK) VALUES ('012','27','2.9','融资渠道','','!公用方法.取得模型单项值(#SerialNo,28)+!公用方法.取得模型单项值(#SerialNo,29)+!公用方法.取得模型单项值(#SerialNo,31)+!公用方法.取得模型单项值(#SerialNo,32)+!公用方法.取得模型单项值(#SerialNo,30)','','Number','#ItemValue',0.000000,'');
INSERT INTO Evaluate_model (MODELNO,ITEMNO,DISPLAYNO,ITEMNAME,ITEMATTRIBUTE,VALUEMETHOD,VALUECODE,VALUETYPE,EVALUATEMETHOD,COEFFICIENT,REMARK) VALUES ('012','28','2.9.1.1','上市','','','上市情况','Number','if(#ItemValue=2,1,if(#ItemValue=3,0,4))',1.000000,'');
INSERT INTO Evaluate_model (MODELNO,ITEMNO,DISPLAYNO,ITEMNAME,ITEMATTRIBUTE,VALUEMETHOD,VALUECODE,VALUETYPE,EVALUATEMETHOD,COEFFICIENT,REMARK) VALUES ('012','29','2.9.1.2','发债','','','发债情况','Number','if(#ItemValue=2,2,if(#ItemValue=3,0,0.5))',1.000000,'');
INSERT INTO Evaluate_model (MODELNO,ITEMNO,DISPLAYNO,ITEMNAME,ITEMATTRIBUTE,VALUEMETHOD,VALUECODE,VALUETYPE,EVALUATEMETHOD,COEFFICIENT,REMARK) VALUES ('012','3','1.1.1','研究生人数','','','','Number','if(#ItemValue*1.2/#ItemValue*2.0>2,2,#ItemValue*1.2/#ItemValue*2.0)',1.000000,'');
INSERT INTO Evaluate_model (MODELNO,ITEMNO,DISPLAYNO,ITEMNAME,ITEMATTRIBUTE,VALUEMETHOD,VALUECODE,VALUETYPE,EVALUATEMETHOD,COEFFICIENT,REMARK) VALUES ('012','30','2.9.2.1','银行融资','','','银行融资情况','Number','if(#ItemValue=2,2.5,if(#ItemValue=3,2,if(#ItemValue=4,1,if(#ItemValue=5,0,3))))',1.000000,'');
INSERT INTO Evaluate_model (MODELNO,ITEMNO,DISPLAYNO,ITEMNAME,ITEMATTRIBUTE,VALUEMETHOD,VALUECODE,VALUETYPE,EVALUATEMETHOD,COEFFICIENT,REMARK) VALUES ('012','31','2.9.2.2','企业取得公开授信额度','','','c企业取得公开授信额度','Number','if(#ItemValue=2,0,1)',1.000000,'');
INSERT INTO Evaluate_model (MODELNO,ITEMNO,DISPLAYNO,ITEMNAME,ITEMATTRIBUTE,VALUEMETHOD,VALUECODE,VALUETYPE,EVALUATEMETHOD,COEFFICIENT,REMARK) VALUES ('012','32','2.9.3','商业融资','','','商业融资情况','Number','if(#ItemValue=2,0,0.5)',1.000000,'');
INSERT INTO Evaluate_model (MODELNO,ITEMNO,DISPLAYNO,ITEMNAME,ITEMATTRIBUTE,VALUEMETHOD,VALUECODE,VALUETYPE,EVALUATEMETHOD,COEFFICIENT,REMARK) VALUES ('012','33','2.10','投资策略','','','投资策略','Number','if(#ItemValue=2,1,if(#ItemValue=3,0.5,if(#ItemValue=4,0,if(#ItemValue=5,1,1.5))))',1.000000,'');
INSERT INTO Evaluate_model (MODELNO,ITEMNO,DISPLAYNO,ITEMNAME,ITEMATTRIBUTE,VALUEMETHOD,VALUECODE,VALUETYPE,EVALUATEMETHOD,COEFFICIENT,REMARK) VALUES ('012','34','2.11','企业信用度','','!公用方法.取得模型单项值(#SerialNo,35)+!公用方法.取得模型单项值(#SerialNo,36)+!公用方法.取得模型单项值(#SerialNo,37)+!公用方法.取得模型单项值(#SerialNo,38)','','Number','#ItemValue',0.000000,'');
INSERT INTO Evaluate_model (MODELNO,ITEMNO,DISPLAYNO,ITEMNAME,ITEMATTRIBUTE,VALUEMETHOD,VALUECODE,VALUETYPE,EVALUATEMETHOD,COEFFICIENT,REMARK) VALUES ('012','35','2.11.1','有无欠息','','','c有无欠息','Number','if(#ItemValue=2,1.5,if(#ItemValue=3,0,if(#ItemValue=4,-3,if(#ItemValue=5,-6,3))))',1.000000,'');
INSERT INTO Evaluate_model (MODELNO,ITEMNO,DISPLAYNO,ITEMNAME,ITEMATTRIBUTE,VALUEMETHOD,VALUECODE,VALUETYPE,EVALUATEMETHOD,COEFFICIENT,REMARK) VALUES ('012','36','2.11.2','有无逾期','','','c有无逾期','Number','if(#ItemValue=2,1.5,if(#ItemValue=3,0,if(#ItemValue=4,-3,if(#ItemValue=5,-6,3))))',1.000000,'');
INSERT INTO Evaluate_model (MODELNO,ITEMNO,DISPLAYNO,ITEMNAME,ITEMATTRIBUTE,VALUEMETHOD,VALUECODE,VALUETYPE,EVALUATEMETHOD,COEFFICIENT,REMARK) VALUES ('012','37','2.11.3','有无退票','','','c有无退票','Number','if(#ItemValue=2,0,-1)',1.000000,'');
INSERT INTO Evaluate_model (MODELNO,ITEMNO,DISPLAYNO,ITEMNAME,ITEMATTRIBUTE,VALUEMETHOD,VALUECODE,VALUETYPE,EVALUATEMETHOD,COEFFICIENT,REMARK) VALUES ('012','38','2.11.4','贷款中有无借新还旧或展期','','','c贷款中有无','Number','if(#ItemValue=2,0,-1)',1.000000,'');
INSERT INTO Evaluate_model (MODELNO,ITEMNO,DISPLAYNO,ITEMNAME,ITEMATTRIBUTE,VALUEMETHOD,VALUECODE,VALUETYPE,EVALUATEMETHOD,COEFFICIENT,REMARK) VALUES ('012','39','2.12','成长性','','','成长性','Number','if(#ItemValue=2,0,if(#ItemValue=3,-1,1))',1.000000,'');
INSERT INTO Evaluate_model (MODELNO,ITEMNO,DISPLAYNO,ITEMNAME,ITEMATTRIBUTE,VALUEMETHOD,VALUECODE,VALUETYPE,EVALUATEMETHOD,COEFFICIENT,REMARK) VALUES ('012','4','1.1.2','本科生人数','','','','Number','if(#ItemValue*1.0/#ItemValue*2.0>2,2,#ItemValue*1.0/#ItemValue*2.0)',1.000000,'');
INSERT INTO Evaluate_model (MODELNO,ITEMNO,DISPLAYNO,ITEMNAME,ITEMATTRIBUTE,VALUEMETHOD,VALUECODE,VALUETYPE,EVALUATEMETHOD,COEFFICIENT,REMARK) VALUES ('012','40','3','主导产品及技术创新','','!公用方法.取得模型单项值(#SerialNo,41)+!公用方法.取得模型单项值(#SerialNo,65)+!公用方法.取得模型单项值(#SerialNo,64)+!公用方法.取得模型单项值(#SerialNo,45)+!公用方法.取得模型单项值(#SerialNo,46)+!公用方法.取得模型单项值(#SerialNo,47)+!公用方法.取得模型单项值(#SerialNo,48)+!公用方法.取得模型单项值(#SerialNo,49)','','Number','#ItemValue',0.000000,'');
INSERT INTO Evaluate_model (MODELNO,ITEMNO,DISPLAYNO,ITEMNAME,ITEMATTRIBUTE,VALUEMETHOD,VALUECODE,VALUETYPE,EVALUATEMETHOD,COEFFICIENT,REMARK) VALUES ('012','41','3.1','质量','','','产品质量','Number','if(#ItemValue=2,0.3,if(#ItemValue=3,0,if(#ItemValue=4,-0.5,0.5)))',1.000000,'');
INSERT INTO Evaluate_model (MODELNO,ITEMNO,DISPLAYNO,ITEMNAME,ITEMATTRIBUTE,VALUEMETHOD,VALUECODE,VALUETYPE,EVALUATEMETHOD,COEFFICIENT,REMARK) VALUES ('012','43','3.3.1','全国','','','全国市场占有率','Number','if(#ItemValue=2,0.8,if(#ItemValue=3,0.6,if(#ItemValue=4,0.4,if(#ItemValue=5,0,2))))',1.000000,'');
INSERT INTO Evaluate_model (MODELNO,ITEMNO,DISPLAYNO,ITEMNAME,ITEMATTRIBUTE,VALUEMETHOD,VALUECODE,VALUETYPE,EVALUATEMETHOD,COEFFICIENT,REMARK) VALUES ('012','44','3.3.2','省、市','','','省市占有率','Number','if(#ItemValue=2,0.8,if(#ItemValue=3,0.4,if(#ItemValue=4,0,1.2)))',1.000000,'');
INSERT INTO Evaluate_model (MODELNO,ITEMNO,DISPLAYNO,ITEMNAME,ITEMATTRIBUTE,VALUEMETHOD,VALUECODE,VALUETYPE,EVALUATEMETHOD,COEFFICIENT,REMARK) VALUES ('012','45','3.4','通过ISO系列质量管理认证','','','c通过ISO','Number','if(#ItemValue=2,0,1)',1.000000,'');
INSERT INTO Evaluate_model (MODELNO,ITEMNO,DISPLAYNO,ITEMNAME,ITEMATTRIBUTE,VALUEMETHOD,VALUECODE,VALUETYPE,EVALUATEMETHOD,COEFFICIENT,REMARK) VALUES ('012','46','3.5','技术人员的比重','','','技术人员的比重','Number','if(#ItemValue=2,0.5,if(#ItemValue=3,0.3,if(#ItemValue=4,0.1,if(#ItemValue=5,0,1))))',1.000000,'');
INSERT INTO Evaluate_model (MODELNO,ITEMNO,DISPLAYNO,ITEMNAME,ITEMATTRIBUTE,VALUEMETHOD,VALUECODE,VALUETYPE,EVALUATEMETHOD,COEFFICIENT,REMARK) VALUES ('012','47','3.6','科研经费的比重','','','科研经费的比重','Number','if(#ItemValue=2,0.3,if(#ItemValue=3,0,0.5))',1.000000,'');
INSERT INTO Evaluate_model (MODELNO,ITEMNO,DISPLAYNO,ITEMNAME,ITEMATTRIBUTE,VALUEMETHOD,VALUECODE,VALUETYPE,EVALUATEMETHOD,COEFFICIENT,REMARK) VALUES ('012','48','3.7','科研组织','','','科研组织','Number','if(#ItemValue=2,0.5,if(#ItemValue=3,0.3,if(#ItemValue=4,0,1)))',1.000000,'');
INSERT INTO Evaluate_model (MODELNO,ITEMNO,DISPLAYNO,ITEMNAME,ITEMATTRIBUTE,VALUEMETHOD,VALUECODE,VALUETYPE,EVALUATEMETHOD,COEFFICIENT,REMARK) VALUES ('012','49','3.8','产品更新换代','','','产品更新换代','Number','if(#ItemValue=2,0.3,if(#ItemValue=3,0,0.5))',1.000000,'');
INSERT INTO Evaluate_model (MODELNO,ITEMNO,DISPLAYNO,ITEMNAME,ITEMATTRIBUTE,VALUEMETHOD,VALUECODE,VALUETYPE,EVALUATEMETHOD,COEFFICIENT,REMARK) VALUES ('012','5','1.1.3','大专','','','','Number','if(#ItemValue*0.8/#ItemValue*2.0>2,2,#ItemValue*0.8/#ItemValue*2.0)',1.000000,'');
INSERT INTO Evaluate_model (MODELNO,ITEMNO,DISPLAYNO,ITEMNAME,ITEMATTRIBUTE,VALUEMETHOD,VALUECODE,VALUETYPE,EVALUATEMETHOD,COEFFICIENT,REMARK) VALUES ('012','50','4','经营环境、市场环境','','!公用方法.取得模型单项值(#SerialNo,51)+!公用方法.取得模型单项值(#SerialNo,54)+!公用方法.取得模型单项值(#SerialNo,55)+!公用方法.取得模型单项值(#SerialNo,56)+!公用方法.取得模型单项值(#SerialNo,61)+!公用方法.取得模型单项值(#SerialNo,62)','','Number','#ItemValue',0.000000,'');
INSERT INTO Evaluate_model (MODELNO,ITEMNO,DISPLAYNO,ITEMNAME,ITEMATTRIBUTE,VALUEMETHOD,VALUECODE,VALUETYPE,EVALUATEMETHOD,COEFFICIENT,REMARK) VALUES ('012','51','4.1','产业政策','','!公用方法.取得模型单项值(#SerialNo,47)+!公用方法.取得模型单项值(#SerialNo,48)','','Number','#ItemValue',0.000000,'');
INSERT INTO Evaluate_model (MODELNO,ITEMNO,DISPLAYNO,ITEMNAME,ITEMATTRIBUTE,VALUEMETHOD,VALUECODE,VALUETYPE,EVALUATEMETHOD,COEFFICIENT,REMARK) VALUES ('012','52','4.1.1','国家','','','国家产业政策','Number','if(#ItemValue=2,1,if(#ItemValue=3,0,if(#ItemValue=4,-2,2)))',1.000000,'');
INSERT INTO Evaluate_model (MODELNO,ITEMNO,DISPLAYNO,ITEMNAME,ITEMATTRIBUTE,VALUEMETHOD,VALUECODE,VALUETYPE,EVALUATEMETHOD,COEFFICIENT,REMARK) VALUES ('012','53','4.1.2','地方','','','地方产业政策','Number','if(#ItemValue=2,0,1)',1.000000,'');
INSERT INTO Evaluate_model (MODELNO,ITEMNO,DISPLAYNO,ITEMNAME,ITEMATTRIBUTE,VALUEMETHOD,VALUECODE,VALUETYPE,EVALUATEMETHOD,COEFFICIENT,REMARK) VALUES ('012','54','4.2','税收政策','','','税收政策','Number','if(#ItemValue=2,0,if(#ItemValue=3,-1,1))',1.000000,'');
INSERT INTO Evaluate_model (MODELNO,ITEMNO,DISPLAYNO,ITEMNAME,ITEMATTRIBUTE,VALUEMETHOD,VALUECODE,VALUETYPE,EVALUATEMETHOD,COEFFICIENT,REMARK) VALUES ('012','55','4.3','行业门槛（专有技术）','','','行业门槛','Number','if(#ItemValue=2,0.5,if(#ItemValue=3,0,1))',1.000000,'');
INSERT INTO Evaluate_model (MODELNO,ITEMNO,DISPLAYNO,ITEMNAME,ITEMATTRIBUTE,VALUEMETHOD,VALUECODE,VALUETYPE,EVALUATEMETHOD,COEFFICIENT,REMARK) VALUES ('012','56','4.4','投资环境','','!公用方法.取得模型单项值(#SerialNo,57)+!公用方法.取得模型单项值(#SerialNo,58)+!公用方法.取得模型单项值(#SerialNo,59)+!公用方法.取得模型单项值(#SerialNo,60)','','Number','#ItemValue',0.000000,'');
INSERT INTO Evaluate_model (MODELNO,ITEMNO,DISPLAYNO,ITEMNAME,ITEMATTRIBUTE,VALUEMETHOD,VALUECODE,VALUETYPE,EVALUATEMETHOD,COEFFICIENT,REMARK) VALUES ('012','57','4.4.1','信息','','','信息环境','Number','if(#ItemValue=2,0.25,if(#ItemValue=3,0,0.5))',1.000000,'');
INSERT INTO Evaluate_model (MODELNO,ITEMNO,DISPLAYNO,ITEMNAME,ITEMATTRIBUTE,VALUEMETHOD,VALUECODE,VALUETYPE,EVALUATEMETHOD,COEFFICIENT,REMARK) VALUES ('012','58','4.4.2','人力资源','','','人力资源','Number','if(#ItemValue=2,0.25,if(#ItemValue=3,0,0.5))',1.000000,'');
INSERT INTO Evaluate_model (MODELNO,ITEMNO,DISPLAYNO,ITEMNAME,ITEMATTRIBUTE,VALUEMETHOD,VALUECODE,VALUETYPE,EVALUATEMETHOD,COEFFICIENT,REMARK) VALUES ('012','59','4.4.3','法律保障','','','法律保障','Number','if(#ItemValue=2,0.25,if(#ItemValue=3,0,0.5))',1.000000,'');
INSERT INTO Evaluate_model (MODELNO,ITEMNO,DISPLAYNO,ITEMNAME,ITEMATTRIBUTE,VALUEMETHOD,VALUECODE,VALUETYPE,EVALUATEMETHOD,COEFFICIENT,REMARK) VALUES ('012','6','1.1.4','中专','','','','Number','if(#ItemValue*0.5/#ItemValue*2>2,2,#ItemValue*0.5/#ItemValue*2)',1.000000,'');
INSERT INTO Evaluate_model (MODELNO,ITEMNO,DISPLAYNO,ITEMNAME,ITEMATTRIBUTE,VALUEMETHOD,VALUECODE,VALUETYPE,EVALUATEMETHOD,COEFFICIENT,REMARK) VALUES ('012','60','4.4.4','基础设施','','','基础设施','Number','if(#ItemValue=2,0.25,if(#ItemValue=3,0,0.5))',1.000000,'');
INSERT INTO Evaluate_model (MODELNO,ITEMNO,DISPLAYNO,ITEMNAME,ITEMATTRIBUTE,VALUEMETHOD,VALUECODE,VALUETYPE,EVALUATEMETHOD,COEFFICIENT,REMARK) VALUES ('012','61','4.5','市场竞争状态','','','市场竞争状态','Number','if(#ItemValue=2,0,if(#ItemValue=3,-1,1))',1.000000,'');
INSERT INTO Evaluate_model (MODELNO,ITEMNO,DISPLAYNO,ITEMNAME,ITEMATTRIBUTE,VALUEMETHOD,VALUECODE,VALUETYPE,EVALUATEMETHOD,COEFFICIENT,REMARK) VALUES ('012','62','4.6','行业排名全国前五','','','c行业排名全国前五','Number','if(#ItemValue=2,0,2)',1.000000,'');
INSERT INTO Evaluate_model (MODELNO,ITEMNO,DISPLAYNO,ITEMNAME,ITEMATTRIBUTE,VALUEMETHOD,VALUECODE,VALUETYPE,EVALUATEMETHOD,COEFFICIENT,REMARK) VALUES ('012','63','5','重大事项','','','c重大事项','Number','if(#ItemValue=2,-3,if(#ItemValue=3,-5,if(#ItemValue=4,-5,if(#ItemValue=5,-5,-5))))',1.000000,'');
INSERT INTO Evaluate_model (MODELNO,ITEMNO,DISPLAYNO,ITEMNAME,ITEMATTRIBUTE,VALUEMETHOD,VALUECODE,VALUETYPE,EVALUATEMETHOD,COEFFICIENT,REMARK) VALUES ('012','64','3.3','市场占有率','','!公用方法.取得模型单项值(#SerialNo,43)+!公用方法.取得模型单项值(#SerialNo,44)','','Number','#ItemValue',0.000000,'');
INSERT INTO Evaluate_model (MODELNO,ITEMNO,DISPLAYNO,ITEMNAME,ITEMATTRIBUTE,VALUEMETHOD,VALUECODE,VALUETYPE,EVALUATEMETHOD,COEFFICIENT,REMARK) VALUES ('012','65','3.2','产销率','','','c产销率','Number','if(#ItemValue=2,1,if(#ItemValue=3,0.5,if(#ItemValue=4,0,1.5)))',1.000000,'');
INSERT INTO Evaluate_model (MODELNO,ITEMNO,DISPLAYNO,ITEMNAME,ITEMATTRIBUTE,VALUEMETHOD,VALUECODE,VALUETYPE,EVALUATEMETHOD,COEFFICIENT,REMARK) VALUES ('012','7','1.2','总经理本职年限','','!公用方法.取得模型单项值(#SerialNo,8)+!公用方法.取得模型单项值(#SerialNo,9)','','Number','#ItemValue',0.000000,'');
INSERT INTO Evaluate_model (MODELNO,ITEMNO,DISPLAYNO,ITEMNAME,ITEMATTRIBUTE,VALUEMETHOD,VALUECODE,VALUETYPE,EVALUATEMETHOD,COEFFICIENT,REMARK) VALUES ('012','8','1.2.1','行业年限','','','行业年限','Number','if(#ItemValue=2,0.5,if(#ItemValue=3,0,1))',1.000000,'');
INSERT INTO Evaluate_model (MODELNO,ITEMNO,DISPLAYNO,ITEMNAME,ITEMATTRIBUTE,VALUEMETHOD,VALUECODE,VALUETYPE,EVALUATEMETHOD,COEFFICIENT,REMARK) VALUES ('012','9','1.2.2','职务年限','','','职务年限','Number','if(#ItemValue=2,0.5,if(#ItemValue=3,0,1))',1.000000,'');

