﻿<!--生成批扣数据文件： -->
				<executeUnit name="CreateDeductFile" describe="生成批扣数据文件" allowManualExecute="true" executeClass="com.amarsoft.task.units.dpx.PRHUnit">
					<extendProperties>
					<property name="unit.recordSet" value="datasource:ndb:als:select * from DeductSend:etc/are.xml"/>
						<property name="unit.provider" value="com.amarsoft.are.dpx.recordset.DefaultDataSourceProvider"/>
						<property name="unit.handlers" value="com.amarsoft.are.dpx.recordset.ExportFileHandler"/>
						<property name="com.amarsoft.are.dpx.recordset.DefaultDataSourceProvider.dataSource" 
							value="datasource:db:als:select DeductSerialNo,
															DeductIndex,
															OrgID,
															PayAccountNo,
															AcceptAccountNo,
															Currency,
															PayAMT,
															ActualAMT,
															DeductType
													 from Acct_Deduct_Info where InputDate &lt; '2013/01/04' AND TimeFlag = 'pm' AND NVL(DeductFlag,'2') &lt;&gt; '1'"/>
												
						<!-- 输出文件名，必须要求,此处使用了前面一个单元输入的日期变量 --> 
						<property name="com.amarsoft.are.dpx.recordset.ExportFileHandler.fileName" value="export/Acct_Core_Las.txt" /> 
						<!-- 输出文件是否包含头行，头行是每个字段的名称，缺省：false --> 
						<property name="com.amarsoft.are.dpx.recordset.ExportFileHandler.includeHeader" value="false" />
						<!-- 输出文件是否使用后续附加模式，缺省：false --> 
						<property name="com.amarsoft.are.dpx.recordset.ExportFileHandler.appendMode" value="false" />
						<!-- 输出文件字符集，缺省：运行平台的缺省字符集 --> 
						<property name="com.amarsoft.are.dpx.recordset.ExportFileHandler.charSet" value="GBK" />
						<!-- 输出文件分隔符，缺省：, --> 
						<property name="com.amarsoft.are.dpx.recordset.ExportFileHandler.splitToken" value="|" />												
						<!-- 输出文件的字段和顺序，缺省：*所有字段，自然顺序 --> 
						<property name="com.amarsoft.are.dpx.recordset.ExportFileHandler.exportFields" value="*" />
						<!-- 输出文件时是否使用元数据定义中字段的格式，缺省：false。只有使用元数据构造的才有效 --> 
						<property name="com.amarsoft.are.dpx.recordset.ExportFileHandler.useFieldFormat" value="false" />
						<!-- 输出文件时是否扩展到元数据定义中字段长度，缺省：false。只有使用元数据构造的才有效 --> 
						<property name="com.amarsoft.are.dpx.recordset.ExportFileHandler.strictFieldSize" value="false" />
					</extendProperties>
				</executeUnit>
				
					<!--导入批扣数据文件： -->
				<executeUnit name="DealWithCoreFile" describe="导入批扣数据文件" allowManualExecute="true" executeClass="com.amarsoft.task.units.dpx.PRHUnit">
					<extendProperties>
						<!-- 下面四个unit.属性是PRH单元的属性 -->
						<property name="unit.recordSet" value="datasource:ndb:als:select * from DeductAccept:etc/are.xml:,"/>
						<property name="unit.provider" value="com.amarsoft.are.dpx.recordset.DefaultDataSourceProvider"/>
						<property name="unit.handlers" value="com.amarsoft.are.dpx.recordset.UpdateDBHandler"/>
						<!-- 运行条件检查，如果此属性不设置，则任务单元不会执行检查，总是运行PRH过程
							条件可以有两种形式：
							1、file:...。:后面的文件如果存在，继续执行，否则中断执行
							2、datasource:....。标准的数据源格式，返回结果的第一个字段必须是数字（getInt(1)），
							如果返回的数字==0，程序中断，其他情况继续执行，如果没有结果返回，认为是0。这个sql逻辑可以自己确定
						-->
						<property name="unit.readyCondition" value="file:data/Acct_Core_Las.txt"/>
						
						<!-- 构成处理过程的数据源 -->
						<property name="com.amarsoft.are.dpx.recordset.DefaultDataSourceProvider.dataSource" 
							value="datasource:ndb:als:select * from DeductAccept:data/Acct_Core_Las.txt:\|"
						/>
						<!-- 如果源数据编码不能自然转换成Unicode，可以设置编码，系统会做强制转码 
						<property name="com.amarsoft.are.dpx.recordset.DefaultDataSourceProvider.sourceEncoding" 
							value="ISO8859-1"
						/>
						-->
						<!-- 这个属性可以把原始数据进行简单代码转换，转换器有两中形式，直接写出，或者取自对照表,多个转换用花括号分割
						<property name="com.amarsoft.are.dpx.recordset.DefaultDataSourceProvider.columnConvertors" value="
						 	{Sex,{0,M}{1,F}}
						 	{Education,datasource:ndb:als:select Code1,Code2 from CODEMAP:data/codemap.txt:,}" 
						 /> -->
						<!-- 如果数据源的字段和中间集的字段名字不一样，可以用下面的属性来映射。对文件很有用，对数据库一般用as来完成对照。  
						<property name="com.amarsoft.are.dpx.recordset.DefaultDataSourceProvider.columnMapping" value="
							{Department,Dept},
							{PID,ID}" 
						/>
						-->		
						<!-- 下面的属性确定更新数据库的条件，含义如属性名字所表达的  --> 
						<property name="com.amarsoft.are.dpx.recordset.UpdateDBHandler.database" value="als" /> 				
						<property name="com.amarsoft.are.dpx.recordset.UpdateDBHandler.table" value="Acct_Core_Las" />
						<property name="com.amarsoft.are.dpx.recordset.UpdateDBHandler.keyColumns" value="DeductSerialNo" />
						<!-- 这些属性确定对数据库增量的处理策略，要综合考虑性能和数据一致性。注释内的就是缺省值。 --> 
						<property name="com.amarsoft.are.dpx.recordset.UpdateDBHandler.checkDBRecord" value="true" />
						<property name="com.amarsoft.are.dpx.recordset.UpdateDBHandler.updateDifferent" value="true" />
						<property name="com.amarsoft.are.dpx.recordset.UpdateDBHandler.insertUnexists" value="false" />
						
						<!-- commitNumber是指批量处理数据的时候多少条记录做一次batchUpdate。此值和事务无关，只是影响性能，缺省2000 -->
						<property name="com.amarsoft.are.dpx.recordset.UpdateDBHandler.commitNumber" value="2000" />
						<!-- 是否使用事务，使用事务可以保证所有数据库更新在一个事务内。但数据量太多容易引起长事务，一般不使用。 
						<property name="com.amarsoft.are.dpx.recordset.UpdateDBHandler.useTransaction" value="false" />
						-->
						<!-- 下面startSql和endSql在更新表之前和之后执行。可以对前和后做一些附加处理，语句只能是单个sql 
						<property name="com.amarsoft.are.dpx.recordset.UpdateDBHandler.startSql" value="update ...." />
						<property name="com.amarsoft.are.dpx.recordset.UpdateDBHandler.endSql"   value="update ..." />
						-->
						<!-- Insert和update字段可以用*表示全部，或者逐个写出。如果没有设置，默认为* -->
						<property name="com.amarsoft.are.dpx.recordset.UpdateDBHandler.insertColumns" value="DeductIndex,OrgID,
																												PayAccountNo,AcceptAccountNo,
																												Currency,PayAMT,
																												ActualAMT,DeductType"/>
						<property name="com.amarsoft.are.dpx.recordset.UpdateDBHandler.updateColumns" value="DeductIndex,OrgID,
																												PayAccountNo,AcceptAccountNo,
																												Currency,PayAMT,
																												ActualAMT,DeductType" />
						<!-- 增量对比字段用于确定是否需要更新，如果没有设置，默认为updateColumns -->
						<property name="com.amarsoft.are.dpx.recordset.UpdateDBHandler.compareColumns" value="DeductSerialNo"/>
						<!-- 如果数据源的字段和中间集的字段名字不一样，可以用下面的属性来映射。注意前面是数据库表的列，后面是record的field  
						<property name="com.amarsoft.are.dpx.recordset.UpdateDBHandler.columnMapping" value="
								{Department,Dept},
								{PID,ID}" 
						/>
						-->
					</extendProperties>
				</executeUnit>