/*Evaluate01*/
--jkuang 增加一条财务报表类型“个人信用等级评估”   20151125
--SELECT * FROM code_library where codeno='EvaluateModelType' and itemno='0010';
INSERT INTO code_library (CODENO,ITEMNO,ITEMNAME,BANKNO,SORTNO,ISINUSE,ITEMDESCRIBE,ITEMATTRIBUTE,RELATIVECODE,ATTRIBUTE1,ATTRIBUTE2,ATTRIBUTE3,ATTRIBUTE4,ATTRIBUTE5,ATTRIBUTE6,ATTRIBUTE7,ATTRIBUTE8,INPUTUSER,INPUTORG,INPUTTIME,UPDATEUSER,UPDATETIME,REMARK,HELPTEXT) VALUES ('EvaluateModelType','0010','个人信用等级评估',null,'0010','1',null,null,'AccountMonthInputType=select;AccountMonthSelectSQL=select ReportDate ||''@''||reportscope || ''@''|| customerid,ReportDate || '' ''|| getItemName(''ReportScope'',reportscope) as reportscopename from CUSTOMER_FSRECORD where CustomerID  = ''#ObjectNo'' and reportstatus = ''02'' order by ReportDate DESC;DefaultModelNoSQL=select CreditBelong from ENT_INFO where CustomerID= ''#ObjectNo'';AccountMonthExplanation=填写过[企业财务报表]的月份;DisplayFinalResult=Y;DisplayItemScore=Y;ButtonSaveFace=保存;ButtonCalcFace=测算;ButtonDelFace=删除;ButtonCloseFace=返回;ItemValueDisplayWidth=100;',null,null,null,null,null,null,null,null,'system','9900','2006/10/01 01:01:01','system','2006/10/01 01:01:01',null,null);

--jkuang 插入01个人信用等级评分表
--SELECT * FROM evaluate_catalog where modelno='600';
INSERT INTO evaluate_catalog (MODELNO,MODELNAME,MODELTYPE,MODELDESCRIBE,TRANSFORMMETHOD,REMARK) VALUES ('600','01个人信用等级评分表','015','','if(#TotalScore<40,"D",if(#TotalScore<45,"C",if(#TotalScore<50,"CC",if(#TotalScore<60,"CCC",if(#TotalScore<65,"B",if(#TotalScore<70,"BB",if(#TotalScore<80,"BBB",if(#TotalScore<85,"A",if(#TotalScore<90,"AA","AAA")))))))))','');

--SELECT * FROM code_library where codeno='年龄1';
--jkuang 插入年龄1的字段
INSERT INTO code_catalog (CODENO,SORTNO,CODETYPEONE,CODETYPETWO,CODENAME,CODEDESCRIBE,CODEATTRIBUTE,INPUTUSER,INPUTORG,INPUTTIME,UPDATEUSER,UPDATETIME,REMARK) VALUES ('年龄1','00200247','2.信用评级','个人信用等级评估','年龄1','','','SYS_Designer',null,'2015/11/25 10:43:02','SYS_Designer','2015/11/25 10:43:02','');

INSERT INTO code_library (CODENO,ITEMNO,ITEMNAME,BANKNO,SORTNO,ISINUSE,ITEMDESCRIBE,ITEMATTRIBUTE,RELATIVECODE,ATTRIBUTE1,ATTRIBUTE2,ATTRIBUTE3,ATTRIBUTE4,ATTRIBUTE5,ATTRIBUTE6,ATTRIBUTE7,ATTRIBUTE8,INPUTUSER,INPUTORG,INPUTTIME,UPDATEUSER,UPDATETIME,REMARK,HELPTEXT) VALUES ('年龄1','0010','22岁以下(含22岁)/55岁以上','','0010','1','','','','','','','','','','','','SYS_Designer',null,'2015/11/25 10:43:02','SYS_Designer','2015/11/25 10:43:02','','');
INSERT INTO code_library (CODENO,ITEMNO,ITEMNAME,BANKNO,SORTNO,ISINUSE,ITEMDESCRIBE,ITEMATTRIBUTE,RELATIVECODE,ATTRIBUTE1,ATTRIBUTE2,ATTRIBUTE3,ATTRIBUTE4,ATTRIBUTE5,ATTRIBUTE6,ATTRIBUTE7,ATTRIBUTE8,INPUTUSER,INPUTORG,INPUTTIME,UPDATEUSER,UPDATETIME,REMARK,HELPTEXT) VALUES ('年龄1','0020','22岁---25岁(含25岁)/50岁---55岁(含55岁)','','0020','1','','','','','','','','','','','','SYS_Designer',null,'2015/11/25 10:43:02','SYS_Designer','2015/11/25 10:43:02','','');
INSERT INTO code_library (CODENO,ITEMNO,ITEMNAME,BANKNO,SORTNO,ISINUSE,ITEMDESCRIBE,ITEMATTRIBUTE,RELATIVECODE,ATTRIBUTE1,ATTRIBUTE2,ATTRIBUTE3,ATTRIBUTE4,ATTRIBUTE5,ATTRIBUTE6,ATTRIBUTE7,ATTRIBUTE8,INPUTUSER,INPUTORG,INPUTTIME,UPDATEUSER,UPDATETIME,REMARK,HELPTEXT) VALUES ('年龄1','0030','25岁---30岁(含30岁)/45岁---50岁(含50岁)','','0030','1','','','','','','','','','','','','SYS_Designer',null,'2015/11/25 10:43:02','SYS_Designer','2015/11/25 10:43:02','','');
INSERT INTO code_library (CODENO,ITEMNO,ITEMNAME,BANKNO,SORTNO,ISINUSE,ITEMDESCRIBE,ITEMATTRIBUTE,RELATIVECODE,ATTRIBUTE1,ATTRIBUTE2,ATTRIBUTE3,ATTRIBUTE4,ATTRIBUTE5,ATTRIBUTE6,ATTRIBUTE7,ATTRIBUTE8,INPUTUSER,INPUTORG,INPUTTIME,UPDATEUSER,UPDATETIME,REMARK,HELPTEXT) VALUES ('年龄1','0040','30岁---35岁(含35岁)','','0040','1','','','','','','','','','','','','SYS_Designer',null,'2015/11/25 10:43:02','SYS_Designer','2015/11/25 10:43:02','','');
INSERT INTO code_library (CODENO,ITEMNO,ITEMNAME,BANKNO,SORTNO,ISINUSE,ITEMDESCRIBE,ITEMATTRIBUTE,RELATIVECODE,ATTRIBUTE1,ATTRIBUTE2,ATTRIBUTE3,ATTRIBUTE4,ATTRIBUTE5,ATTRIBUTE6,ATTRIBUTE7,ATTRIBUTE8,INPUTUSER,INPUTORG,INPUTTIME,UPDATEUSER,UPDATETIME,REMARK,HELPTEXT) VALUES ('年龄1','0050','35岁---45岁(含45岁)','','0050','1','','','','','','','','','','','','SYS_Designer',null,'2015/11/25 10:43:02','SYS_Designer','2015/11/25 10:43:02','','');

--SELECT * FROM code_library where codeno='户口1';
--jkuang 插入户口1的字段
INSERT INTO code_catalog (CODENO,SORTNO,CODETYPEONE,CODETYPETWO,CODENAME,CODEDESCRIBE,CODEATTRIBUTE,INPUTUSER,INPUTORG,INPUTTIME,UPDATEUSER,UPDATETIME,REMARK) VALUES ('户口1','00200247','2.信用评级','个人信用等级评估','户口1','','','SYS_Designer',null,'2015/11/25 10:43:02','SYS_Designer','2015/11/25 10:43:02','');

INSERT INTO code_library (CODENO,ITEMNO,ITEMNAME,BANKNO,SORTNO,ISINUSE,ITEMDESCRIBE,ITEMATTRIBUTE,RELATIVECODE,ATTRIBUTE1,ATTRIBUTE2,ATTRIBUTE3,ATTRIBUTE4,ATTRIBUTE5,ATTRIBUTE6,ATTRIBUTE7,ATTRIBUTE8,INPUTUSER,INPUTORG,INPUTTIME,UPDATEUSER,UPDATETIME,REMARK,HELPTEXT) VALUES ('户口1','0010','本地常住户口或有本地居住证','','0010','1','','','','','','','','','','','','SYS_Designer',null,'2015/11/25 10:43:02','SYS_Designer','2015/11/25 10:43:02','','');
INSERT INTO code_library (CODENO,ITEMNO,ITEMNAME,BANKNO,SORTNO,ISINUSE,ITEMDESCRIBE,ITEMATTRIBUTE,RELATIVECODE,ATTRIBUTE1,ATTRIBUTE2,ATTRIBUTE3,ATTRIBUTE4,ATTRIBUTE5,ATTRIBUTE6,ATTRIBUTE7,ATTRIBUTE8,INPUTUSER,INPUTORG,INPUTTIME,UPDATEUSER,UPDATETIME,REMARK,HELPTEXT) VALUES ('户口1','0020','非本地户口','','0020','1','','','','','','','','','','','','SYS_Designer',null,'2015/11/25 10:43:02','SYS_Designer','2015/11/25 10:43:02','','');


--SELECT * FROM code_library where codeno='在本市居住时间1';
--jkuang 插入在本市居住时间1的字段
INSERT INTO code_catalog (CODENO,SORTNO,CODETYPEONE,CODETYPETWO,CODENAME,CODEDESCRIBE,CODEATTRIBUTE,INPUTUSER,INPUTORG,INPUTTIME,UPDATEUSER,UPDATETIME,REMARK) VALUES ('在本市居住时间1','00200247','2.信用评级','个人信用等级评估','在本市居住时间1','','','SYS_Designer',null,'2015/11/25 10:43:02','SYS_Designer','2015/11/25 10:43:02','');

INSERT INTO code_library (CODENO,ITEMNO,ITEMNAME,BANKNO,SORTNO,ISINUSE,ITEMDESCRIBE,ITEMATTRIBUTE,RELATIVECODE,ATTRIBUTE1,ATTRIBUTE2,ATTRIBUTE3,ATTRIBUTE4,ATTRIBUTE5,ATTRIBUTE6,ATTRIBUTE7,ATTRIBUTE8,INPUTUSER,INPUTORG,INPUTTIME,UPDATEUSER,UPDATETIME,REMARK,HELPTEXT) VALUES ('在本市居住时间1','0010','2年以下','','0010','1','','','','','','','','','','','','SYS_Designer',null,'2015/11/25 10:43:02','SYS_Designer','2015/11/25 10:43:02','','');
INSERT INTO code_library (CODENO,ITEMNO,ITEMNAME,BANKNO,SORTNO,ISINUSE,ITEMDESCRIBE,ITEMATTRIBUTE,RELATIVECODE,ATTRIBUTE1,ATTRIBUTE2,ATTRIBUTE3,ATTRIBUTE4,ATTRIBUTE5,ATTRIBUTE6,ATTRIBUTE7,ATTRIBUTE8,INPUTUSER,INPUTORG,INPUTTIME,UPDATEUSER,UPDATETIME,REMARK,HELPTEXT) VALUES ('在本市居住时间1','0020','2年－3年(含2年)','','0020','1','','','','','','','','','','','','SYS_Designer',null,'2015/11/25 10:43:02','SYS_Designer','2015/11/25 10:43:02','','');
INSERT INTO code_library (CODENO,ITEMNO,ITEMNAME,BANKNO,SORTNO,ISINUSE,ITEMDESCRIBE,ITEMATTRIBUTE,RELATIVECODE,ATTRIBUTE1,ATTRIBUTE2,ATTRIBUTE3,ATTRIBUTE4,ATTRIBUTE5,ATTRIBUTE6,ATTRIBUTE7,ATTRIBUTE8,INPUTUSER,INPUTORG,INPUTTIME,UPDATEUSER,UPDATETIME,REMARK,HELPTEXT) VALUES ('在本市居住时间1','0030','3年－5年(含3年)','','0030','1','','','','','','','','','','','','SYS_Designer',null,'2015/11/25 10:43:02','SYS_Designer','2015/11/25 10:43:02','','');
INSERT INTO code_library (CODENO,ITEMNO,ITEMNAME,BANKNO,SORTNO,ISINUSE,ITEMDESCRIBE,ITEMATTRIBUTE,RELATIVECODE,ATTRIBUTE1,ATTRIBUTE2,ATTRIBUTE3,ATTRIBUTE4,ATTRIBUTE5,ATTRIBUTE6,ATTRIBUTE7,ATTRIBUTE8,INPUTUSER,INPUTORG,INPUTTIME,UPDATEUSER,UPDATETIME,REMARK,HELPTEXT) VALUES ('在本市居住时间1','0040','5年以上(含5年)','','0040','1','','','','','','','','','','','','SYS_Designer',null,'2015/11/25 10:43:02','SYS_Designer','2015/11/25 10:43:02','','');


--SELECT * FROM code_library where codeno='学历1';
--jkuang 插入学历1的字段
INSERT INTO code_catalog (CODENO,SORTNO,CODETYPEONE,CODETYPETWO,CODENAME,CODEDESCRIBE,CODEATTRIBUTE,INPUTUSER,INPUTORG,INPUTTIME,UPDATEUSER,UPDATETIME,REMARK) VALUES ('学历1','00200247','2.信用评级','个人信用等级评估','学历1','','','SYS_Designer',null,'2015/11/25 10:43:02','SYS_Designer','2015/11/25 10:43:02','');

INSERT INTO code_library (CODENO,ITEMNO,ITEMNAME,BANKNO,SORTNO,ISINUSE,ITEMDESCRIBE,ITEMATTRIBUTE,RELATIVECODE,ATTRIBUTE1,ATTRIBUTE2,ATTRIBUTE3,ATTRIBUTE4,ATTRIBUTE5,ATTRIBUTE6,ATTRIBUTE7,ATTRIBUTE8,INPUTUSER,INPUTORG,INPUTTIME,UPDATEUSER,UPDATETIME,REMARK,HELPTEXT) VALUES ('学历1','0010','硕士以上(含硕士)','','0010','1','','','','','','','','','','','','SYS_Designer',null,'2015/11/25 10:43:02','SYS_Designer','2015/11/25 10:43:02','','');
INSERT INTO code_library (CODENO,ITEMNO,ITEMNAME,BANKNO,SORTNO,ISINUSE,ITEMDESCRIBE,ITEMATTRIBUTE,RELATIVECODE,ATTRIBUTE1,ATTRIBUTE2,ATTRIBUTE3,ATTRIBUTE4,ATTRIBUTE5,ATTRIBUTE6,ATTRIBUTE7,ATTRIBUTE8,INPUTUSER,INPUTORG,INPUTTIME,UPDATEUSER,UPDATETIME,REMARK,HELPTEXT) VALUES ('学历1','0020','大学本科','','0020','1','','','','','','','','','','','','SYS_Designer',null,'2015/11/25 10:43:02','SYS_Designer','2015/11/25 10:43:02','','');
INSERT INTO code_library (CODENO,ITEMNO,ITEMNAME,BANKNO,SORTNO,ISINUSE,ITEMDESCRIBE,ITEMATTRIBUTE,RELATIVECODE,ATTRIBUTE1,ATTRIBUTE2,ATTRIBUTE3,ATTRIBUTE4,ATTRIBUTE5,ATTRIBUTE6,ATTRIBUTE7,ATTRIBUTE8,INPUTUSER,INPUTORG,INPUTTIME,UPDATEUSER,UPDATETIME,REMARK,HELPTEXT) VALUES ('学历1','0030','大专','','0030','1','','','','','','','','','','','','SYS_Designer',null,'2015/11/25 10:43:02','SYS_Designer','2015/11/25 10:43:02','','');
INSERT INTO code_library (CODENO,ITEMNO,ITEMNAME,BANKNO,SORTNO,ISINUSE,ITEMDESCRIBE,ITEMATTRIBUTE,RELATIVECODE,ATTRIBUTE1,ATTRIBUTE2,ATTRIBUTE3,ATTRIBUTE4,ATTRIBUTE5,ATTRIBUTE6,ATTRIBUTE7,ATTRIBUTE8,INPUTUSER,INPUTORG,INPUTTIME,UPDATEUSER,UPDATETIME,REMARK,HELPTEXT) VALUES ('学历1','0040','高中或其他','','0040','1','','','','','','','','','','','','SYS_Designer',null,'2015/11/25 10:43:02','SYS_Designer','2015/11/25 10:43:02','','');


--SELECT * FROM code_library where codeno='职称1';
--jkuang 插入职称1的字段
INSERT INTO code_catalog (CODENO,SORTNO,CODETYPEONE,CODETYPETWO,CODENAME,CODEDESCRIBE,CODEATTRIBUTE,INPUTUSER,INPUTORG,INPUTTIME,UPDATEUSER,UPDATETIME,REMARK) VALUES ('职称1','00200247','2.信用评级','个人信用等级评估','职称1','','','SYS_Designer',null,'2015/11/25 10:43:02','SYS_Designer','2015/11/25 10:43:02','');

INSERT INTO code_library (CODENO,ITEMNO,ITEMNAME,BANKNO,SORTNO,ISINUSE,ITEMDESCRIBE,ITEMATTRIBUTE,RELATIVECODE,ATTRIBUTE1,ATTRIBUTE2,ATTRIBUTE3,ATTRIBUTE4,ATTRIBUTE5,ATTRIBUTE6,ATTRIBUTE7,ATTRIBUTE8,INPUTUSER,INPUTORG,INPUTTIME,UPDATEUSER,UPDATETIME,REMARK,HELPTEXT) VALUES ('职称1','0010','高级职称','','0010','1','','','','','','','','','','','','SYS_Designer',null,'2015/11/25 10:43:02','SYS_Designer','2015/11/25 10:43:02','','');
INSERT INTO code_library (CODENO,ITEMNO,ITEMNAME,BANKNO,SORTNO,ISINUSE,ITEMDESCRIBE,ITEMATTRIBUTE,RELATIVECODE,ATTRIBUTE1,ATTRIBUTE2,ATTRIBUTE3,ATTRIBUTE4,ATTRIBUTE5,ATTRIBUTE6,ATTRIBUTE7,ATTRIBUTE8,INPUTUSER,INPUTORG,INPUTTIME,UPDATEUSER,UPDATETIME,REMARK,HELPTEXT) VALUES ('职称1','0020','中级职称','','0020','1','','','','','','','','','','','','SYS_Designer',null,'2015/11/25 10:43:02','SYS_Designer','2015/11/25 10:43:02','','');
INSERT INTO code_library (CODENO,ITEMNO,ITEMNAME,BANKNO,SORTNO,ISINUSE,ITEMDESCRIBE,ITEMATTRIBUTE,RELATIVECODE,ATTRIBUTE1,ATTRIBUTE2,ATTRIBUTE3,ATTRIBUTE4,ATTRIBUTE5,ATTRIBUTE6,ATTRIBUTE7,ATTRIBUTE8,INPUTUSER,INPUTORG,INPUTTIME,UPDATEUSER,UPDATETIME,REMARK,HELPTEXT) VALUES ('职称1','0030','初级职称','','0030','1','','','','','','','','','','','','SYS_Designer',null,'2015/11/25 10:43:02','SYS_Designer','2015/11/25 10:43:02','','');


--SELECT * FROM code_library where codeno='婚姻状况1';
--jkuang 插入婚姻状况1的字段
INSERT INTO code_catalog (CODENO,SORTNO,CODETYPEONE,CODETYPETWO,CODENAME,CODEDESCRIBE,CODEATTRIBUTE,INPUTUSER,INPUTORG,INPUTTIME,UPDATEUSER,UPDATETIME,REMARK) VALUES ('婚姻状况1','00200247','2.信用评级','个人信用等级评估','婚姻状况1','','','SYS_Designer',null,'2015/11/25 10:43:02','SYS_Designer','2015/11/25 10:43:02','');

INSERT INTO code_library (CODENO,ITEMNO,ITEMNAME,BANKNO,SORTNO,ISINUSE,ITEMDESCRIBE,ITEMATTRIBUTE,RELATIVECODE,ATTRIBUTE1,ATTRIBUTE2,ATTRIBUTE3,ATTRIBUTE4,ATTRIBUTE5,ATTRIBUTE6,ATTRIBUTE7,ATTRIBUTE8,INPUTUSER,INPUTORG,INPUTTIME,UPDATEUSER,UPDATETIME,REMARK,HELPTEXT) VALUES ('婚姻状况1','0010','已婚有子女','','0010','1','','','','','','','','','','','','SYS_Designer',null,'2015/11/25 10:43:02','SYS_Designer','2015/11/25 10:43:02','','');
INSERT INTO code_library (CODENO,ITEMNO,ITEMNAME,BANKNO,SORTNO,ISINUSE,ITEMDESCRIBE,ITEMATTRIBUTE,RELATIVECODE,ATTRIBUTE1,ATTRIBUTE2,ATTRIBUTE3,ATTRIBUTE4,ATTRIBUTE5,ATTRIBUTE6,ATTRIBUTE7,ATTRIBUTE8,INPUTUSER,INPUTORG,INPUTTIME,UPDATEUSER,UPDATETIME,REMARK,HELPTEXT) VALUES ('婚姻状况1','0020','已婚无子女','','0020','1','','','','','','','','','','','','SYS_Designer',null,'2015/11/25 10:43:02','SYS_Designer','2015/11/25 10:43:02','','');
INSERT INTO code_library (CODENO,ITEMNO,ITEMNAME,BANKNO,SORTNO,ISINUSE,ITEMDESCRIBE,ITEMATTRIBUTE,RELATIVECODE,ATTRIBUTE1,ATTRIBUTE2,ATTRIBUTE3,ATTRIBUTE4,ATTRIBUTE5,ATTRIBUTE6,ATTRIBUTE7,ATTRIBUTE8,INPUTUSER,INPUTORG,INPUTTIME,UPDATEUSER,UPDATETIME,REMARK,HELPTEXT) VALUES ('婚姻状况1','0030','未婚','','0030','1','','','','','','','','','','','','SYS_Designer',null,'2015/11/25 10:43:02','SYS_Designer','2015/11/25 10:43:02','','');


--SELECT * FROM code_library where codeno='居住状况1';
--jkuang 插入居住状况1的字段
INSERT INTO code_catalog (CODENO,SORTNO,CODETYPEONE,CODETYPETWO,CODENAME,CODEDESCRIBE,CODEATTRIBUTE,INPUTUSER,INPUTORG,INPUTTIME,UPDATEUSER,UPDATETIME,REMARK) VALUES ('居住状况1','00200247','2.信用评级','个人信用等级评估','居住状况1','','','SYS_Designer',null,'2015/11/25 10:43:02','SYS_Designer','2015/11/25 10:43:02','');

INSERT INTO code_library (CODENO,ITEMNO,ITEMNAME,BANKNO,SORTNO,ISINUSE,ITEMDESCRIBE,ITEMATTRIBUTE,RELATIVECODE,ATTRIBUTE1,ATTRIBUTE2,ATTRIBUTE3,ATTRIBUTE4,ATTRIBUTE5,ATTRIBUTE6,ATTRIBUTE7,ATTRIBUTE8,INPUTUSER,INPUTORG,INPUTTIME,UPDATEUSER,UPDATETIME,REMARK,HELPTEXT) VALUES ('居住状况1','0010','自置商品房','','0010','1','','','','','','','','','','','','SYS_Designer',null,'2015/11/25 10:43:02','SYS_Designer','2015/11/25 10:43:02','','');
INSERT INTO code_library (CODENO,ITEMNO,ITEMNAME,BANKNO,SORTNO,ISINUSE,ITEMDESCRIBE,ITEMATTRIBUTE,RELATIVECODE,ATTRIBUTE1,ATTRIBUTE2,ATTRIBUTE3,ATTRIBUTE4,ATTRIBUTE5,ATTRIBUTE6,ATTRIBUTE7,ATTRIBUTE8,INPUTUSER,INPUTORG,INPUTTIME,UPDATEUSER,UPDATETIME,REMARK,HELPTEXT) VALUES ('居住状况1','0020','单位福利分房(含房改房)','','0020','1','','','','','','','','','','','','SYS_Designer',null,'2015/11/25 10:43:02','SYS_Designer','2015/11/25 10:43:02','','');
INSERT INTO code_library (CODENO,ITEMNO,ITEMNAME,BANKNO,SORTNO,ISINUSE,ITEMDESCRIBE,ITEMATTRIBUTE,RELATIVECODE,ATTRIBUTE1,ATTRIBUTE2,ATTRIBUTE3,ATTRIBUTE4,ATTRIBUTE5,ATTRIBUTE6,ATTRIBUTE7,ATTRIBUTE8,INPUTUSER,INPUTORG,INPUTTIME,UPDATEUSER,UPDATETIME,REMARK,HELPTEXT) VALUES ('居住状况1','0030','自置商品房（正在按揭或抵押中）','','0030','1','','','','','','','','','','','','SYS_Designer',null,'2015/11/25 10:43:02','SYS_Designer','2015/11/25 10:43:02','','');
INSERT INTO code_library (CODENO,ITEMNO,ITEMNAME,BANKNO,SORTNO,ISINUSE,ITEMDESCRIBE,ITEMATTRIBUTE,RELATIVECODE,ATTRIBUTE1,ATTRIBUTE2,ATTRIBUTE3,ATTRIBUTE4,ATTRIBUTE5,ATTRIBUTE6,ATTRIBUTE7,ATTRIBUTE8,INPUTUSER,INPUTORG,INPUTTIME,UPDATEUSER,UPDATETIME,REMARK,HELPTEXT) VALUES ('居住状况1','0040','租、借商品房','','0040','1','','','','','','','','','','','','SYS_Designer',null,'2015/11/25 10:43:02','SYS_Designer','2015/11/25 10:43:02','','');


--SELECT * FROM code_library where codeno='行业或企业类别1';
--jkuang 插入行业或企业类别1的字段
INSERT INTO code_catalog (CODENO,SORTNO,CODETYPEONE,CODETYPETWO,CODENAME,CODEDESCRIBE,CODEATTRIBUTE,INPUTUSER,INPUTORG,INPUTTIME,UPDATEUSER,UPDATETIME,REMARK) VALUES ('行业或企业类别1','00200247','2.信用评级','个人信用等级评估','行业或企业类别1','','','SYS_Designer',null,'2015/11/25 10:43:02','SYS_Designer','2015/11/25 10:43:02','');

INSERT INTO code_library (CODENO,ITEMNO,ITEMNAME,BANKNO,SORTNO,ISINUSE,ITEMDESCRIBE,ITEMATTRIBUTE,RELATIVECODE,ATTRIBUTE1,ATTRIBUTE2,ATTRIBUTE3,ATTRIBUTE4,ATTRIBUTE5,ATTRIBUTE6,ATTRIBUTE7,ATTRIBUTE8,INPUTUSER,INPUTORG,INPUTTIME,UPDATEUSER,UPDATETIME,REMARK,HELPTEXT) VALUES ('行业或企业类别1','0010','公务员、全额拨款事业单位、银行、电力、电信、石油、烟草行业中由国有资本出资或控股企业、单位的正式职工','','0010','1','','','','','','','','','','','','SYS_Designer',null,'2015/11/25 10:43:02','SYS_Designer','2015/11/25 10:43:02','','');
INSERT INTO code_library (CODENO,ITEMNO,ITEMNAME,BANKNO,SORTNO,ISINUSE,ITEMDESCRIBE,ITEMATTRIBUTE,RELATIVECODE,ATTRIBUTE1,ATTRIBUTE2,ATTRIBUTE3,ATTRIBUTE4,ATTRIBUTE5,ATTRIBUTE6,ATTRIBUTE7,ATTRIBUTE8,INPUTUSER,INPUTORG,INPUTTIME,UPDATEUSER,UPDATETIME,REMARK,HELPTEXT) VALUES ('行业或企业类别1','0020','国有资本出资或控股大中型企业、上市公司','','0020','1','','','','','','','','','','','','SYS_Designer',null,'2015/11/25 10:43:02','SYS_Designer','2015/11/25 10:43:02','','');
INSERT INTO code_library (CODENO,ITEMNO,ITEMNAME,BANKNO,SORTNO,ISINUSE,ITEMDESCRIBE,ITEMATTRIBUTE,RELATIVECODE,ATTRIBUTE1,ATTRIBUTE2,ATTRIBUTE3,ATTRIBUTE4,ATTRIBUTE5,ATTRIBUTE6,ATTRIBUTE7,ATTRIBUTE8,INPUTUSER,INPUTORG,INPUTTIME,UPDATEUSER,UPDATETIME,REMARK,HELPTEXT) VALUES ('行业或企业类别1','0030','民营企业及个体经营户一类企业产值在7000万元以上或个体经营户销售收入在350万元以上','','0030','1','','','','','','','','','','','','SYS_Designer',null,'2015/11/25 10:43:02','SYS_Designer','2015/11/25 10:43:02','','');
INSERT INTO code_library (CODENO,ITEMNO,ITEMNAME,BANKNO,SORTNO,ISINUSE,ITEMDESCRIBE,ITEMATTRIBUTE,RELATIVECODE,ATTRIBUTE1,ATTRIBUTE2,ATTRIBUTE3,ATTRIBUTE4,ATTRIBUTE5,ATTRIBUTE6,ATTRIBUTE7,ATTRIBUTE8,INPUTUSER,INPUTORG,INPUTTIME,UPDATEUSER,UPDATETIME,REMARK,HELPTEXT) VALUES ('行业或企业类别1','0040','民营企业及个体经营户二类企业产值在6000万元以上或个体经营户销售收入在300万元以上','','0040','1','','','','','','','','','','','','SYS_Designer',null,'2015/11/25 10:43:02','SYS_Designer','2015/11/25 10:43:02','','');
INSERT INTO code_library (CODENO,ITEMNO,ITEMNAME,BANKNO,SORTNO,ISINUSE,ITEMDESCRIBE,ITEMATTRIBUTE,RELATIVECODE,ATTRIBUTE1,ATTRIBUTE2,ATTRIBUTE3,ATTRIBUTE4,ATTRIBUTE5,ATTRIBUTE6,ATTRIBUTE7,ATTRIBUTE8,INPUTUSER,INPUTORG,INPUTTIME,UPDATEUSER,UPDATETIME,REMARK,HELPTEXT) VALUES ('行业或企业类别1','0050','民营企业及个体经营户三类企业产值在5000万元以上或个体经营户销售收入在250万元以上','','0050','1','','','','','','','','','','','','SYS_Designer',null,'2015/11/25 10:43:02','SYS_Designer','2015/11/25 10:43:02','','');
INSERT INTO code_library (CODENO,ITEMNO,ITEMNAME,BANKNO,SORTNO,ISINUSE,ITEMDESCRIBE,ITEMATTRIBUTE,RELATIVECODE,ATTRIBUTE1,ATTRIBUTE2,ATTRIBUTE3,ATTRIBUTE4,ATTRIBUTE5,ATTRIBUTE6,ATTRIBUTE7,ATTRIBUTE8,INPUTUSER,INPUTORG,INPUTTIME,UPDATEUSER,UPDATETIME,REMARK,HELPTEXT) VALUES ('行业或企业类别1','0060','民营企业及个体经营户四类企业产值在4000万元以上或个体经营户销售收入在200万元以上','','0060','1','','','','','','','','','','','','SYS_Designer',null,'2015/11/25 10:43:02','SYS_Designer','2015/11/25 10:43:02','','');
INSERT INTO code_library (CODENO,ITEMNO,ITEMNAME,BANKNO,SORTNO,ISINUSE,ITEMDESCRIBE,ITEMATTRIBUTE,RELATIVECODE,ATTRIBUTE1,ATTRIBUTE2,ATTRIBUTE3,ATTRIBUTE4,ATTRIBUTE5,ATTRIBUTE6,ATTRIBUTE7,ATTRIBUTE8,INPUTUSER,INPUTORG,INPUTTIME,UPDATEUSER,UPDATETIME,REMARK,HELPTEXT) VALUES ('行业或企业类别1','0070','民营企业及个体经营户五类企业产值在3000万元以上或个体经营户销售收入在150万元以上','','0070','1','','','','','','','','','','','','SYS_Designer',null,'2015/11/25 10:43:02','SYS_Designer','2015/11/25 10:43:02','','');
INSERT INTO code_library (CODENO,ITEMNO,ITEMNAME,BANKNO,SORTNO,ISINUSE,ITEMDESCRIBE,ITEMATTRIBUTE,RELATIVECODE,ATTRIBUTE1,ATTRIBUTE2,ATTRIBUTE3,ATTRIBUTE4,ATTRIBUTE5,ATTRIBUTE6,ATTRIBUTE7,ATTRIBUTE8,INPUTUSER,INPUTORG,INPUTTIME,UPDATEUSER,UPDATETIME,REMARK,HELPTEXT) VALUES ('行业或企业类别1','0080','民营企业及个体经营户六类企业产值在2000万元以上或个体经营户销售收入在100万元以上','','0080','1','','','','','','','','','','','','SYS_Designer',null,'2015/11/25 10:43:02','SYS_Designer','2015/11/25 10:43:02','','');
INSERT INTO code_library (CODENO,ITEMNO,ITEMNAME,BANKNO,SORTNO,ISINUSE,ITEMDESCRIBE,ITEMATTRIBUTE,RELATIVECODE,ATTRIBUTE1,ATTRIBUTE2,ATTRIBUTE3,ATTRIBUTE4,ATTRIBUTE5,ATTRIBUTE6,ATTRIBUTE7,ATTRIBUTE8,INPUTUSER,INPUTORG,INPUTTIME,UPDATEUSER,UPDATETIME,REMARK,HELPTEXT) VALUES ('行业或企业类别1','0090','民营企业及个体经营户七类企业产值1000万元以上或个体经营户销售收入在50万元以上','','0090','1','','','','','','','','','','','','SYS_Designer',null,'2015/11/25 10:43:02','SYS_Designer','2015/11/25 10:43:02','','');


--SELECT * FROM code_library where codeno='从事岗位1';
--jkuang 插入从事岗位1的字段
INSERT INTO code_catalog (CODENO,SORTNO,CODETYPEONE,CODETYPETWO,CODENAME,CODEDESCRIBE,CODEATTRIBUTE,INPUTUSER,INPUTORG,INPUTTIME,UPDATEUSER,UPDATETIME,REMARK) VALUES ('从事岗位1','00200247','2.信用评级','个人信用等级评估','从事岗位1','','','SYS_Designer',null,'2015/11/25 10:43:02','SYS_Designer','2015/11/25 10:43:02','');

INSERT INTO code_library (CODENO,ITEMNO,ITEMNAME,BANKNO,SORTNO,ISINUSE,ITEMDESCRIBE,ITEMATTRIBUTE,RELATIVECODE,ATTRIBUTE1,ATTRIBUTE2,ATTRIBUTE3,ATTRIBUTE4,ATTRIBUTE5,ATTRIBUTE6,ATTRIBUTE7,ATTRIBUTE8,INPUTUSER,INPUTORG,INPUTTIME,UPDATEUSER,UPDATETIME,REMARK,HELPTEXT) VALUES ('从事岗位1','0010','行政事业单位处级以上或企业高级管理人员及个体经营业主','','0010','1','','','','','','','','','','','','SYS_Designer',null,'2015/11/25 10:43:02','SYS_Designer','2015/11/25 10:43:02','','');
INSERT INTO code_library (CODENO,ITEMNO,ITEMNAME,BANKNO,SORTNO,ISINUSE,ITEMDESCRIBE,ITEMATTRIBUTE,RELATIVECODE,ATTRIBUTE1,ATTRIBUTE2,ATTRIBUTE3,ATTRIBUTE4,ATTRIBUTE5,ATTRIBUTE6,ATTRIBUTE7,ATTRIBUTE8,INPUTUSER,INPUTORG,INPUTTIME,UPDATEUSER,UPDATETIME,REMARK,HELPTEXT) VALUES ('从事岗位1','0020','行政事业单位科级以上或企业中级管理人员','','0020','1','','','','','','','','','','','','SYS_Designer',null,'2015/11/25 10:43:02','SYS_Designer','2015/11/25 10:43:02','','');
INSERT INTO code_library (CODENO,ITEMNO,ITEMNAME,BANKNO,SORTNO,ISINUSE,ITEMDESCRIBE,ITEMATTRIBUTE,RELATIVECODE,ATTRIBUTE1,ATTRIBUTE2,ATTRIBUTE3,ATTRIBUTE4,ATTRIBUTE5,ATTRIBUTE6,ATTRIBUTE7,ATTRIBUTE8,INPUTUSER,INPUTORG,INPUTTIME,UPDATEUSER,UPDATETIME,REMARK,HELPTEXT) VALUES ('从事岗位1','0030','行政事业单位或企业一般员工','','0030','1','','','','','','','','','','','','SYS_Designer',null,'2015/11/25 10:43:02','SYS_Designer','2015/11/25 10:43:02','','');


--SELECT * FROM code_library where codeno='从事年限1';
--jkuang 插入从事年限1的字段
INSERT INTO code_catalog (CODENO,SORTNO,CODETYPEONE,CODETYPETWO,CODENAME,CODEDESCRIBE,CODEATTRIBUTE,INPUTUSER,INPUTORG,INPUTTIME,UPDATEUSER,UPDATETIME,REMARK) VALUES ('从事年限1','00200247','2.信用评级','个人信用等级评估','从事年限1','','','SYS_Designer',null,'2015/11/25 10:43:02','SYS_Designer','2015/11/25 10:43:02','');

INSERT INTO code_library (CODENO,ITEMNO,ITEMNAME,BANKNO,SORTNO,ISINUSE,ITEMDESCRIBE,ITEMATTRIBUTE,RELATIVECODE,ATTRIBUTE1,ATTRIBUTE2,ATTRIBUTE3,ATTRIBUTE4,ATTRIBUTE5,ATTRIBUTE6,ATTRIBUTE7,ATTRIBUTE8,INPUTUSER,INPUTORG,INPUTTIME,UPDATEUSER,UPDATETIME,REMARK,HELPTEXT) VALUES ('从事年限1','0010','1年以下（含1年）','','0010','1','','','','','','','','','','','','SYS_Designer',null,'2015/11/25 10:43:02','SYS_Designer','2015/11/25 10:43:02','','');
INSERT INTO code_library (CODENO,ITEMNO,ITEMNAME,BANKNO,SORTNO,ISINUSE,ITEMDESCRIBE,ITEMATTRIBUTE,RELATIVECODE,ATTRIBUTE1,ATTRIBUTE2,ATTRIBUTE3,ATTRIBUTE4,ATTRIBUTE5,ATTRIBUTE6,ATTRIBUTE7,ATTRIBUTE8,INPUTUSER,INPUTORG,INPUTTIME,UPDATEUSER,UPDATETIME,REMARK,HELPTEXT) VALUES ('从事年限1','0020','2年－3年（含3年)','','0020','1','','','','','','','','','','','','SYS_Designer',null,'2015/11/25 10:43:02','SYS_Designer','2015/11/25 10:43:02','','');
INSERT INTO code_library (CODENO,ITEMNO,ITEMNAME,BANKNO,SORTNO,ISINUSE,ITEMDESCRIBE,ITEMATTRIBUTE,RELATIVECODE,ATTRIBUTE1,ATTRIBUTE2,ATTRIBUTE3,ATTRIBUTE4,ATTRIBUTE5,ATTRIBUTE6,ATTRIBUTE7,ATTRIBUTE8,INPUTUSER,INPUTORG,INPUTTIME,UPDATEUSER,UPDATETIME,REMARK,HELPTEXT) VALUES ('从事年限1','0030','3年－5年(含5年)','','0030','1','','','','','','','','','','','','SYS_Designer',null,'2015/11/25 10:43:02','SYS_Designer','2015/11/25 10:43:02','','');
INSERT INTO code_library (CODENO,ITEMNO,ITEMNAME,BANKNO,SORTNO,ISINUSE,ITEMDESCRIBE,ITEMATTRIBUTE,RELATIVECODE,ATTRIBUTE1,ATTRIBUTE2,ATTRIBUTE3,ATTRIBUTE4,ATTRIBUTE5,ATTRIBUTE6,ATTRIBUTE7,ATTRIBUTE8,INPUTUSER,INPUTORG,INPUTTIME,UPDATEUSER,UPDATETIME,REMARK,HELPTEXT) VALUES ('从事年限1','0040','5年－10年(含10年)','','0040','1','','','','','','','','','','','','SYS_Designer',null,'2015/11/25 10:43:02','SYS_Designer','2015/11/25 10:43:02','','');
INSERT INTO code_library (CODENO,ITEMNO,ITEMNAME,BANKNO,SORTNO,ISINUSE,ITEMDESCRIBE,ITEMATTRIBUTE,RELATIVECODE,ATTRIBUTE1,ATTRIBUTE2,ATTRIBUTE3,ATTRIBUTE4,ATTRIBUTE5,ATTRIBUTE6,ATTRIBUTE7,ATTRIBUTE8,INPUTUSER,INPUTORG,INPUTTIME,UPDATEUSER,UPDATETIME,REMARK,HELPTEXT) VALUES ('从事年限1','0050','10年以上','','0050','1','','','','','','','','','','','','SYS_Designer',null,'2015/11/25 10:43:02','SYS_Designer','2015/11/25 10:43:02','','');


--SELECT * FROM code_library where codeno='个人平均月收入1';
--jkuang 插入个人平均月收入1的字段
INSERT INTO code_catalog (CODENO,SORTNO,CODETYPEONE,CODETYPETWO,CODENAME,CODEDESCRIBE,CODEATTRIBUTE,INPUTUSER,INPUTORG,INPUTTIME,UPDATEUSER,UPDATETIME,REMARK) VALUES ('个人平均月收入1','00200247','2.信用评级','个人信用等级评估','个人平均月收入1','','','SYS_Designer',null,'2015/11/25 10:43:02','SYS_Designer','2015/11/25 10:43:02','');

INSERT INTO code_library (CODENO,ITEMNO,ITEMNAME,BANKNO,SORTNO,ISINUSE,ITEMDESCRIBE,ITEMATTRIBUTE,RELATIVECODE,ATTRIBUTE1,ATTRIBUTE2,ATTRIBUTE3,ATTRIBUTE4,ATTRIBUTE5,ATTRIBUTE6,ATTRIBUTE7,ATTRIBUTE8,INPUTUSER,INPUTORG,INPUTTIME,UPDATEUSER,UPDATETIME,REMARK,HELPTEXT) VALUES ('个人平均月收入1','0010','10000元（含）以上','','0010','1','','','','','','','','','','','','SYS_Designer',null,'2015/11/25 10:43:02','SYS_Designer','2015/11/25 10:43:02','','');
INSERT INTO code_library (CODENO,ITEMNO,ITEMNAME,BANKNO,SORTNO,ISINUSE,ITEMDESCRIBE,ITEMATTRIBUTE,RELATIVECODE,ATTRIBUTE1,ATTRIBUTE2,ATTRIBUTE3,ATTRIBUTE4,ATTRIBUTE5,ATTRIBUTE6,ATTRIBUTE7,ATTRIBUTE8,INPUTUSER,INPUTORG,INPUTTIME,UPDATEUSER,UPDATETIME,REMARK,HELPTEXT) VALUES ('个人平均月收入1','0020','8000（含）－10000元','','0020','1','','','','','','','','','','','','SYS_Designer',null,'2015/11/25 10:43:02','SYS_Designer','2015/11/25 10:43:02','','');
INSERT INTO code_library (CODENO,ITEMNO,ITEMNAME,BANKNO,SORTNO,ISINUSE,ITEMDESCRIBE,ITEMATTRIBUTE,RELATIVECODE,ATTRIBUTE1,ATTRIBUTE2,ATTRIBUTE3,ATTRIBUTE4,ATTRIBUTE5,ATTRIBUTE6,ATTRIBUTE7,ATTRIBUTE8,INPUTUSER,INPUTORG,INPUTTIME,UPDATEUSER,UPDATETIME,REMARK,HELPTEXT) VALUES ('个人平均月收入1','0030','6000（含）－8000元','','0030','1','','','','','','','','','','','','SYS_Designer',null,'2015/11/25 10:43:02','SYS_Designer','2015/11/25 10:43:02','','');
INSERT INTO code_library (CODENO,ITEMNO,ITEMNAME,BANKNO,SORTNO,ISINUSE,ITEMDESCRIBE,ITEMATTRIBUTE,RELATIVECODE,ATTRIBUTE1,ATTRIBUTE2,ATTRIBUTE3,ATTRIBUTE4,ATTRIBUTE5,ATTRIBUTE6,ATTRIBUTE7,ATTRIBUTE8,INPUTUSER,INPUTORG,INPUTTIME,UPDATEUSER,UPDATETIME,REMARK,HELPTEXT) VALUES ('个人平均月收入1','0040','4000（含）－6000元','','0040','1','','','','','','','','','','','','SYS_Designer',null,'2015/11/25 10:43:02','SYS_Designer','2015/11/25 10:43:02','','');
INSERT INTO code_library (CODENO,ITEMNO,ITEMNAME,BANKNO,SORTNO,ISINUSE,ITEMDESCRIBE,ITEMATTRIBUTE,RELATIVECODE,ATTRIBUTE1,ATTRIBUTE2,ATTRIBUTE3,ATTRIBUTE4,ATTRIBUTE5,ATTRIBUTE6,ATTRIBUTE7,ATTRIBUTE8,INPUTUSER,INPUTORG,INPUTTIME,UPDATEUSER,UPDATETIME,REMARK,HELPTEXT) VALUES ('个人平均月收入1','0050','2000（含）－4000元','','0050','1','','','','','','','','','','','','SYS_Designer',null,'2015/11/25 10:43:02','SYS_Designer','2015/11/25 10:43:02','','');
INSERT INTO code_library (CODENO,ITEMNO,ITEMNAME,BANKNO,SORTNO,ISINUSE,ITEMDESCRIBE,ITEMATTRIBUTE,RELATIVECODE,ATTRIBUTE1,ATTRIBUTE2,ATTRIBUTE3,ATTRIBUTE4,ATTRIBUTE5,ATTRIBUTE6,ATTRIBUTE7,ATTRIBUTE8,INPUTUSER,INPUTORG,INPUTTIME,UPDATEUSER,UPDATETIME,REMARK,HELPTEXT) VALUES ('个人平均月收入1','0060','1000（含）－2000元','','0060','1','','','','','','','','','','','','SYS_Designer',null,'2015/11/25 10:43:02','SYS_Designer','2015/11/25 10:43:02','','');
INSERT INTO code_library (CODENO,ITEMNO,ITEMNAME,BANKNO,SORTNO,ISINUSE,ITEMDESCRIBE,ITEMATTRIBUTE,RELATIVECODE,ATTRIBUTE1,ATTRIBUTE2,ATTRIBUTE3,ATTRIBUTE4,ATTRIBUTE5,ATTRIBUTE6,ATTRIBUTE7,ATTRIBUTE8,INPUTUSER,INPUTORG,INPUTTIME,UPDATEUSER,UPDATETIME,REMARK,HELPTEXT) VALUES ('个人平均月收入1','0070','不足1000元','','0070','1','','','','','','','','','','','','SYS_Designer',null,'2015/11/25 10:43:02','SYS_Designer','2015/11/25 10:43:02','','');

--SELECT * FROM code_library where codeno='家庭资产负债比率1';
--jkuang 插入家庭资产负债比率1的字段
INSERT INTO code_catalog (CODENO,SORTNO,CODETYPEONE,CODETYPETWO,CODENAME,CODEDESCRIBE,CODEATTRIBUTE,INPUTUSER,INPUTORG,INPUTTIME,UPDATEUSER,UPDATETIME,REMARK) VALUES ('家庭资产负债比率1','00200247','2.信用评级','个人信用等级评估','家庭资产负债比率1','','','SYS_Designer',null,'2015/11/25 10:43:02','SYS_Designer','2015/11/25 10:43:02','');

INSERT INTO code_library (CODENO,ITEMNO,ITEMNAME,BANKNO,SORTNO,ISINUSE,ITEMDESCRIBE,ITEMATTRIBUTE,RELATIVECODE,ATTRIBUTE1,ATTRIBUTE2,ATTRIBUTE3,ATTRIBUTE4,ATTRIBUTE5,ATTRIBUTE6,ATTRIBUTE7,ATTRIBUTE8,INPUTUSER,INPUTORG,INPUTTIME,UPDATEUSER,UPDATETIME,REMARK,HELPTEXT) VALUES ('家庭资产负债比率1','0010','≤30%','','0010','1','','','','','','','','','','','','SYS_Designer',null,'2015/11/25 10:43:02','SYS_Designer','2015/11/25 10:43:02','','');
INSERT INTO code_library (CODENO,ITEMNO,ITEMNAME,BANKNO,SORTNO,ISINUSE,ITEMDESCRIBE,ITEMATTRIBUTE,RELATIVECODE,ATTRIBUTE1,ATTRIBUTE2,ATTRIBUTE3,ATTRIBUTE4,ATTRIBUTE5,ATTRIBUTE6,ATTRIBUTE7,ATTRIBUTE8,INPUTUSER,INPUTORG,INPUTTIME,UPDATEUSER,UPDATETIME,REMARK,HELPTEXT) VALUES ('家庭资产负债比率1','0020','≤60%','','0020','1','','','','','','','','','','','','SYS_Designer',null,'2015/11/25 10:43:02','SYS_Designer','2015/11/25 10:43:02','','');
INSERT INTO code_library (CODENO,ITEMNO,ITEMNAME,BANKNO,SORTNO,ISINUSE,ITEMDESCRIBE,ITEMATTRIBUTE,RELATIVECODE,ATTRIBUTE1,ATTRIBUTE2,ATTRIBUTE3,ATTRIBUTE4,ATTRIBUTE5,ATTRIBUTE6,ATTRIBUTE7,ATTRIBUTE8,INPUTUSER,INPUTORG,INPUTTIME,UPDATEUSER,UPDATETIME,REMARK,HELPTEXT) VALUES ('家庭资产负债比率1','0030','＞60%','','0030','1','','','','','','','','','','','','SYS_Designer',null,'2015/11/25 10:43:02','SYS_Designer','2015/11/25 10:43:02','','');


--SELECT * FROM code_library where codeno='家庭资产总额1';
--jkuang 插入家庭资产总额1的字段
INSERT INTO code_catalog (CODENO,SORTNO,CODETYPEONE,CODETYPETWO,CODENAME,CODEDESCRIBE,CODEATTRIBUTE,INPUTUSER,INPUTORG,INPUTTIME,UPDATEUSER,UPDATETIME,REMARK) VALUES ('家庭资产总额1','00200247','2.信用评级','个人信用等级评估','家庭资产总额1','','','SYS_Designer',null,'2015/11/25 10:43:02','SYS_Designer','2015/11/25 10:43:02','');

INSERT INTO code_library (CODENO,ITEMNO,ITEMNAME,BANKNO,SORTNO,ISINUSE,ITEMDESCRIBE,ITEMATTRIBUTE,RELATIVECODE,ATTRIBUTE1,ATTRIBUTE2,ATTRIBUTE3,ATTRIBUTE4,ATTRIBUTE5,ATTRIBUTE6,ATTRIBUTE7,ATTRIBUTE8,INPUTUSER,INPUTORG,INPUTTIME,UPDATEUSER,UPDATETIME,REMARK,HELPTEXT) VALUES ('家庭资产总额1','0010','资产总额在100（含）万元以上','','0010','1','','','','','','','','','','','','SYS_Designer',null,'2015/11/25 10:43:02','SYS_Designer','2015/11/25 10:43:02','','');
INSERT INTO code_library (CODENO,ITEMNO,ITEMNAME,BANKNO,SORTNO,ISINUSE,ITEMDESCRIBE,ITEMATTRIBUTE,RELATIVECODE,ATTRIBUTE1,ATTRIBUTE2,ATTRIBUTE3,ATTRIBUTE4,ATTRIBUTE5,ATTRIBUTE6,ATTRIBUTE7,ATTRIBUTE8,INPUTUSER,INPUTORG,INPUTTIME,UPDATEUSER,UPDATETIME,REMARK,HELPTEXT) VALUES ('家庭资产总额1','0020','资产总额在80（含）万元－100万元','','0020','1','','','','','','','','','','','','SYS_Designer',null,'2015/11/25 10:43:02','SYS_Designer','2015/11/25 10:43:02','','');
INSERT INTO code_library (CODENO,ITEMNO,ITEMNAME,BANKNO,SORTNO,ISINUSE,ITEMDESCRIBE,ITEMATTRIBUTE,RELATIVECODE,ATTRIBUTE1,ATTRIBUTE2,ATTRIBUTE3,ATTRIBUTE4,ATTRIBUTE5,ATTRIBUTE6,ATTRIBUTE7,ATTRIBUTE8,INPUTUSER,INPUTORG,INPUTTIME,UPDATEUSER,UPDATETIME,REMARK,HELPTEXT) VALUES ('家庭资产总额1','0030','资产总额在60（含）万元－80万元','','0030','1','','','','','','','','','','','','SYS_Designer',null,'2015/11/25 10:43:02','SYS_Designer','2015/11/25 10:43:02','','');
INSERT INTO code_library (CODENO,ITEMNO,ITEMNAME,BANKNO,SORTNO,ISINUSE,ITEMDESCRIBE,ITEMATTRIBUTE,RELATIVECODE,ATTRIBUTE1,ATTRIBUTE2,ATTRIBUTE3,ATTRIBUTE4,ATTRIBUTE5,ATTRIBUTE6,ATTRIBUTE7,ATTRIBUTE8,INPUTUSER,INPUTORG,INPUTTIME,UPDATEUSER,UPDATETIME,REMARK,HELPTEXT) VALUES ('家庭资产总额1','0040','资产总额在50（含）万元－60万元以上','','0040','1','','','','','','','','','','','','SYS_Designer',null,'2015/11/25 10:43:02','SYS_Designer','2015/11/25 10:43:02','','');
INSERT INTO code_library (CODENO,ITEMNO,ITEMNAME,BANKNO,SORTNO,ISINUSE,ITEMDESCRIBE,ITEMATTRIBUTE,RELATIVECODE,ATTRIBUTE1,ATTRIBUTE2,ATTRIBUTE3,ATTRIBUTE4,ATTRIBUTE5,ATTRIBUTE6,ATTRIBUTE7,ATTRIBUTE8,INPUTUSER,INPUTORG,INPUTTIME,UPDATEUSER,UPDATETIME,REMARK,HELPTEXT) VALUES ('家庭资产总额1','0050','资产总额在40（含）万元－50万元以上','','0050','1','','','','','','','','','','','','SYS_Designer',null,'2015/11/25 10:43:02','SYS_Designer','2015/11/25 10:43:02','','');
INSERT INTO code_library (CODENO,ITEMNO,ITEMNAME,BANKNO,SORTNO,ISINUSE,ITEMDESCRIBE,ITEMATTRIBUTE,RELATIVECODE,ATTRIBUTE1,ATTRIBUTE2,ATTRIBUTE3,ATTRIBUTE4,ATTRIBUTE5,ATTRIBUTE6,ATTRIBUTE7,ATTRIBUTE8,INPUTUSER,INPUTORG,INPUTTIME,UPDATEUSER,UPDATETIME,REMARK,HELPTEXT) VALUES ('家庭资产总额1','0060','资产总额在30（含）万元－40万元以上','','0060','1','','','','','','','','','','','','SYS_Designer',null,'2015/11/25 10:43:02','SYS_Designer','2015/11/25 10:43:02','','');
INSERT INTO code_library (CODENO,ITEMNO,ITEMNAME,BANKNO,SORTNO,ISINUSE,ITEMDESCRIBE,ITEMATTRIBUTE,RELATIVECODE,ATTRIBUTE1,ATTRIBUTE2,ATTRIBUTE3,ATTRIBUTE4,ATTRIBUTE5,ATTRIBUTE6,ATTRIBUTE7,ATTRIBUTE8,INPUTUSER,INPUTORG,INPUTTIME,UPDATEUSER,UPDATETIME,REMARK,HELPTEXT) VALUES ('家庭资产总额1','0070','资产总额在20（含）万元－30万元以上','','0070','1','','','','','','','','','','','','SYS_Designer',null,'2015/11/25 10:43:02','SYS_Designer','2015/11/25 10:43:02','','');
INSERT INTO code_library (CODENO,ITEMNO,ITEMNAME,BANKNO,SORTNO,ISINUSE,ITEMDESCRIBE,ITEMATTRIBUTE,RELATIVECODE,ATTRIBUTE1,ATTRIBUTE2,ATTRIBUTE3,ATTRIBUTE4,ATTRIBUTE5,ATTRIBUTE6,ATTRIBUTE7,ATTRIBUTE8,INPUTUSER,INPUTORG,INPUTTIME,UPDATEUSER,UPDATETIME,REMARK,HELPTEXT) VALUES ('家庭资产总额1','0080','资产总额在10（含）万元－20万元以上','','0080','1','','','','','','','','','','','','SYS_Designer',null,'2015/11/25 10:43:02','SYS_Designer','2015/11/25 10:43:02','','');
INSERT INTO code_library (CODENO,ITEMNO,ITEMNAME,BANKNO,SORTNO,ISINUSE,ITEMDESCRIBE,ITEMATTRIBUTE,RELATIVECODE,ATTRIBUTE1,ATTRIBUTE2,ATTRIBUTE3,ATTRIBUTE4,ATTRIBUTE5,ATTRIBUTE6,ATTRIBUTE7,ATTRIBUTE8,INPUTUSER,INPUTORG,INPUTTIME,UPDATEUSER,UPDATETIME,REMARK,HELPTEXT) VALUES ('家庭资产总额1','0090','资产总额在10万元以下','','0090','1','','','','','','','','','','','','SYS_Designer',null,'2015/11/25 10:43:02','SYS_Designer','2015/11/25 10:43:02','','');



--SELECT * FROM code_library where codeno='信用记录1';
--jkuang 插入信用记录1的字段
INSERT INTO code_catalog (CODENO,SORTNO,CODETYPEONE,CODETYPETWO,CODENAME,CODEDESCRIBE,CODEATTRIBUTE,INPUTUSER,INPUTORG,INPUTTIME,UPDATEUSER,UPDATETIME,REMARK) VALUES ('信用记录1','00200247','2.信用评级','个人信用等级评估','信用记录1','','','SYS_Designer',null,'2015/11/25 10:43:02','SYS_Designer','2015/11/25 10:43:02','');

INSERT INTO code_library (CODENO,ITEMNO,ITEMNAME,BANKNO,SORTNO,ISINUSE,ITEMDESCRIBE,ITEMATTRIBUTE,RELATIVECODE,ATTRIBUTE1,ATTRIBUTE2,ATTRIBUTE3,ATTRIBUTE4,ATTRIBUTE5,ATTRIBUTE6,ATTRIBUTE7,ATTRIBUTE8,INPUTUSER,INPUTORG,INPUTTIME,UPDATEUSER,UPDATETIME,REMARK,HELPTEXT) VALUES ('信用记录1','0010','有3年（含3年）以上信贷记录，信用记录良好，无任何拖欠贷款本息记录','','0010','1','','','','','','','','','','','','SYS_Designer',null,'2015/11/25 10:43:02','SYS_Designer','2015/11/25 10:43:02','','');
INSERT INTO code_library (CODENO,ITEMNO,ITEMNAME,BANKNO,SORTNO,ISINUSE,ITEMDESCRIBE,ITEMATTRIBUTE,RELATIVECODE,ATTRIBUTE1,ATTRIBUTE2,ATTRIBUTE3,ATTRIBUTE4,ATTRIBUTE5,ATTRIBUTE6,ATTRIBUTE7,ATTRIBUTE8,INPUTUSER,INPUTORG,INPUTTIME,UPDATEUSER,UPDATETIME,REMARK,HELPTEXT) VALUES ('信用记录1','0020','近3年无任何拖欠贷款本息记录','','0020','1','','','','','','','','','','','','SYS_Designer',null,'2015/11/25 10:43:02','SYS_Designer','2015/11/25 10:43:02','','');
INSERT INTO code_library (CODENO,ITEMNO,ITEMNAME,BANKNO,SORTNO,ISINUSE,ITEMDESCRIBE,ITEMATTRIBUTE,RELATIVECODE,ATTRIBUTE1,ATTRIBUTE2,ATTRIBUTE3,ATTRIBUTE4,ATTRIBUTE5,ATTRIBUTE6,ATTRIBUTE7,ATTRIBUTE8,INPUTUSER,INPUTORG,INPUTTIME,UPDATEUSER,UPDATETIME,REMARK,HELPTEXT) VALUES ('信用记录1','0030','无贷款纪录','','0030','1','','','','','','','','','','','','SYS_Designer',null,'2015/11/25 10:43:02','SYS_Designer','2015/11/25 10:43:02','','');
INSERT INTO code_library (CODENO,ITEMNO,ITEMNAME,BANKNO,SORTNO,ISINUSE,ITEMDESCRIBE,ITEMATTRIBUTE,RELATIVECODE,ATTRIBUTE1,ATTRIBUTE2,ATTRIBUTE3,ATTRIBUTE4,ATTRIBUTE5,ATTRIBUTE6,ATTRIBUTE7,ATTRIBUTE8,INPUTUSER,INPUTORG,INPUTTIME,UPDATEUSER,UPDATETIME,REMARK,HELPTEXT) VALUES ('信用记录1','0040','近3年按揭贷款1期或累计1期发生拖欠记录，在评级之日起拖欠款项已还清','','0040','1','','','','','','','','','','','','SYS_Designer',null,'2015/11/25 10:43:02','SYS_Designer','2015/11/25 10:43:02','','');
INSERT INTO code_library (CODENO,ITEMNO,ITEMNAME,BANKNO,SORTNO,ISINUSE,ITEMDESCRIBE,ITEMATTRIBUTE,RELATIVECODE,ATTRIBUTE1,ATTRIBUTE2,ATTRIBUTE3,ATTRIBUTE4,ATTRIBUTE5,ATTRIBUTE6,ATTRIBUTE7,ATTRIBUTE8,INPUTUSER,INPUTORG,INPUTTIME,UPDATEUSER,UPDATETIME,REMARK,HELPTEXT) VALUES ('信用记录1','0050','近3年按揭贷款连续2期或累计2期发生拖欠记录，在评级之日起拖欠款项已还清','','0050','1','','','','','','','','','','','','SYS_Designer',null,'2015/11/25 10:43:02','SYS_Designer','2015/11/25 10:43:02','','');
INSERT INTO code_library (CODENO,ITEMNO,ITEMNAME,BANKNO,SORTNO,ISINUSE,ITEMDESCRIBE,ITEMATTRIBUTE,RELATIVECODE,ATTRIBUTE1,ATTRIBUTE2,ATTRIBUTE3,ATTRIBUTE4,ATTRIBUTE5,ATTRIBUTE6,ATTRIBUTE7,ATTRIBUTE8,INPUTUSER,INPUTORG,INPUTTIME,UPDATEUSER,UPDATETIME,REMARK,HELPTEXT) VALUES ('信用记录1','0060','近3年按揭贷款连续3期或累计3期发生拖欠记录，在评级之日起拖欠款项已还清','','0060','1','','','','','','','','','','','','SYS_Designer',null,'2015/11/25 10:43:02','SYS_Designer','2015/11/25 10:43:02','','');
INSERT INTO code_library (CODENO,ITEMNO,ITEMNAME,BANKNO,SORTNO,ISINUSE,ITEMDESCRIBE,ITEMATTRIBUTE,RELATIVECODE,ATTRIBUTE1,ATTRIBUTE2,ATTRIBUTE3,ATTRIBUTE4,ATTRIBUTE5,ATTRIBUTE6,ATTRIBUTE7,ATTRIBUTE8,INPUTUSER,INPUTORG,INPUTTIME,UPDATEUSER,UPDATETIME,REMARK,HELPTEXT) VALUES ('信用记录1','0070','非按揭贷款有拖欠记录，按揭贷款连续4期或累计超过4期发生拖欠记录，在评级之日起拖欠款项已还清','','0070','1','','','','','','','','','','','','SYS_Designer',null,'2015/11/25 10:43:02','SYS_Designer','2015/11/25 10:43:02','','');
INSERT INTO code_library (CODENO,ITEMNO,ITEMNAME,BANKNO,SORTNO,ISINUSE,ITEMDESCRIBE,ITEMATTRIBUTE,RELATIVECODE,ATTRIBUTE1,ATTRIBUTE2,ATTRIBUTE3,ATTRIBUTE4,ATTRIBUTE5,ATTRIBUTE6,ATTRIBUTE7,ATTRIBUTE8,INPUTUSER,INPUTORG,INPUTTIME,UPDATEUSER,UPDATETIME,REMARK,HELPTEXT) VALUES ('信用记录1','0080','有拖欠款项记录（所欠款项未结清）','','0080','1','','','','','','','','','','','','SYS_Designer',null,'2015/11/25 10:43:02','SYS_Designer','2015/11/25 10:43:02','','');
INSERT INTO code_library (CODENO,ITEMNO,ITEMNAME,BANKNO,SORTNO,ISINUSE,ITEMDESCRIBE,ITEMATTRIBUTE,RELATIVECODE,ATTRIBUTE1,ATTRIBUTE2,ATTRIBUTE3,ATTRIBUTE4,ATTRIBUTE5,ATTRIBUTE6,ATTRIBUTE7,ATTRIBUTE8,INPUTUSER,INPUTORG,INPUTTIME,UPDATEUSER,UPDATETIME,REMARK,HELPTEXT) VALUES ('信用记录1','0090','按揭贷款连续拖欠6期以上或贷款逾期6个月以上','','0090','1','','','','','','','','','','','','SYS_Designer',null,'2015/11/25 10:43:02','SYS_Designer','2015/11/25 10:43:02','','');
INSERT INTO code_library (CODENO,ITEMNO,ITEMNAME,BANKNO,SORTNO,ISINUSE,ITEMDESCRIBE,ITEMATTRIBUTE,RELATIVECODE,ATTRIBUTE1,ATTRIBUTE2,ATTRIBUTE3,ATTRIBUTE4,ATTRIBUTE5,ATTRIBUTE6,ATTRIBUTE7,ATTRIBUTE8,INPUTUSER,INPUTORG,INPUTTIME,UPDATEUSER,UPDATETIME,REMARK,HELPTEXT) VALUES ('信用记录1','0100','因拖欠款项被银行起诉','','0100','1','','','','','','','','','','','','SYS_Designer',null,'2015/11/25 10:43:02','SYS_Designer','2015/11/25 10:43:02','','');



--SELECT * FROM code_library where codeno='与我行往来情况1';
--jkuang 插入与我行往来情况1的字段
INSERT INTO code_catalog (CODENO,SORTNO,CODETYPEONE,CODETYPETWO,CODENAME,CODEDESCRIBE,CODEATTRIBUTE,INPUTUSER,INPUTORG,INPUTTIME,UPDATEUSER,UPDATETIME,REMARK) VALUES ('与我行往来情况1','00200247','2.信用评级','个人信用等级评估','与我行往来情况1','','','SYS_Designer',null,'2015/11/25 10:43:02','SYS_Designer','2015/11/25 10:43:02','');

INSERT INTO code_library (CODENO,ITEMNO,ITEMNAME,BANKNO,SORTNO,ISINUSE,ITEMDESCRIBE,ITEMATTRIBUTE,RELATIVECODE,ATTRIBUTE1,ATTRIBUTE2,ATTRIBUTE3,ATTRIBUTE4,ATTRIBUTE5,ATTRIBUTE6,ATTRIBUTE7,ATTRIBUTE8,INPUTUSER,INPUTORG,INPUTTIME,UPDATEUSER,UPDATETIME,REMARK,HELPTEXT) VALUES ('与我行往来情况1','0010','结算账户在我行，资金往来在350万元以上，或我行代发工资户或在我行定期存款5万元以上','','0010','1','','','','','','','','','','','','SYS_Designer',null,'2015/11/25 10:43:02','SYS_Designer','2015/11/25 10:43:02','','');
INSERT INTO code_library (CODENO,ITEMNO,ITEMNAME,BANKNO,SORTNO,ISINUSE,ITEMDESCRIBE,ITEMATTRIBUTE,RELATIVECODE,ATTRIBUTE1,ATTRIBUTE2,ATTRIBUTE3,ATTRIBUTE4,ATTRIBUTE5,ATTRIBUTE6,ATTRIBUTE7,ATTRIBUTE8,INPUTUSER,INPUTORG,INPUTTIME,UPDATEUSER,UPDATETIME,REMARK,HELPTEXT) VALUES ('与我行往来情况1','0020','结算账户在我行，资金往来在250－350万元（含）以下，或在我行定期存款4万元以上','','0020','1','','','','','','','','','','','','SYS_Designer',null,'2015/11/25 10:43:02','SYS_Designer','2015/11/25 10:43:02','','');
INSERT INTO code_library (CODENO,ITEMNO,ITEMNAME,BANKNO,SORTNO,ISINUSE,ITEMDESCRIBE,ITEMATTRIBUTE,RELATIVECODE,ATTRIBUTE1,ATTRIBUTE2,ATTRIBUTE3,ATTRIBUTE4,ATTRIBUTE5,ATTRIBUTE6,ATTRIBUTE7,ATTRIBUTE8,INPUTUSER,INPUTORG,INPUTTIME,UPDATEUSER,UPDATETIME,REMARK,HELPTEXT) VALUES ('与我行往来情况1','0030','结算账户在我行，资金往来在150－250万元（含）以下，或在我行定期存款3万元以上','','0030','1','','','','','','','','','','','','SYS_Designer',null,'2015/11/25 10:43:02','SYS_Designer','2015/11/25 10:43:02','','');
INSERT INTO code_library (CODENO,ITEMNO,ITEMNAME,BANKNO,SORTNO,ISINUSE,ITEMDESCRIBE,ITEMATTRIBUTE,RELATIVECODE,ATTRIBUTE1,ATTRIBUTE2,ATTRIBUTE3,ATTRIBUTE4,ATTRIBUTE5,ATTRIBUTE6,ATTRIBUTE7,ATTRIBUTE8,INPUTUSER,INPUTORG,INPUTTIME,UPDATEUSER,UPDATETIME,REMARK,HELPTEXT) VALUES ('与我行往来情况1','0040','结算账户在我行，资金往来在50－150万元（含）以下，或在我行定期存款2万元以上','','0040','1','','','','','','','','','','','','SYS_Designer',null,'2015/11/25 10:43:02','SYS_Designer','2015/11/25 10:43:02','','');
INSERT INTO code_library (CODENO,ITEMNO,ITEMNAME,BANKNO,SORTNO,ISINUSE,ITEMDESCRIBE,ITEMATTRIBUTE,RELATIVECODE,ATTRIBUTE1,ATTRIBUTE2,ATTRIBUTE3,ATTRIBUTE4,ATTRIBUTE5,ATTRIBUTE6,ATTRIBUTE7,ATTRIBUTE8,INPUTUSER,INPUTORG,INPUTTIME,UPDATEUSER,UPDATETIME,REMARK,HELPTEXT) VALUES ('与我行往来情况1','0050','结算账户在我行，资金往来在50万元（含）以下，或在我行定期存款1万元以上','','0050','1','','','','','','','','','','','','SYS_Designer',null,'2015/11/25 10:43:02','SYS_Designer','2015/11/25 10:43:02','','');


--SELECT * FROM code_library where codeno='纳税情况1';
--jkuang 插入纳税情况1的字段
INSERT INTO code_catalog (CODENO,SORTNO,CODETYPEONE,CODETYPETWO,CODENAME,CODEDESCRIBE,CODEATTRIBUTE,INPUTUSER,INPUTORG,INPUTTIME,UPDATEUSER,UPDATETIME,REMARK) VALUES ('纳税情况1','00200247','2.信用评级','个人信用等级评估','纳税情况1','','','SYS_Designer',null,'2015/11/25 10:43:02','SYS_Designer','2015/11/25 10:43:02','');

INSERT INTO code_library (CODENO,ITEMNO,ITEMNAME,BANKNO,SORTNO,ISINUSE,ITEMDESCRIBE,ITEMATTRIBUTE,RELATIVECODE,ATTRIBUTE1,ATTRIBUTE2,ATTRIBUTE3,ATTRIBUTE4,ATTRIBUTE5,ATTRIBUTE6,ATTRIBUTE7,ATTRIBUTE8,INPUTUSER,INPUTORG,INPUTTIME,UPDATEUSER,UPDATETIME,REMARK,HELPTEXT) VALUES ('纳税情况1','0010','未足额纳税及未纳税','','0010','1','','','','','','','','','','','','SYS_Designer',null,'2015/11/25 10:43:02','SYS_Designer','2015/11/25 10:43:02','','');
INSERT INTO code_library (CODENO,ITEMNO,ITEMNAME,BANKNO,SORTNO,ISINUSE,ITEMDESCRIBE,ITEMATTRIBUTE,RELATIVECODE,ATTRIBUTE1,ATTRIBUTE2,ATTRIBUTE3,ATTRIBUTE4,ATTRIBUTE5,ATTRIBUTE6,ATTRIBUTE7,ATTRIBUTE8,INPUTUSER,INPUTORG,INPUTTIME,UPDATEUSER,UPDATETIME,REMARK,HELPTEXT) VALUES ('纳税情况1','0020','足额纳税','','0020','1','','','','','','','','','','','','SYS_Designer',null,'2015/11/25 10:43:02','SYS_Designer','2015/11/25 10:43:02','','');

--jkuang 插入01个人信用等级评分表的字段
--SELECT * FROM evaluate_model where modelno='600';
INSERT INTO evaluate_model (MODELNO,ITEMNO,DISPLAYNO,ITEMNAME,ITEMATTRIBUTE,VALUEMETHOD,VALUECODE,VALUETYPE,EVALUATEMETHOD,COEFFICIENT,REMARK) VALUES ('600','005','1','个 人 基 本 情 况','','','','','',0.000000,'');
INSERT INTO evaluate_model (MODELNO,ITEMNO,DISPLAYNO,ITEMNAME,ITEMATTRIBUTE,VALUEMETHOD,VALUECODE,VALUETYPE,EVALUATEMETHOD,COEFFICIENT,REMARK) VALUES ('600','010','1.1','年龄','','','年龄1','Number','if(#ItemValue=1,1,if(#ItemValue=2,2,if(#ItemValue=3,3,if(#ItemValue=4,4,5))))',1.000000,'');
INSERT INTO evaluate_model (MODELNO,ITEMNO,DISPLAYNO,ITEMNAME,ITEMATTRIBUTE,VALUEMETHOD,VALUECODE,VALUETYPE,EVALUATEMETHOD,COEFFICIENT,REMARK) VALUES ('600','020','1.2','户口','','','户口1','Number','if(#ItemValue=1,3,0)',1.000000,'');
INSERT INTO evaluate_model (MODELNO,ITEMNO,DISPLAYNO,ITEMNAME,ITEMATTRIBUTE,VALUEMETHOD,VALUECODE,VALUETYPE,EVALUATEMETHOD,COEFFICIENT,REMARK) VALUES ('600','030','1.3','在本市居住时间','','','在本市居住时间1','Number','if(#ItemValue=1,0,if(#ItemValue=2,1,if(#ItemValue=3,2,3)))',1.000000,'');
INSERT INTO evaluate_model (MODELNO,ITEMNO,DISPLAYNO,ITEMNAME,ITEMATTRIBUTE,VALUEMETHOD,VALUECODE,VALUETYPE,EVALUATEMETHOD,COEFFICIENT,REMARK) VALUES ('600','040','1.4','学历','','','学历1','Number','if(#ItemValue=1,4,if(#ItemValue=2,3,if(#ItemValue=3,2,1)))',1.000000,'');
INSERT INTO evaluate_model (MODELNO,ITEMNO,DISPLAYNO,ITEMNAME,ITEMATTRIBUTE,VALUEMETHOD,VALUECODE,VALUETYPE,EVALUATEMETHOD,COEFFICIENT,REMARK) VALUES ('600','050','1.5','职称','','','职称1','Number','if(#ItemValue=1,3,if(#ItemValue=2,2,1))',1.000000,'');
INSERT INTO evaluate_model (MODELNO,ITEMNO,DISPLAYNO,ITEMNAME,ITEMATTRIBUTE,VALUEMETHOD,VALUECODE,VALUETYPE,EVALUATEMETHOD,COEFFICIENT,REMARK) VALUES ('600','060','1.6','婚姻状况','','','婚姻状况1','Number','if(#ItemValue=1,3,if(#ItemValue=2,2,1))',1.000000,'');
INSERT INTO evaluate_model (MODELNO,ITEMNO,DISPLAYNO,ITEMNAME,ITEMATTRIBUTE,VALUEMETHOD,VALUECODE,VALUETYPE,EVALUATEMETHOD,COEFFICIENT,REMARK) VALUES ('600','070','1.7','居住状况','','','居住状况1','Number','if(#ItemValue=1,3,if(#ItemValue=3,2,if(#ItemValue=3,1,-3)))',1.000000,'');
INSERT INTO evaluate_model (MODELNO,ITEMNO,DISPLAYNO,ITEMNAME,ITEMATTRIBUTE,VALUEMETHOD,VALUECODE,VALUETYPE,EVALUATEMETHOD,COEFFICIENT,REMARK) VALUES ('600','075','2','个人就业情况','','','','','',0.000000,'');
INSERT INTO evaluate_model (MODELNO,ITEMNO,DISPLAYNO,ITEMNAME,ITEMATTRIBUTE,VALUEMETHOD,VALUECODE,VALUETYPE,EVALUATEMETHOD,COEFFICIENT,REMARK) VALUES ('600','080','2.1','行业或企业类别','','','行业或企业类别1','Number','if(#ItemValue=1,9,if(#ItemValue=2,8,if(#ItemValue=3,7,if(#ItemValue=4,6,if(#ItemValue=5,5,if(#ItemValue=6,4,if(#ItemValue=7,3,if(#ItemValue=3,2,1))))))))',1.000000,'');
INSERT INTO evaluate_model (MODELNO,ITEMNO,DISPLAYNO,ITEMNAME,ITEMATTRIBUTE,VALUEMETHOD,VALUECODE,VALUETYPE,EVALUATEMETHOD,COEFFICIENT,REMARK) VALUES ('600','090','2.2','从事岗位','','','从事岗位1','Number','if(#ItemValue=1,7,if(#ItemValue=2,6,5))',1.000000,'');
INSERT INTO evaluate_model (MODELNO,ITEMNO,DISPLAYNO,ITEMNAME,ITEMATTRIBUTE,VALUEMETHOD,VALUECODE,VALUETYPE,EVALUATEMETHOD,COEFFICIENT,REMARK) VALUES ('600','100','2.3','从事目前行业年限或目前单位工作年限','','','从事年限1','Number','if(#ItemValue=1,1,if(#ItemValue=2,2,if(#ItemValue=3,3,if(#ItemValue=4,4,if(#ItemValue=5,5,6)))))',1.000000,'');
INSERT INTO evaluate_model (MODELNO,ITEMNO,DISPLAYNO,ITEMNAME,ITEMATTRIBUTE,VALUEMETHOD,VALUECODE,VALUETYPE,EVALUATEMETHOD,COEFFICIENT,REMARK) VALUES ('600','105','3','个人资产情况','','','','','',0.000000,'');
INSERT INTO evaluate_model (MODELNO,ITEMNO,DISPLAYNO,ITEMNAME,ITEMATTRIBUTE,VALUEMETHOD,VALUECODE,VALUETYPE,EVALUATEMETHOD,COEFFICIENT,REMARK) VALUES ('600','110','3.1','个人平均月收入','','','个人平均月收入1','Number','if(#ItemValue=1,12,if(#ItemValue=2,10,if(#ItemValue=3,8,if(#ItemValue=4,6,if(#ItemValue=5,4,if(#ItemValue=6,2,0))))))',1.000000,'');
INSERT INTO evaluate_model (MODELNO,ITEMNO,DISPLAYNO,ITEMNAME,ITEMATTRIBUTE,VALUEMETHOD,VALUECODE,VALUETYPE,EVALUATEMETHOD,COEFFICIENT,REMARK) VALUES ('600','120','3.2','家庭资产负债比率','','','家庭资产负债比率1','Number','if(#ItemValue=1,6,if(#ItemValue=2,3,0))',1.000000,'');
INSERT INTO evaluate_model (MODELNO,ITEMNO,DISPLAYNO,ITEMNAME,ITEMATTRIBUTE,VALUEMETHOD,VALUECODE,VALUETYPE,EVALUATEMETHOD,COEFFICIENT,REMARK) VALUES ('600','130','3.3','家庭资产总额','','','家庭资产总额1','Number','if(#ItemValue=1,16,if(#ItemValue=2,14,if(#ItemValue=3,12,if(#ItemValue=4,10,if(#ItemValue=5,8,if(#ItemValue=6,6,if(#ItemValue=7,4,if(#ItemValue=8,2,0))))))))',1.000000,'');
INSERT INTO evaluate_model (MODELNO,ITEMNO,DISPLAYNO,ITEMNAME,ITEMATTRIBUTE,VALUEMETHOD,VALUECODE,VALUETYPE,EVALUATEMETHOD,COEFFICIENT,REMARK) VALUES ('600','135','4','个人信用情况','','','','','',0.000000,'');
INSERT INTO evaluate_model (MODELNO,ITEMNO,DISPLAYNO,ITEMNAME,ITEMATTRIBUTE,VALUEMETHOD,VALUECODE,VALUETYPE,EVALUATEMETHOD,COEFFICIENT,REMARK) VALUES ('600','140','4.1','信用记录','','','信用记录1','Number','if(#ItemValue=1,10,if(#ItemValue=2,9,if(#ItemValue=3,8,if(#ItemValue=4,6,if(#ItemValue=5,5,if(#ItemValue=6,4,if(#ItemValue=7,0,if(#ItemValue=8,-6,if(#ItemValue=9,-8,-10)))))))))',1.000000,'');
INSERT INTO evaluate_model (MODELNO,ITEMNO,DISPLAYNO,ITEMNAME,ITEMATTRIBUTE,VALUEMETHOD,VALUECODE,VALUETYPE,EVALUATEMETHOD,COEFFICIENT,REMARK) VALUES ('600','150','4.2','与我行往来情况','','','与我行往来情况1','Number','if(#ItemValue=1,5,if(#ItemValue=2,4,if(#ItemValue=3,3,if(#ItemValue=4,2,1))))',1.000000,'');
INSERT INTO evaluate_model (MODELNO,ITEMNO,DISPLAYNO,ITEMNAME,ITEMATTRIBUTE,VALUEMETHOD,VALUECODE,VALUETYPE,EVALUATEMETHOD,COEFFICIENT,REMARK) VALUES ('600','155','5','社会公共信息记录','','','','','',0.000000,'');
INSERT INTO evaluate_model (MODELNO,ITEMNO,DISPLAYNO,ITEMNAME,ITEMATTRIBUTE,VALUEMETHOD,VALUECODE,VALUETYPE,EVALUATEMETHOD,COEFFICIENT,REMARK) VALUES ('600','160','5.1','纳税情况','','','纳税情况1','Number','if(#ItemValue=1,0,1)',1.000000,'');
INSERT INTO evaluate_model (MODELNO,ITEMNO,DISPLAYNO,ITEMNAME,ITEMATTRIBUTE,VALUEMETHOD,VALUECODE,VALUETYPE,EVALUATEMETHOD,COEFFICIENT,REMARK) VALUES ('600','170','5.2','投保情况','','','投保情况1','Number','if(#ItemValue=1,0,if(#ItemValue=2,1,if(#ItemValue=3,0,1)))',1.000000,'');
INSERT INTO evaluate_model (MODELNO,ITEMNO,DISPLAYNO,ITEMNAME,ITEMATTRIBUTE,VALUEMETHOD,VALUECODE,VALUETYPE,EVALUATEMETHOD,COEFFICIENT,REMARK) VALUES ('600','180','5.3','有无与个人信用有关的民事纠纷记录','','','有无','Number','if(#ItemValue=1,0,1)',1.000000,'');
INSERT INTO evaluate_model (MODELNO,ITEMNO,DISPLAYNO,ITEMNAME,ITEMATTRIBUTE,VALUEMETHOD,VALUECODE,VALUETYPE,EVALUATEMETHOD,COEFFICIENT,REMARK) VALUES ('600','190','5.4','有无与个人信用有关的行政处罚记录','','','有无','Number','if(#ItemValue=1,0,1)',1.000000,'');


